english,tamil
Ranaviru Sewa Authority,ரணவிரு சேவை அதிகார சபை
Annual Report 2011,வருடாந்த அறிக்கை 2011
"No.301, 4th Floor,","இல. 301, 4ஆம் மாடி,"
T.B.Jayah Mawatha,டி.பி. ஜாயா மாவத்தை
Colombo 10,கொழும்பு 10
Contents,உள்ளடக்கம்
01. Nation’s gratitude to the name 'Ranaviru',01. இராணுவ வீரன் எனும் பெயருக்கு தேசத்தின் நன்றி
02. Preamble,02. முன்னுரை
03. Our Functions,03. எமது பணிகள்
04. Targeted Beneficiaries,04. இலக்காக கொள்ளப்பட்ட பயனாளிகள்
05. Objectives,05. நோக்கங்கள்
06. Approach for the year 2011- Project Budget,06. 2011 ஆம் வருடத்திற்கான அணுகுமுறை - நிகழ்ச்சித்திட்டத்திற்கான வரவு செலவு
07. Staff of the Ranaviru Sewa Authority/,07. ரணவிரு சேவை அதிகார சபையின் பணிக்குழு /
Post of Project Manager and Administrative Officer/,திட்ட முகாமையாளர் மற்றும் நிர்வாக உத்தியோகத்தர் பதவி /
Head Quarters of the Authority,அதிகார சபையின் தலைமைக் காரியாலயம்
08. Receipt of Financial Assistance,08. நிதி உதவி பெறுதல்
09. Special projects implemented in 2011,09. 2011ஆம் வருடத்தில் செயற்படுத்தப்பட்ட விசேட  நிகழ்ச்சித்திட்டங்கள்
10. Methodologies to achieve targets and objectives,10. இலக்கையும் நோக்கத்தினையும் அடைவதற்கான வழிவகைகள்
11. Data and information Division,11. தரவு மற்றும் தகவல் பிரிவு
12. Physical and Mental empowerment division,12. உடல் மற்றும் உளவியல் வலுவூட்டல் பிரிவு
i. Psychosocial project,i. உளவியல் நிகழ்ச்சித்திட்டம்
ii. Disabled war heroes’ welfare project,ii. ஊனமுற்ற இராணுவத்தினரின் நலன்புரித்திட்டங்கள்
13. Education skills and Economic Development Division,13. கல்வித்திறன் மற்றும் பொருளாதார அபிவிருத்திப் பிரிவு
i. Skills and Development Division,i. திறன்கள் மற்றும் அபிவிருத்திப் பிரிவு
ii. Housing Loans,ii. வீட்டுக் கடன்கள்
iii. Education Scholarship Project,iii. கல்விப் புலமைப்பரிசில் திட்டம்
iv. Foster Parent Programme,iv. வளர்ப்புப் பெற்றோர் நிகழ்ச்சித்திட்டம்
v. Mapiya Surekuma Programme,v. பெற்றோர் பாதுகாப்பு நிகழ்ச்சித்திட்டம்
vi. Housing Assistance Project,vi. வீட்டு உதவித் திட்டம்
14. War hero Honor and Dignity Division,14. போர் வீரர்களுக்கான கௌரவம் மற்றும் அபிமான பிரிவு
i. Ranaviru Remembrance Project,i. ரணவிரு ஞாபகார்த்த திட்டம்
ii. Land project,ii. காணித் திட்டம்
15. Social and Cultural Division,15. சமூக மற்றும் கலாசாரப் பிரிவு
i. Community  Project,i. சனசமுக செயற்றிட்டம்
ii. Ranaviru Villages Project,ii. ரணவிரு கிராமியத் திட்டம்
iii. Cultural Division,iii. கலாசார பிரிவு
16. Conclusion,16. முடிவு
17. Auditor General’s Report,17. கணக்காய்வாளர் நாயக அறிக்கை
18. Financial Statement,18. நிதி அறிக்கை
Vision of the Ranaviru Sewa Authority,ரணவிரு சேவை அதிகார சபையின் தூரநோக்கு
"Paying the country’s respect and gratitude embodying the name ""Ranaviru”","""ரணவிரு"" எனும் பெயருக்கு நாட்டின் மரியாதை மற்றும் நன்றியைத் தெரிவித்தல்"
Our Mission Statement,எங்கள் பணிக்கூற்று
"Planning and operation of welfare services for the settlement of psycho-social and social issues faced by the family members of those missing, killed of disabled in action in the Armed Services and Police in defending the country and the people and creating a mental awakening of those heroes presently in service.","இலங்கையின் ஒற்றுமையை பாதுகாக்கும் முகமாக ஆயுதப் படையினரில் உயிர்த்தியாகம் செய்த, காணமற்போன, அங்கவீனமுற்ற இராணுவத்தினரதும், அவர்களது குடும்ப உறுப்பினர்களதும், உளவியல் மற்றும் சமுகவியல் ஸ்தீர தன்மையை ஏற்படுத்தவும், சேவையிலுள்ள இராணுவத்தினருக்கும் அக்குடும்பத்தினருக்கும் மனச் சந்தோஷத்தினை ஏற்படுத்தும் வண்ணம் செயற்படல்."
Preamble,முன்னுரை
The Ranaviru Sewa Authority was established by the Parliamentary act of no 54 1999.,ரணவிரு சேவை அதிகார சபையானது 1999 ஆம் ஆண்டு 54ம் இலக்க பாராளுமன்ற சட்டத்தினூடாக ஸ்தாபிக்கப்பட்டது.
Since its inception to date in the 12 years of existence the Authority has marched forward overcoming various obstacles and difficulties during this limited period of time but gained huge experiences that are incomparable.,அதிகாரசபை ஆரம்பிக்கப்பட்ட நாளிலிருந்து 12 வருடங்களான குறிப்பிட்ட காலப்பகுதியினுள் பல்வேறுபட்ட கஷ்டங்களையும் தாண்டி முன்நோக்கி வந்துள்ளதுடன் அதன்மூலம் பெற்றுள்ள அனுபவங்கள் அளப்பரியன.
There are a lot of unique reasons for the emergence of the Ranaviru Sewa Authority when one looks into its functions.,ரணவிரு சேவா அதிகார சபைக்கு வழங்கப்பட்டுள்ள பொறுப்புக்களை நோக்குமிடத்து அது விஷேடமாக தெரிவதற்கு தெளிவான காரணிகள் பல உள்ளன.
"The functions of the Ranaviru Sewa Authority are really supreme in the context of provision of a strong helping hand for the continuation of the future lives of children, wives and parents of  the gallant war heroes who sacrificed their lives or those  missing or lost their limbs in the fight of liberating our motherland from the cruel terrorism that was under the influence of specially both local and overseas conspirators  and  with a view to protect the liberty of the people and the country, their dignity, sovereignty and the territorial integrity.","குறிப்பாக உள்நாட்டு வெளிநாட்டு சூழ்ச்சிக்காரர்களின் பிடியில் சிக்கியிருந்த கொடூர பயங்கரவாதத்திலிருந்து நமது என்றும் அன்பு செலுத்தும் தாய்நாட்டினைப் பாதுகாத்து நாட்டினதும், மக்களினதும், சுதந்திரம், கௌரவம் மற்றும் இறைமை, பிராந்திய சுயாட்சியைப் பாதுகாத்தல் போன்ற பாரிய எதிப்பார்ப்புக்களுடனும், துணிச்சலுடனும் உயிர் நீத்த காணாமற் போன தமது உடல் உறுப்புக்களை அர்ப்பணித்த நாட்டின் வீர இராணுவத்தினரின் மக்களுக்கு மனைவிமாருக்கு, பெற்றோருக்கு, எதிர்கால சுபீட்சமான வாழ்வுக்கு உறுதியுடன் கைகொடுத்து உதவி வருகின்ற இராணுவ அதிகார சபையின் பணி உண்மையிலேயே மகத்துவமானதாகும்."
"During the year 2011, the Ranaviru Sewa Authority implemented a number of projects and programmes to discharge this supreme functions and I state with gratitude to all those who supported in this endeavor that it reflects the collective efforts of all of us rendered for the provision of the significant service for the Rananiru community amidst various difficulties.","2011ம் வருடத்துள் இந்த உன்னத கடமையை நிறைவேற்றுவதற்காக ரணவிரு சேவை அதிகார சபையினால் பல வகையான நிகழ்ச்சித் திட்டங்களும், வேலைத்திட்டங்களும் செயற்படுத்தப்பட்டதுடன் பல இடையூறுகளுக்கு மத்தியிலும் ரணவிரு மக்களுக்கு போதியளவு சேவையை வழங்க முடிந்தது சகலரதும் துணிச்சலைக் காட்டுகின்றது என்பதை தெரிவிப்பதுடன் அதற்கு துணைபுரிந்த சகலருக்கும் கௌரவத்தைத் தெரிவித்துக் கொள்கிறேன்."
Focus was made during this year on organizing programmes of the Ranaviru Sewa Authority that did  not hider to  the corporate plan and the working programme of the Authority.,ரணவிரு சேவை அதிகார சபையினால் நடைமுறைப்படுத்தப்படும் அதன் கூட்டுத்திட்டம் மற்றும் செயற்படுத்தப்படும் வேலைத்திட்டத்திற்கு எதிர்ப்பின்றி ஏற்பாடு செய்வதில் இந்த வருடத்தினுள் வி​சேட கவனம் செலுத்தப்பட்டது.
I am confident that all the experiences we had during this period would be very useful to achieve a more systematic and constructive progress in the coming year.,இந்த காலப்பகுதியில் நாம் பெற்ற அனுபவம் அனைத்தையும் எதிர்வரும் வருடத்தில் மிகவும் சரியாகவும் உச்ச பயனைப் பெற்று முன்னேற்றுவதற்கு மிகவும் பிரயோசனப்படுமென நம்புகின்றோம்.
"To reach the expected heist in performances of an institution will depend on the parallel functioning of namely three areas of functions of the institution, the team and its personnel who make arrangements to make the functions a reality.","ஒரு நிறுவனத்தின் செயற்பாட்டு மதிப்பீடானது எதிர்ப்பார்க்கும் உச்ச மட்டத்தில் நடைபெறுவதற்கு அந் நிறுவனத்தின் செயற்பாடும்,  பணிபுரிகின்ற குழுவும் அக் குழுவிற்குரியவர்களுமாகிய மூன்று பிரிவுகளும் ஒன்றாகச் செயற்பட வேண்டும்."
"To elaborate, due to the non-identification of the role and inability to make it a success through collective efforts causes divisions in the group.",விரிவாகக் குறிப்பிடின் அவரவர்களுக்கு வழங்கப்பட்டுள்ள கடமைகளின்  செயற்பாட்டினை சரியான முறையில் அறிந்து கொள்ள முடியாமை மற்றும் கூட்டு முயற்சியின் மூலம்  அது பொதுவான முயற்சியினூடாக செய்ய முடியாததால் குழுவினுள் பேதங்களை உருவாக்க அது பெரிதும் சாதகமாகும்.
"Development of such divisions in an institution may result in a negative impact on the whole functioning of the institution, following a breakdown of the trend of satisfying individual members of the group.",இவ்வாறான பேதம் ஏதாவது நிறுவனத்தினுள் அதிகரிக்கும் காரணத்தினால் குழுவில் ஒவ்வொரு உறுப்பினரும் திருப்திப்படும் நிலமையை அறிந்து பொதுவான செயற்பாட்டிற்கு அது பாதகமான விளைவை ஏற்படுத்த முடியும்.
"We in the Ranaviru Sewa Authority, have understood this situation clearly and have made arrangements to discharge  the functions of the Authority systematically, this will result in the morale of the individual vying to high a level while mobilizing the collective efforts of the staff as a specific objective to achieve next year.",இந்த நிலைமை எங்களால் சரியாக விளங்கியதன் பேரில் ரணவிரு சேவை அதிகார சபையின் செயற்பாடுகளை சரியான முறையில் நிறைவேற்றவும் அதனூடாக பணிக்குழு பொதுவான முயற்சிகளை ஒன்று சேர்த்து நபர்களின் மன நிலையை உயர் மட்டத்தில் பேணுவதற்கும் எதிர்வரும் வருடத்தினுள் வெற்றி பெற எதிர்ப்பார்க்கும் விசேட நோக்கமெனக் குறிப்பிடுகின்றேன்.
The most important step that has been initiated in this regard is the reorganization of the Ranaviru Sewa Authority staff to make that structure more constructive and suit the modern requirements.,இது சம்பந்தமாக ஆரம்பிக்கப்படும் முக்கிய நடவடிக்கையாவது ரணவிரு சேவை அதிகார சபையின் பணிக்குழுவின் அமைப்பினை மிகவும் பயனுடையதாக்கும் நவீன தேவைகளுக்கேற்ப மறுசீரமைப்பதற்குத் தேவையான நடவடிக்கைகளை எடுப்பதாகும்.
Steps are being taken to implement it next year.,அடுத்த ஆண்டிற்குள் இதை நடைமுறைப்படுத்த நடவடிக்கை மேற்கொள்ளப்படுகிறது.
"Chairperson,","தலைவர்,"
Our Functions,எமது செயற்பாடுகள்
(According to Ranaviru Sewa Authority Act no.54 of 1999),(1999  ஆம் ஆண்டின் 54ஆம் இலக்க ரணவிரு சேவை அதிகார சபை சட்டத்திற்கு அமைவாக)
(a) To provide for the after care and rehabilitation of members of the Armed Forces and the Police Force who have become disabled in action,(அ) யுத்தகாலத்தில் அங்கவீனமுற்ற ஆயுதப் படையினர் மற்றும் பொலிஸ் உத்தியோகத்தர்களுக்கு பின்னைய பராமரிப்பு மற்றும் அவர்களது புனர்வாழ்வு தொடர்பான ஏற்பாடுகளை வழங்கல்
(b) To provide houses and to assist in building those,(ஆ) வீடு ஒதுக்கீட்டில் உதவுவதற்கும் மற்றும் வீடு வழங்குவதற்கும்
(i)- Members of the Armed Forces and the Police Force who were disabled in action and,(i)- யுத்த காலத்தில் அங்கவீனமுற்ற ஒன்றிணைந்த இராணுவத்தினருக்கும் மற்றும் பொலிஸ்படையின் உறுப்பினர்களுக்கும் மற்றும்
(ii)- The dependents of the members of the Armed Forces and the Police Force who have been killed or are missing in action,(ii)- யுத்தத்தின் போது மரணமடைந்த அல்லது காணாமற் போன ஒன்றிணைந்த இராணுவத்தினரினதும் மற்றும் பொலிஸ் படையின் உறுப்பினர்களில் தங்கி வாழ்வோருக்கு
(c) To provide or assist in the provision of medical care to,(இ) வைத்திய சேவை வழங்குவதற்கு அல்லது உதவுவதற்கு
(i)- Members of the Armed Forces and Police Force who have become disabled in action and,(i)- யுத்த காலத்தில் அங்கவீனமுற்ற ஒன்றிணைந்த இராணுவத்தினருக்கும் மற்றும் பொலிஸ்படையின் உறுப்பினர்களுக்கும் மற்றும்
(ii)- The dependants of the members of the Armed Forces and Police Force who have been killed or are missing in action,(ii)- யுத்தத்தின் போது மரணமடைந்த அல்லது காணாமற் போன ஆயுதப் படையினரதும் மற்றும் பொலிஸ் படையின் உறுப்பினர்களில் தங்கி வாழ்வோருக்கு
(d) To enable,(ஈ) செயற்படுத்துவதற்கு
(i)- Members of the Armed Forces and Police Force who have become disabled inaction and,(i)- யுத்த காலத்தில் அங்கவீனமுற்ற ஆயுதப் படையினருக்கும் மற்றும் பொலிஸ் படையின் உறுப்பினர்களுக்கும் மற்றும்
(ii)- The dependants of the members of the Armed Forces and Police Force who have been killed or are missing in action to have access to education and higher education by the provision of scholarships and other forms of assistance.,(ii)- யுத்தத்தின் போது மரணமடைந்த அல்லது காணாமற் போன ஆயளுதப் படையினரதும் மற்றும் பொலிஸ் படையின் உறுப்பினர்களில் தங்கி வாழ்வோருக்கு புலமைபரிசில் மற்றும் ஏனைய வழியிலான உதவிகளின் மூலம் கல்வி மற்றும் உயர் கல்விக்கான வாய்ப்பைப் பெறுதல்.
(e) To assist,(உ) உதவுதல்
(i)- Members of the Armed Forces and Police Force who have become disabled in action and,(i)- யுத்த காலத்தில் அங்கவீனமுற்ற ஆயுதப் படையினருக்கும் மற்றும் பொலிஸ்படையின் உறுப்பினர்களுக்கும் மற்றும்
(ii)- The dependants of the members of the Armed Forces and Police Force who have been killed or are missing in action to secure gainful employment,(ii)- யுத்தத்தின் போது மரணமடைந்த அல்லது காணாமற் போன ஆயுதப் படையினரதும் மற்றும் பொலிஸ் படையின் உறுப்பினர்களில் தங்கி வாழ்வோருக்கு பாதுகாப்பான லாபகரமான தொழி​லைப் பெற்றுக்கொடுக்க
"(f) To set up industrial, agricultural or commercial ventures with a view to providing employment to the","((ஊ)	பாதுகாப்பான லாபகரமான தொழி​ல்த்துறை, விவசாய அல்லது வரத்தக முயற்சிகளை பெற்றுக்கொடுக்க"
(ii)- The dependants of the members of the Armed Forces and Police Force who have been killed or are missed in action,(ii)- யுத்தத்தின் போது மரணமடைந்த அல்லது காணாமற் போன ஆயுதப் படையினரதும் மற்றும் பொலிஸ் படையின் உறுப்பினர்களில் தங்கி வாழ்வோருக்கு
(g) To take action and implement all necessary action for the achievements in  the functions of the Authority,(எ)	அதிகார சபையின் வேலைகளை நிறைவேற்ற தேவையான அல்லது விருப்பமான சகல செயல்களையும் நடைமுறைப்படுத்தல்
Targeted beneficiaries,இலக்காக கொள்ளப்பட்ட பயனாளிகள்
The mission of the Ranaviru Sewa Authority is to look after the welfare of a targeted group of beneficiaries identified under the specific category.,ரணவிரு சேவை அதிகார சபையின் செயற்பணியானது குறிப்பிட்ட வகைப்படுத்தலின் கீழ் தெரிந்தெடுக்கப்பட்ட பயன்பெறுவோர் குழுவின் நலன்புரியை வளர்ப்பதாகும்.
"Those beneficiaries are,","அவ்வாறு பயன்பெறுவோர்,"
- Dependents of war heroes who have made the supreme sacrifice or missing in action in safe guarding the country and the nation numbering over 29934.,"- நாட்டிற்காக உயிர் நீத்த மற்றும் காணாமற்போன 29,934ற்கு மேற்பட்ட இராணுவத்தினரில் தங்கி வாழ்வோர்."
- War heroes who were disabled in action in safe guarding the  motherland War heroes who lost their lives/missing and became disabled up to the year 2011 provincial wise,- தாய்நாட்டின் பாதுகாப்பிற்கான  யுத்தத்தின் போது அங்கவீனமுற்ற இராணுவத்தினர் மாகாண அடிப்படையில் 2011ஆம் ஆண்டின் போது உயிர்நீத்த / காணமற்போன மற்றும் அங்கவீனமுற்ற இராணுவ வீரர்களின் எண்ணிக்கை மாகாண மட்டத்தில்
Province,மாகாணம்
War heroes who lost their lives (including those missing),உயிர்நீத்த இராணுவத்தினர் (காணாமற்போனவர் அடங்கலாக)
Disabled and retired war heroes,அங்கவீனமுற்ற மற்றும் ஓய்வுபெற்ற இராணுவத்தினர்
Total number of war heroes,மொத்த இராணுவத்தினரின் எண்ணிக்கை
Southern Province,தென் மாகாணம்
Western Province,மேல் மாகாணம்
Central Province,மத்திய மாகாணம்
Sabaragamuwa Province,சபரகமுவ மாகாணம்
Uva Province,ஊவா மாகாணம்
North West Province,வடமேல் மாகாணம்
North Central Province,வடமத்திய மாகாணம்
North and East Province,வடக்கு மற்றும் கிழக்கு மாகாணங்கள்
Total,மொத்தம்
Number of families of war heroes who lost their lives/missing up to the year 2011 provincial wise,மாகாண மட்டத்தில் 2011ஆம் ஆண்டில் உயிர்நீத்த / காணமற்போன இராணுவத்தினரின் குடும்பங்களின் எண்ணிக்கை
Married,திருமணமானோர்
Unmarried,திருமணமாகதோர்
Objectives,நோக்கம்
1. To establish an effective communication through mobilizing individual Ranaviru families scattered all over the island in a manner bringing honor and dignity to the Ranaviru name,1. ரணவிரு எனும் பெயருக்கு கௌரவமும் பெருமையும் ஏற்படும் வகையில் நாடெங்கும் பரந்து வாழும் இராணுவக் குடும்பங்கள் ஒன்று சேர்ந்து சிறந்த தொடர்பாடலை ஏற்படுத்தல்.
2. To create a team of Ranaviru family members with self- confidence and make them content,2. தன்னம்பிக்கை மிக்க திருப்தியான ரணவிரு குடும்ப உறுப்பினர்களாக தோற்றுவித்தல்.
3. To ensure the ownership of a permanent house to each Ranaviru family,3. சகல ரணவிரு குடும்பத்திற்கும் நிரந்தர வீடு உரிமையாக்குதல்.
4. Provision of blocks of land for the land less Ranaviru families for the construction of houses,4. காணியற்ற ரணவிரு குடும்பத்துக்காக வீடு அமைக்க பொருத்தமான காணி பெற்றுக்கொடுத்தல்.
5. Provision of financial assistance to the war heroes and their immediate families to meet urgent needs,5. இராணுவத்தினரைப் போன்றே அவர்களின் மிக நெருங்கிய உறவினர்கள் திடீர் சந்தர்ப்பங்களில் அத்தேவைகளை நிறைவேற்றுவதற்காக நிதி வசதியளித்தல்
6. To uplift family members of war heroes with self- confidence,6. இராணுவ குடும்ப உறுப்பினர்களுக்கு தன்னம்பிக்கையுடன் எழுந்து நிற்க சந்தர்ப்பம் ஏற்படுத்தல்
7. To engage the disabled war heroes to work with self- confidence,7. அங்கவீனமுற்ற இராணுவத்தினர் தன்னம்பிக்கையுடன் சேவை செய்யக்கூடியவர்களாக மாற்றுதல்
8. To set up model villages highlighting the Ranaviru name,8. ரணவிரு பெயரில் சிறந்த மாதிரிக் கிராமம் உருவாக்குதல்.
9. To conduct National Ranaviru remembrance ceremonies reflecting our undying gratitude for the utmost services rendered by the war heroes and to add the names of war heroes of our era  to the history of our country,9. ரணவிரு வீரர்களின் உயர்வான பணிக்கு மக்கள் பக்தி பூர்வமான நன்றிக்கடனைத் தெரிவிக்கும் முகமாக தேசிய ரணவிரு ஞாபகார்த்த விழா நடத்துதல்
"10.To make war heroes who have protected the freedom independence and territorial integrity of the motherland at the cost of their lives or limbs or missing, immortal in the chronicle of Sri Lanka","10. உயிரைத் தியாகம் செய்த, காணமற்போன, தமது உறுப்புகளை தியாகஞ்செய்து தாய் நாட்டின் இறைமையையும் சுதந்திரம் மற்றும் பிராந்தியத்தினைப் பாதுகாத்துத் தந்த இராணுவத்தினரை இலங்கை வம்ச சரித்திரத்தில் சிரஞ்சீவிகளாக மாற்றுதல்"
Approach for the year 2011,2011 வருடத்துக்கான விண்ணப்பங்கள்
The Ranaviru Sewa Authority since its establishment in 2000 for the welfare of the family members of war heroes who had made the supreme sacrifice for the protection of the independence of the country and those missing in operations and those who were made to retire on medical grounds following losing the limbs in operations and their family members has been planning and implementing programmes annually on ten priority areas during the past 11 years till 2010 and in 2011 commenced the implementation of progarmmes and projects under five areas.,"2000ம் வருடத்தில் ஆரம்பித்து இதுவரை 11 வருடம் நிறைவு பெற்றுள்ள நாட்டின் சுதந்திரத்தினை நோக்கி உயிர் நீத்த காணாமற்போன இராணுவ வீரர்களின் குடும்ப உறுப்பினர்களதும் மற்றும் யுத்தத்தின் போது தம் உறுப்புக்களை அர்ப்பணித்து, வைத்திய காரணத்திற்காக ஓய்வு பெற்ற இராணுவத்தினர் மற்றும் அவர்களின் குடும்பத்தினரது உறுப்பினர்களின் நலன்களை கவனிப்பதற்காக 2000ம் வருடம் ஆரம்பிக்கப்பட்ட றணவிரு சேவை அதிகாரசபை 10 வருடங்களாக தம் நிகழ்ச்சித்திட்டத்தை வருடாந்தம் திட்டமிட்டு நடைமுறைப்படுத்திக் கொகொண்டு வருவதோடு 2011 வருடத்தில் 5 பிரிவுகளின் கீழ் நிகழ்ச்சித் திட்டங்கள் நடைமுறைப்படுத்த ஆரம்பித்துள்ளது."
This is in addition the welfare services that have been implemented for the benefit of the  present war heroes in the services.,இதற்கு மேலதிகமாக தற்போது சேவையிலுள்ள இராணுவத்தினருக்கு நன்மை தரும் முகமாக அவர்களுக்காகவும் நலன்புரி சேவைகளும் உருவாக்கப்பட்டுள்ளன.
Project budget,செயற்றிட்ட வரவு செலவுத் திட்டம்
Money was spent on welfare services in the year 2011 with the approval of the Management Board according to the budget containing provisions for 05 areas of the authority and the media.,2011 வருடத்திற்காக அதிகார சபையின் 5 பிரிவின் கீழும் ஊடகப்பிரிவிற்கு அவசியமான ஒதுக்கீடு உள்ளடங்கிய வரவு செலவு மதிப்பீடு முகாமைத்துவ சபைக்கு சமர்ப்பித்து அந்த அனுமதியால் நலன்புரிச் சேவைக்காக செலவு செய்யப்பட்டது.
The progress of the projects has been given under each head of project.,செயற்திட்ட முன்னேற்றம் அந்தந்த செயற்றிட்ட தலைப்பின் கீழ்ச் சமர்பிக்கப்பட்டுள்ளன.
Board of management,முகாமைத்துவ சபை
The Management Board comprised of the following members since the beginning of the year 2011.,2011 வருட ஆரம்பத்திலிருந்து முகாமைத்துவ சபையானது கீழ்க்காணும் உறுப்பினர்களைக் கொண்டதாக இருந்தது.
Staff of the Ranaviru Sewa Authority,ரணவிரு சேவை அதிகார சபையின் பணிக்குழு
"The Staff of the Ranaviru Sewa Authority comprises of permanent, contract and employees who are seconded for service.",நிரந்தர ஒப்பந்த சேவை மற்றும் சேர்த்தலின் மூலம் ரணவிரு சேவை அதிகார சபை பணிக்குழு அடங்கியுள்ளது.
The number of staff members has not been increased though the number of programmes has gone up significantly in 2010 compared to those of its beginning.,ஆரம்பத்தில் அதிகார சபையின் மூலம் தம் சேவை உறுப்பினர்களுக்காக நடைமுறைப்படுத்தப்பட்ட செயற்திட்டங்களின் எண்ணிக்கையை விட அதிகமான அளவு 2010 வருடமளவில் நடைமுறைப்படுத்தப்பட்ட பணிக்குழுவில் அதிகரிப்பு ஏற்படவில்லை.
We have made representations to the treasury on the instructions of the Management Board of the Ranaviru Sewa Authority on this status and the necessity and a workshop was also held with a view to planning our next course of action.,இவ்விடயம் சம்பந்தமாகவும் அதன் தேவைப்பாடு சம்பந்தமாகவும் 2011ம் வருடத்தில் ரணவிரு சேவை அதிகாரசபையின் முகாமைத்துவ சபையின் ஆலோசனையின்படி திறைசேரியிடம் விண்ணப்பித்து தேவையான எதிர்கால நடவடிக்கைக்காக செயலமர்வு நடாத்தப்பட்டது.
In 2011 plans were prepared in this regard.,அதன்படி 2011 வருடத்தில் அது சம்பந்தமாக நடவடிக்கை திட்டமிடப்பட்டது.
During the last two years 14 trainees who were referred to us by the National Apprentice and Industrial Training Authority (NAITA) and were under going training at this authority were recruited on contract basis and in 2011 out of them 10 were employed another 04 NAITA trainees were also recruited in this year.,கடந்த இரு வருடங்களுக்குள் தேசிய பயிலுனர் மற்றும் தொழில்நுட்ப பயிற்சியளிக்கும் அதிகாரசபையினூடாக பயிற்சிக்கு உள்ளீர்க்கப்பட்டவர்களும் ஒப்பந்த அடிப்படையில் 14 பேர் சேர்க்கப்பட்டும் 2011 வருடத்தினுள் அதில் 10 பேர் சேவையில் ஈடுபட்டதோடு தேசிய பயிலுனர் மற்றும் பயிற்சியளிக்கும் அதிகார சபையின் பயிற்சியாளர் 4 பேரும் இவ்வருடத்தில் சேர்த்துக்கொள்ளப்பட்டதோடு அதிகாரசபையின் செயற்பாடுகளைச் சிறப்பாக நடாத்த அது மிகவும் உறுதுணையானது.
These recruitments helped very much in the smooth functioning of the Authority.,இதற்கு மேலதிகமாக முப்படையினதும் மற்றும் பொலிசினூடாக அதிகார சபையின் நடவடிக்கைகளின் போது உரிய சேவைகள் மற்றும் அது சம்பந்தமான நடவடிக்கைகளை இலகுவாகச் செய்ய ஊழியர்கள் சேர்க்கப்பட்டனர்.
Head office of the Authority,அதிகார சபையின் பிரதான காரியாலயம்
The non--existence of a permanent building to house the Ranaviru Sewa Authority is the main problem encountered by the Authority from in the inception.,ரணவிரு சேவை அதிகார சபைக்காக நிரந்தர கட்டிடம் இல்லாமல் இருந்தமை அதிகாரசபை ஆரம்பத்திலிருந்து முகம் கொடுத்த பிரதான பிரச்சினையாகும்.
"In 2009 it was able to buy a permanent building on Galle Road , near Bambalapitiya, The modification of that building to suit to an office with more upper floors was started in 2010.",2009ம் வருடத்தில் ரணவிரு சேவை அதிகார சபைக்காக நிரந்தர கட்டிடத்தை பம்பலபிட்டி நகருக்கண்மையில் காலி வீதியில் கொள்வனவு செய்ய முடிந்ததுடன் 2010ம் வருடம் அக்கட்டிடம் மேலதிக மாடியுடன் காரியாலயத்துக்கு உகந்ததாக மாற்றும் வேலை ஆரம்பிக்கப்பட்டது.
It is expected to shift the Head quarters of the Ranaviru Sewa Authority to this building in first quarter of 2012.,எவ்வாறாயினும் ரணவிரு சேவை அதிகார சபையால் பிரதான காரியாலயத்தை அக்கட்டிடத்திற்கு 2012 வருட முதல் காலாண்டிற்குள் கொண்டு போக முடியுமென எதிர்பார்க்கப்படுகின்றது.
Receipt of financial assistance,நிதி உதவி பெறுதல்
"For the functioning of the Ranaviru Sewa Authority, financial provisions are provided through the following sources.",ரணவிரு சேவை அதிகார சபையின் செயற்பாட்டிற்காக நிதி ஒதுக்கீடு கிடைப்பது கீழ்க்காணும் வகையிலாகும்.
1. From the annual treasury allocation for administration and other day today activities.,1. நிருவாக மற்றும் ஏனைய நாளாந்த நடவடிக்கைகளுக்கு தேவையான நிதிவளம் வருடந்தோறும் திறைசேரியினால் ஒதுக்கப்பட்ட நிதியிலிருந்து கிடைக்கும்.
2. For the implementation of projects financial contributions are made through Jayaviru lotteries and subsequently Supiri Wasana Sampatha,2. செயற்றிட்டத்தை நடைமுறைப்படுத்துவதற்காக ஜயவிரு லொத்தர் சீட்டும் பின்னர் சுப்பிரி வாசனா சம்பத்த மூலம் பெறப்படும் நிதி உதவியும்.
In addition contributions in the form of cash and kind are donated by both local and foreign donors for the implementation of the welfare activities coming under projects of the Ranaviru Sewa Authority.,இதற்கு மேலதிகமாக ரணவிரு சேவை அதிகார சபையின் பலவகையான செயற்றிட்டங்கள் மூலம் நடைமுறைப்படுத்தும் நலன்புரி நடவடிக்கைகளுக்காக உள்நாட்டு வெளிநாட்டு செல்வந்தர்களால் நிதி மற்றும் பொருட்கள் அன்பளிப்பாக பெறப்பட்டன.
Funds have been invested in banks with a view to generating income to meet the requirements of planning and the implementation of projects to meet the necessities of the Ranaviru beneficiaries in accordance with the provisions of the Ranaviru Sewa Authority.,ரணவிரு சேவை அதிகார சபை சட்டத்தின் உறுப்புரைகளுக்கு ஏற்ப ரணவிரு நலன்புரிவோரின் பல வகையான தேவைகளை நிறைவேற்றுவதற்காக திட்டமிடப்பட்ட செயற்றிட்டத்தினை நடைமுறைப்படுத்துவதற்காக தேவையான நிதியை பெருகிடச் செய்யும் யுக்திகளை ஏற்படுத்தும் நோக்குடன் வங்கிகளில் பணம் முதலீடு செய்து அதன் ஊடாக மேலதிக வருமானம் உழைக்கும் செயலில் ஈடுபட நேரிட்டது.
A better investment plan was implemented for this.,அதற்காக மிகச் சிறந்த முதலீட்டுத்திட்டமொன்று செயல்படுத்தப்பட்டது.
Details of income received through the treasury and the lottery in the year 2011 have been indicated in this annual report in final accounts report.,2011 வருடத்திற்காக ஒன்று சேர்வதனாலும் லொத்தரினாலும் கிடைத்த வருமானம் பற்றிய விபரத்துடன் இந்த வருடாந்த அறிக்கையில் உள்ளடக்கப்பட்டு இறுதி அறிக்கையில் முன்வைக்கப்பட்டுள்ளது.
Special programmes implemented during the year 2011,2011ம் வருடத்துள் நடைமுறைப்படுத்தப்படவுள்ள விசேட வேலைத்திட்டங்கள்
1.Ranaviru Remembrance Week,1. ரணவிரு நினைவுகூரல் வாரம்
The first flag was pinned on His Excellency the President on 11th of May at Temple Trees.,அதிமேதகு ஜனாதிபதி அவர்களுக்கு ரணவிரு கொடி அணிவிக்கும் விழா மே மாதம் 11ம் திகதி அலரி மாளிகையில் நடைபெற்றது.
"In parallel to this programme, during the Ranaviru remembrance week declared by the president (May 11 to 18th), arrangements were made to hold various programmes throughout the island.Ranaviru remembrance functions were held under the patronage of Provincial Governors.","இந்த நிகழ்ச்சித்திட்டத்தோடு இணைந்து அதிமேதகு ஜனாதிபதி அவர்களால் பிரகடனப்படுத்தப்பட்ட ரணவிரு ஞாபகார்த்த வருடத்திற்காக (மே 11 - மே 18) நாடெங்கும் பலவகையான நிகழ்ச்சிகள் நடாத்தப்பட்டதோடு, குறிப்பாக ஆளுனர்களின் தலைமையில் மாகாண ரணவிரு ஞாபகார்த்த விழாக்களும் நடைபெற்றன."
2. National Ranaviru Remembrance Day,2. தேசிய ரணவிரு ஞாபகார்த்த தினம்
The main function organized by the Ranaviru Sewa Authority to commemorate the war heroes who had made the supreme sacrifice for the protection of the country was held at the Ranaviru Monument at Sri Jayewardenepura parliamentary sports grounds under the patronage of H.E.the President.,தேசத்தின் பாதுகாப்பிற்காக தம் உயிரை அர்ப்பணித்த ரணவிரு வீரர்களின் ஞாபகார்த்தமாக ரணவிரு சேவை அதிகாரசபையின் பிரதான தேசிய விழா 2011 ஜூன் மாதம் 18ம் திகதி பாராளுமன்ற மைதானத்தில் அமைந்துள்ள நினைவுத் தூபிக்கு அருகில் சம்பிரதாய பூர்வமாக அதிமேதகு ஜனாதிபதி தலைமையில் நடைபெற்றது.
"The Three Forces and the Police conducted the traditional honor of guard The  Hon Prime Minister. Hon. Speaker Religious Dignitaries, Parliamentarians, Governors, Chief Ministers of provinces, Secretary to H,E, the President Secretary Defence and government officials, Joint  Chief of Satff, Commanders of the Three forces, Inspector General of Police, Heads of government institutions, Members of the Diplomatic Corp, Defense attaches of embassies, close relatives of he dead and missing war heroes and disabled war heroes were also present at this function.","முப்படை மற்றும் பொலிஸ் படையின் அணிவகுப்பு மரியாதை கௌரவ பிரதமர், கௌரவ சபாநாயகர் உட்பட பிரதான சர்வமத தலைவர்கள், அமைச்சர்கள், ஆளுனர்கள் மாகாண முதலமைச்சர்கள், ஜனாதிபதியின் கௌரவ செயலாளர், கௌரவ பாதுகாப்பு செயலாளர், பிரதான அரச உத்தியோகத்தர்கள், ஒன்றிணைந்த இராணுவ பதவி நிலை தலைவர்கள், முப்படைத் தளபதிகள் மற்றும் பொலிஸ் மா அதிபர், அரச நிறுவனங்களின் தலைவர்கள், உயர்ஸ்தானிகர்கள், உயர் ஸ்தானிகர் காரியாலயங்களில் கடமைபுரியும் பாதுகாப்பு பிரதிநிதிகள், உயிர்நீத்த, காணமற்போன இராணுவத்தினரின் நெருங்கிய உறவினர்கள் மற்றும் ஊனமுற்ற இராணுவத்தினரின் தலைமையில் நடைபெற்றது."
This function is held in May annually.,இவ்விழா ஒவ்வொரு வருடத்திலும் மே மாதம் நடாத்த நடவடிக்கை எடுக்கப்படும்.
3.Deyata Kirula,3. தேசத்துக்கு மகுடம்
The Ranaviru Sewa Authority had a stall at the Deyata Kirula exhibition grounds at Buttala held from 4th to 9th February to communicate to the people the government’s development drive with the participation of all government organizations and the private sector.,அரசின் அபிவிருத்தி நடைமுறையை மக்களிடம் கொண்டு செல்ல தொடர்பாடலுக்காக சகல அரச நிறுவனங்களும் தனியார் பிரிவுகளும் இணைந்து பெப்ரவரி 4 – பெப்ரவரி 9 வரை புத்தளத்தில் நடைபெற்ற தேசத்திற்கு மகுடம் கண்காட்சிக்காக ரணவிரு சேவை அதிகாரசபையினூடாகவும் கண்காட்சிக்கூடம் ஏற்பாடு செய்யப்பட்டு நடத்தப்பட்டது.
This exhibition was extremely useful to enlighten the public about the welfare services and other programmes undertaken by the Authority for the benefit of Ranaviru community,இராணுவ வீரர்களுக்கு அதிகார சபையினூடாக வழங்கப்படும் நலன்புரி சேவை மற்றும் ஏனைய நிகழ்ச்சித்திட்டங்கள் பற்றியும் மக்கள் தெரிந்து கொள்ள பெரிதும் வாய்ப்பாக இருந்தது.
4.Donation of three wheelers,4. முச்சக்கர வண்டி வழங்கும் விழா
"A donation of three wheelers was made to the disabled war heroes under a joint programme of disabled welfare and concessionary loan project of the Ranaviru Sewa Authority was held under the patronage of His Excellency the Prime Minister and other distinguished guests including the Commander of the Armed Forces, the event was held at the Army Grounds of Galle Face Green on the 18th of November 2011","ரணவிரு சேவை அதிகாரசபையின் ஊனமுற்றவர்களின் நலன்புரி செயற்றிட்டமும் மற்றும் சலுகைக்கடன் செயற்றிட்டமும் இணைந்து நடைமுறைப்படுத்தும் ஊனமுற்ற இராணுவத்தினருக்காக முச்சக்கர வண்டி வழங்கும் விழா அதிமேதகு ஜனாதிபதி அவர்களின் தலைமையில் மற்றும் முப்பபடைத் தளபதிகள், ஏனைய பிரதம அதிதிகளதும் பங்களிப்புடன் 2011 நவம்பர் 18ம் திகதி காலிமுகத்திடல் இராணுவ விளையாட்டு மைதானத்தில் நடைபெற்றது."
Three wheelers were gifted to 170 disabled war heroes.,அங்கு ஊனமுற்ற இராணுவத்தினர் 170 பேருக்கு முச்சக்கரவண்டி வழங்கப்பட்டது.
5.Presentation of UttamaPuja Pranama Medals,5. உத்தம பூசை மரியாதை பதக்க விழா
A programme to present awards of Uttama Puja Pranama Medals to value their contribution to the parents of war heroes who offered their children to the battle field and wives and children of war heroes was held district wise.,"இராணுவத்தினரை யுத்தகளத்திற்கு தியாகம் செய்த இராணுவத்தினரின் பெற்றோர், மனைவிமார், பிள்ளைகளை மதிப்பதற்காக உத்தம பூசை பதக்கம் வழங்குதல் மாவட்ட ரீதியில் நிகழ்த்தப்பட்டது."
"Accordingly, Uttama Puja Pranama awards ceremonies were held in 17 districts this year.",அதன்படி 17 மாவட்டங்களையும் தழுவியபடி இவ்வருடத்தில் உத்தம பூசை உபகார பதக்க விழா நடாத்தப்பட்டது.
Methodologies to achieve targets and objectives.,இலக்கையும் நோக்கத்தையும் அடைவதற்கான வழி முறைகள்
The authority implemented 10 projects on two main targets.,அதிகாரசபையானது 10 திட்டங்களை இரண்டு பிரதான இலக்குகளில் செயற்படுத்தியது
1. Bringing the Ranaviru families into the society with a strong morale and a pride of vision.,"1. சக்தியுள்ள மனநிலையும், பெருமையான நோக்கையும் கொண்டவர்களாக இராணுவ வீரர்களின் குடும்பங்களை சமூகத்திற்குக் கொண்டுவருதல்."
2. Provision of material resources on a priority basis required for war heroes and their families to reach a higher living standard socially.,2. சமூகமாக உயர் வாழ்க்கை தரத்தை பெற்றுக் கொடுக்க இராணுவத்தினருக்கும் அவர்களின் குடும்பங்களுக்கும் அத்தியாவசியமான பௌதீக செல்வங்களை முதன்மையாகப் பெற்றுக்கொடுத்தல்.
All programmes on these two directions were prepared incorporating suggestions and ideas of the Ranaviru community and with the knowledge of experts.,இவ்விரு துறைகளில் நடைபெறும் திட்டங்கள் தீவு முழுவதும் பரந்து கிடக்கும் இராணுவ சமூகத்தினரின் கருத்துகளை முதற்கருத்தாக கொண்டு அதற்காக விஷேட அறிவையும் கலந்து ஒழுங்குபடுத்தப்பட்டுள்ளது.
The action plan prepared in that manner is being implemented with the consensus of the Ranaviru community.,அதனை செயற்படுத்துவதற்கு மீண்டும் இராணுவ சமூகத்தினரின் உடன்பாட்டுடன் செயற்படுத்தப்படும்.
01. The following projects are being implemented for bringing the Ranaviru families into the society with strong morale and a pride he vision.,01. உறுதியான மனதுடன் பெருமையுடனான நோக்கத்திற்கு சமூகத்தில் இடம்பெற செய்தலுக்கு கீழ்க்காணும் செயல்த்திட்டம் நடைமுறைப்படுத்தப்படும்.
1. Ranviru Community Project,1. இராணுவ சனசமூக திட்டம்.
2. Psychosocial Support Project,2. உளவியல் உதவித் திட்டம்
3. Welfare Project for disabled war heroes,3. அங்கவீன இராணுவ நலன்புரித் திட்டம்
4. Ranaviru Remembrance Project,4. இராணுவ ஞாபகார்த்த திட்டம்
5. Ranaviru Villages Project,5. இராணுவ கிராமிய திட்டம்
02. Projects for the provision of material resources on a priority basis required for war heroes and their families to reach a higher living standard socially.,02. சமூகமயமாகி உயர்ந்த வாழ்க்கை தரத்தினை பெற்றுக்கொடுக்க இராணுவத்தினருக்கும் மற்றும் அவர்களின் குடும்பத்தினருக்கும் அத்தியாவசிய பௌதீக செல்வங்களை முதல் நிலையில் செயற்பட்டு பெற்றுக்கொடுக்கும் செயற்திட்டங்களை நடைமுறைப்படுத்தல்.
1. Housing Project,1. வீடமைப்புத் திட்டம்
2. Concessionary Loan Project,2. சலுகைக் கடன் திட்டம்
3. Land Project,3. காணித் திட்டம்
4. Scholarships Project,4. புலமைப்பரிசில் திட்டம்
5. Skills Development Project,5. திறன் அபிவிருத்தித் திட்டம்
In 2011 these projects were implemented under five categories taking into account the similarities of such subjects.,2011ம் ஆண்டில் இத்திட்டங்கள் அதன் நிலமைகளை ஆராய்ந்து பார்த்து 5 துறைகளின் கீழ் செயற்படுத்த ஒழுங்கு செய்யப்பட்டுள்ளது. அதன்படி
1. Data and Information Division,1. தரவு மற்றும் தகவல் பிரிவு
2. Division for Empowerment of Physical and Mental Health,2. உடல் மற்றும் உள நலத்தை உயர்த்துவதற்கான பிரிவு
"3. Education, skills and Economic Development","3. கல்வி, திறமை மற்றும் பொருளாதார அபிவிருத்தி"
4. Respect and Dignity of war heroes,4. இராணுவ வீரர் கௌரவ மற்றும் கண்ணியப்படுத்தல் பிரிவு
5. Social and Cultural Division,5. சமூக மற்றும் கலாச்சார பிரிவு
1.Data and Information Division,1. தரவு மற்றும் தகவல்ப் பிரிவு
Objectives,நோக்கங்கள்
Maintenance of the Ranaviru data base,ரணவிரு தரவு வலைப்பின்னல் பராமரித்தல்
Information analyzing and explanation,தகவல் பகுப்பாய்வு மற்றும் விவரித்தல்
1.Data and Information Division,1. தரவு மற்றும் தகவல் பிரிவு
One of the main objectives of the Data and Information division is the compilation of a data base containing details and information of service organizations in accordance with clause 9 and 3 of chapter 6th of the Ranaviru Sewa Authority act and maintaining it while being updated.,"ரணவிரு சேவை அதிகார சபை சட்டத்தின் 6வது உறுப்புரையின் அ மற்றும் ஆ உப உறுப்புரைகளின்படி சேவை நிறுவனங்களில் விபரம் மற்றும் விபரங்கள் உள்ளடக்கிய தரவு வலைப்பின்னல் தயாரித்துக் கொள்ளவும் அதை நிரந்தரமாக இற்றைப்படுத்தி நடைமுறைப்படுத்திக் கொண்டு செல்வதும், தரவு மற்றும் தகவல் பிரிவுக்குமான ஒரு பிரதான நோக்கமாகும்."
Compilation of data base,தரவு வலைப்பின்னல் தயாரித்தல்
A software system has been developed with the assistance from Information Technology Education Department of the Moratuwa University.,மொரட்டுவ பல்கலைக்கழகத்தில் தகவல் தொழில்நுட்ப கற்கை பிரிவின் அனுசரணையுடன் மென்பொருள் வலைப்பின்னல் தயாரிக்கப்பட்டுள்ளது.
The questionnaire has been finalized adding whole information related to socio-economic information of the Ranaviru community.,அதன்படி உரிய வினாக்கொத்து இராணுவ வீரர்களின் சகல பொருளாதார மற்றும் சமூக தகவல்களையும் உள்ளடக்கித் தயாரிக்கப்படும்.
They have obtained the assistance of the Ministry of Public Administration and Home Affairs to gather relevant details by visiting their houses.,இதற்காக அவர்களின் வீடுகளுக்குச் சென்று உரிய தகவல்களைப் பெற்றுக் கொள்வதற்காக பொது நிர்வாக அமைச்சின் ஒத்துழைப்பு பெறப்பட்டுள்ளது.
Arrangements have been made to make  the data base operational in 2012 with the completion of the data survey.,2012 வருடத்தில் தரவு ஆய்வு நடவடிக்கை முடித்து தரவு வலையமைப்பு நடைமுறைப்படுத்துவதற்காக உரிய நடவடிக்கை எடுக்கப்பட்டுள்ளது.
Serial no,தொடர் இலக்கம்
Activities,செயற்பாடுகள்
Progress,முன்னேற்றம்
Gathering internal information,உள்ளக தகவல் சேகரிப்பு
Selection of a public institution with skills for membership survey,உறுப்பினர் ஆய்வுக்காக திறமையான அரச நிறுவனம் ஒன்றை தெரிவிசெய்தல்
Ended,முடிந்தது
Compilation of a fact sheet (adding Psychosocial and economic information),தகவல் பத்திரிகை தயாரித்தல் (உளவியல் சமூக பொருளாதார தகவலுடன்)
Development of a software system under the supervision of the Authority,அதிகாரசபையின் மேற்பார்வை செய்யக்கூடிய மென்பொருள் வலைப்பின்னலை தயாரித்தல்
Selection of 15 survey conductors by each Provincial Officers and training them.,மாகாண உத்தியோகத்தரால் ஆராய்வோர் 15 பேர்களைத் தெரிந்து தேவையான பயிற்சி வழங்குதல்
Conducting an initial survey and reviewing it,ஆரம்ப ஆய்வு நடத்தலும் அதுபற்றிக் கலந்துரையாடலும்
"Gathering data (With community , Grama Niladari,and Divisional Secretary)","தரவு சேகரிப்பு (சனசமூகம், கிராம உத்தியோகத்தர், பிரதேச செயலாளர் சான்றிதழுடன்)"
In progress,செயற்பாடு நடைமுறையிலுள்ளது
Internal computer networking,உள்ளக கணனி வலைப்பின்னல்
Initial work has been commenced.,ஆரம்பச் செயற்பாடுகள் ஆரம்பிக்கப்பட்டுள்ளன
Table 1  Development of Ranaviru Database.,அட்டவணை 1. ரணவிரு தரவு மைய வடிவமைப்பு
In 2012 Focus will be directed on the  following matters,2012ம் வருடத்தில் கீழ்க்காணும் விடயங்களில் விசேட கவனம் செலுத்தப்படும்
Computerization of information,தகவல் கணனி மயமாக்கல்
Conducting a 10% sample survey,10% மாதிரி பரிசோதனை செய்தல்
Speedy computerization of information in respect of each project,அந்தந்த செயற்றிட்டம் அப்போதே கணனி மயப்படுத்தல்
Educating the staff on entire methodology,சகல முறைமைகளையும் பற்றி பணிக்குழுவுக்கு அறிவூட்டல்
Responding to the messages received through software,மென்பொருளினூடாக பெறப்படும் செய்திகளுக்கு பதிவளித்தல்
Updating  members’ information,உறுப்பினர் தகவல் இற்றைப்படுத்தல்
Identification of members and conducting reviews,நன்மை பெறுவோரை அறிந்து கொள்ளல் மற்றும் பகுப்பாய்வு செய்தல்
Updating software at the provincial offices monthly and daily referring of them to officers in charge of provinces,மாதிரி மாகாண காரியாலய மென்பொருள் இற்றைப்படுத்தலும் இணையத்தளத்தினூடாக தினமும் மாகாணப் பொறுப்பு மாவட்ட உத்தியோகத்தருக்கு சமர்ப்பித்தல்
Translation and Computerization of list of names for gazette notification,பெயர்ப்பட்டியல் (வர்த்தமாணியில் பிரசுரிக்க) மொழிபெயர்ப்புச் செய்து கணனி மயப்படுத்தல்
The main objective of this is the preparation of the list of names of the recipients of the Uttama Puja medals on district basis to be gazetted.,உத்தம பூஜா பதக்கம் பெற்றுள்ள மாவட்டங்களின் பெயர்ப்பட்டியல் கெசட் பண்ணுவதற்காக தயாரிப்பது முக்கிய நோக்கமாகும்.
"Lists of districts of Kandy,Puttalam, Polonnaruwa, Colombo, Kalutara, Gampaha, Batticloa, Trincomalee, Badulla, Kegalle, Anuradhapura, Kunuragala, Hambantota and NuwaraEliya are available.","இதன் கீழ் கண்டி, புத்தளம், பொலனநறுவை, கொழும்பு, களுத்துரை, கம்பஹா, மட்டக்களப்பு, திருகோணமலை, பதுளை, கேகாலை, அனுராதபுரம், குருனாகல். அம்பாந்தோட்டை, நுவரெலியா என்பன உள்ளன."
Targeted numbers,இலக்கு அளவு
Progress during the year,வருடத்துக்குள் முன்னேற்றம்
447819(Approximately),447819  (அண்ணளவாக)
Table 2. Translation and Computerization of list of names for gazette notification,அட்டவணை 2. பெயர்ப்பட்டியல் (வரத்தமானியில் பிரசுரிக்க) மொழிபெயர்ப்புச் செய்து கணணி மயமாக்கல்
Issue of identity cards to close relatives of war heroes for the purpose of granting priority,முக்கியத்துவம் பெற்றுத்தரும் நோக்கில் ரணவிரு நெருங்கிய உறவினர்களுக்கு அறிமுக அட்டை தயாரித்தல்
"As a remedy to a main problem encountered by the Ranaviru community at the regional level in giving priority, at the request of the Ranaviru community and under the guidance of the Ministry of Defence, identity cards are issued to close relatives of ranaviru families to establish they are members of Ranaviru families.",இராணுவ வீரர்கள் பிரதேச மட்டத்தில் முகங்கொடுக்கும் பிரதான பிரச்சினை ரணவிரு முக்கியத்துவம் பெற்றுக்கொடுக்கும் நோக்கில் இராணுவத்தினரின் வேண்டுகோளுக்கும் அமைச்சின் வழிகாட்டலுக்கும் ஏற்ப ரணவிரு நெருங்கிய உறவினர்களுக்கு ரணவிரு குடும்ப உறுப்பினர்களாக அறிமுக அட்டை வழங்குதல் இதன்கீழ் நடைபெறுகின்றது.
1043 identity cards exceeding the target of 1000  were issued in 2011 to close relatives of ranaviru families.,அதன்படி 2011ம் வருடத்தில் புதிய அறிமுக அட்டை 1000 ரணவிருக்களின் நெருங்கிய உறவினர்களுக்கு பெற்றுக்கொடுக்க எதிர்ப்பார்க்கப்பட்டதுடன் கடன் அறிமுக அட்டைகளில் 1043 தயாரித்து வழங்க முடிந்தது.
year,வருடம்
targeted numbers,எதிர்பார்த்த அளவு
progress,வருடத்தினுள் முன்னேற்றம்
Table 3. Issue of identity cards to close relatives of war heroes for the purpose of granting priority,அட்டவனை 3. முன்னுரிமை வழங்கும் நோக்கில் இராணுத்தினரது நெருங்கிய உறவினர்களுக்கு அடையாள அட்டை தயாரித்து வழங்குதல்.
Diagram 2. Issue of identity cards to close relatives of war heroes for the purpose of granting priority,வரைபடம் 2. முன்னுரிமை வழங்கும் நோக்கில் இராணுத்தினரது நெருங்கிய உறவினர்களுக்கு அடையாள அட்டை தயாரித்து வழங்குதல்.
A long period of time is required  to issue the entire number when considering the manner they apply for them and a much time has to be spent to complete the related work till the issuance.,இராணுவ அடையாள அட்டை தயாரிப்பதற்காக முன்வைக்கும் மாதிரியும் அதிலிருந்து அறிமுக அட்டை தயாரித்தல் வரை எடுக்கும் காலம் மற்றும் நடைமுறைப்படுத்த இருக்கும் வேலையை பார்க்குமிடத்து பொதுவாக அதிககாலம் எடுக்கும்.
Hence as an alternative arrangements have been made to issue identity cards to close relatives of Ranaviru families  using the data base from 2012,அதன்படி மாற்றுவழியாக தரவு களஞ்சியத்தை உபயோகப்படுத்தி இராணுவ உறவினர்களுக்கு அறிமுக அட்டை பெற்றுக்கொடுக்க 2012 வருடத்திலிருந்து நடவடிக்கை எடுக்க எதிர்பார்க்கப்படுகிறது.
Provision of Financial assistance over a death of a war hero or any other disaster,இராணுவ வீரர் ஒருவர் மரணிக்கும் போதும் மற்றும் திடீர் இடர் ஏற்படும் போதும் நிதி உதவி வழங்குதல்
At the same time the family of such a war hero is enrolled to the Ranaviru community  project.,அத்தோடு உரிய இராணுவக் குடும்பம் இராணுவ குழு நடவடிக்கைகளுக்காக சேர்த்துக்கொள்ளுதலும் இங்கு முக்கிய நோக்கமாகும்.
Financial assistance has been granted in the following manner.,அதன்படி கீழ்க்காணும் வகையில் நிதி உதவி வழங்கப்பட்டது
Year,வருடம்
Targeted numbers,எதிர்பார்த்த அளவு
Progress for the year,வருடத்தினுள் முன்னேற்றம்
Table 4. Provision of Financial assistance over a death of a war hero or any other disaster.,அட்டவணை 4. இராணுவ வீரர் மரணிக்கும் போதும் வேறு திடீர் இடரின் போதும் நிதி உதவி வழங்குதல்
Diagram 3. Provision of Financial assistance over a death of a war hero or any other disaster.,வரைபடம் 3. இராணுவ வீரர் ஒருவர் மரணிக்கும் போதும் வேறு திடீர் இடரின் போதும் நிதி உதவியளித்தல்
All payments in respect of the year 2011 were made.,அதன்படி 2011 வருட முடிவின்போது இதன்கீழ் சகல கொடுப்பனவுகளும் வழங்கி முடிவடைந்தது.
Supporting the Uttama Puja Pranama Medals presentaion,உத்தம பூஜா பதக்கத்துக்காக பங்களிப்பு வழங்குதல்
List of names and relevant details were furnished for the Uttama Puja Pranama Medals presentation.,உத்தம பூஜா பதக்கம் வழங்கலுக்காக தேவையான பெயர்ப்பட்டியல் மற்றும் தகவல் பெறும் நடவடிக்கை நடைபெற்றது.
Printed lists of names and the summary of information in respect of the Hambantota and NuwaraEliya were provided.,அதன்கீழ் அம்பாந்தோட்டை மற்றும் நுவரெலியா மாவட்டங்களில் பெயர்ப்பட்டியல் பிரசுரித்து வழங்கவும் தகவல் சாராம்சம் வழங்கி வைக்கப்பட்டது.
02. Empowerment of physical and mental health,2.	உடல் மற்றும் உளநல  சக்தியை தரும் பிரிவு
I. Psychosocial support project,I.	உளவியல் சமூக செயற்றிட்டம்
01. Health clinics,01.	வைத்திய கிளினிக்
Health clinics held in 2011,2011ல் நடாத்தப்பட்ட வைத்திய கிளினிக்கள்
Serial no.,தொடர் இலக்கம்
Date and place,திகதியும் இடமும்
27.11.2011 – at Buttala Divisional Secretariat for the Monaragala district community  members( during the Deyata Kirula exhibition),2011.11.27 – மொனராகல மாவட்ட சனசமூக குழு உறுப்பினர்களுக்காக புத்தள பிரதேச செயலாளர் காரியாலயத்தில் நடைபெற்ற கிளினிக். (தேசத்திற்கு மகுட கண்காட்சியின் போது)
"10.06.2011- at Nagoda Family Care Hospital ,Nagoda for Kalutara district community  members (during  the National Ranaviru month)",2011.06.10 – களுத்துறை மாவட்ட சன்சந்த குழு உறுப்பினர்களுக்காக நாகொட பெமிலி கெயார் வைத்திசாலையில் நடைபெற்ற கிளினிக். (தேசிய றணவிரு மாதத்தின் போது)
13.12.2011- The medical clinic scheduled to be held at the Kabithigollewa Central College was postponed due to urgent work.,2011.12.13 – கெப்பித்திகொல்லாவ மத்திய மகாவித்தியாலயத்தில் நடாத்தத் திட்டமிடப்பட்டிருந்த வைத்திய கிளினிக் அவசர கடமை நிமித்தம் நடாத்துவது ஒத்திவைக்கப்பட்டது.
02. Obtaining assistance of consultants of outside institutions,02. வெளியக நிறுவனங்களில் இருந்து அறிவுரையாளர்களின் ஒத்துழைப்பை பெறும் நிகழ்ச்சித்திட்டம்
Initial coordination was arranged but it was decided to implement in 2012 due to a decision of the restructuring programme structure (As instructed by the Chairperson),அடிப்படை ஒருங்கிணைப்பு நடவடிக்கை நடத்தப்பட்டதெனினும்  நிகழ்ச்சித்திட்டம் அமைப்பினை மீண்டும் திருத்தத் தீர்மானித்ததால் (தலைவரின் ஆலோசனையின்படி) அதனை 2012 வருடத்தில் நடைமுறைப்படுத்த தீர்மானிக்கப்பட்டது.
03. Psychological programme,03.	உளவியல் நிகழ்ச்சித்திட்டம்
Serial No,தொடர் எண்
District,மாவட்டம்
Date and Venue,இடமும் திகதியும்
programme,நிகழ்ச்சித் திட்டம்
No. of programme,நிகழ்சித் திட்டங்களின் எண்ணிக்கை
Western,மேல் மாகாணம்
Colombo,கொழும்பு
Gampaha,கம்பஹா
17.12.2011-Mahara Pradeshiya Sabha,2011.12.17 மகர பிரதேச சபை
Psychological workshop,உளவியல் விஞ்ஞான செயலமர்வு
Kalutara,களுத்துறை
South,தென்
Galle,காலி
Matara,மாத்தறை
Hambantota,ஹம்பாந்தோட்டை
Central,மத்திய
Kandy,கண்டி
Matale,மாத்தளை
Nuwaraeliya,நுவரெலியா
Uva,ஊவா
Badulla,பதுளை
Monaragala,மொனராகல
Sabaragamuwa,சப்ரகமுவ
Kegalle,கேகாலை
Ratnapura,இரத்னபுரி
North Central,வடமத்திய
Anuradhapura,அநுராதபுரம்
Two-day residential training workshop for Disabled war heroes,ஊனமுற்ற இராணுவ வீரரகளுக்கான வதிவிட பயிற்சி செயலமர்வு
"Abhimansala Suwa Sewa Nikethana,Anuradhapura",அபிமங்சல சுவசேவா நிகேதனை– அநுராதபுரம்
Polonnaruwa,பொலன்னறுவை
Eastern,கிழக்கு
Ampara,அம்பாறை
Trincomalee,திருகோணலை
North western,வடமேல்
Kurunegala,குருநாகல்
"13.10.2011 – Shilpa Shalika Hall,Kuliyapitiya",2011.10.13 - குளியாபிட்டி சில்ப சாலிக்க மண்டபம்
Puttalam,புத்தளம்
"22.11.2011- Sudasuna Hall, Chillaw",2011.11.22 - சுதசுன மண்டபம் - சிலாபம்
04. Practical difficulties that emerged in organizing workshops,04. செயலமர்வின் போது ஏற்பட்ட செயல்முறை கஷ்டங்கள்
The targeted schedule of conducting programmes could not be achieved in the backdrop of the failure in the part of the provincial officers who were entrusted the job of organizing necessary programmes at the  provincial level and educating about the project.,ஒவ்வொரு மாகாணங்களுக்காக தேவையான நிகழ்ச்சித்திட்டம் ஏற்பாடு செய்து செயற்றிட்டம் பற்றி பகுதி உத்தியோகத்தர்களுக்கு அறிவிக்குமாறும் அவ்விடயம் சரியான முறையில் நடத்துவதற்கு முடியாத பின்னனியுடன் எதிர்பார்த்த அளவு நிகழ்ச்சித்திட்டம் நடாத்துவது கஷ்டமாக இருந்தது.
05. Medical Assistance,05. வைத்திய உதவி பெறுதல்
The targeted objective of this programme is granting financial assistance to war heroes and members of the  Ranviru families who need treatment / surgeries due to serious ailments who  face financial difficulties as they belong to the low income group.,கடுமையாக நோயுற்று சிகிச்சை /சத்திரசிகிச்சை செய்வதற்கு குறிப்பிட்ட ஆனால் அதற்காக நிதிப்பிரச்சினை உள்ள குறைந்த வருமானம் பெறும் ரணவிருக்கள் மற்றும் ரணவிரு குடும்பங்களின் உறுப்பினர்களுக்கு நிதியுதவி பெற்றுக் கொடுக்க இந்த நிகழச்சித் திட்டத்தினூடாக எதிர்பார்க்கப்படுகின்றது.
2011 targeted number of financial assistance,2011 வருடத்தில் எதிர்பார்த்த உதவி எண்ணிக்கை
on requests as and when received Allocation for 2011,விண்ணப்பப்பத்திரம் கிடைத்த படி 2011 வருடத்திற்காக ஒதுக்கிய பணம்
Amount of financial assistance granted -,2011 வருடத்தில் வழங்கப்பட்ட உதவி எண்ணிக்கை -
Number of applications issued in 2011 -,2011 வருடத்தில் வழங்கிய விண்ணப்பங்கள் எண்ணிக்கை 	-
Number of requests received,2011 வருடத்திற்காக கிடைத்த விண்ணப்பங்களின் தொகை
Written requests,எழுத்து மூல கோரிக்கைகள்
Through telephones (approximately),தொலைபேசியில் கிடைத்தது (அண்ணளவாக) -
Medical Assistance Programme,வைத்திய உதவி நிகழ்ச்சித்திட்டம்
Serial No.,தொடர் இல
Applicant's Name,விண்ணப்பதாரியின் பெயர்
Community / D.S,குழு/பி.செ
War hero's,இராணுவ வீரர்
Name,பெயர்
Service/servicex.No.,சேவை/சேவை இல.
Ambagamuwa,அம்பகமுவ
Medadummbara,மெததும்பர
Talawa,தலாவ
Kuruwita,குருவிட்ட
Meegahakiula,மீகஹக்கிவுள
Yatinuwara,யட்டிநுவர
Horana,ஹொரண
Galgamuwa,கல்கமுவ
Horambawa,ஹொரம்பால
Pathadumbara,பாத்ததும்பர
East,கிழக்கு
Kesbewa,கெஸ்பெவ
Alawwa,அளவ்வ
Kuliyapitiya West,குளியாப்பிட்டி மேற்கு
Mawanella,மாவனெல்ல
Remarks,விசேட விடயங்கள்
03. Approval of the management board was granted to decide by a special panel on the monthly assistance that could be granted when a beneficiary is unable to submit a specific financial estimate for treatment.,3. சிகிச்சைக்காக நிதி மதிப்பீடு சரியாக சமர்ப்பிக்க முடியாத வேளைகளிலும் மாதாந்த சிகிச்சை பெறுவதற்காக பெறக்கூடிய உதவி சம்பந்தமாக தீர்மானிக்கும் விசேட குழுவினூடாக நடாத்த முகாமைத்துவ சபைக்கு அனுமதி வழங்கப்பட்டுள்ளது.
06. Granting medical loans,6.	வைத்திய கடனைப் பெறல்
Number of loans targeted for 2011 -20,2011 வருடத்திற்காக எதிர்பார்க்கும் எண்ணிக்கை - 20
Number of loans granted in 2011 -05,2011 வருடத்திற்காக பெற்றுள்ள கடன் - 05
Number of applications issued in 2011 -20,2011 வருடத்திற்காக வழங்கிய விண்ணப்பங்கள் எண்ணிக்கை - 20
Number of request letters received in 2011,2011 வருடத்திற்காக கிடைத்த விண்ணப்பங்கள் எண்ணிக்கை
Written -08,எழுத்து மூல கோரிக்கை - 08
Through Telephone (approximately) -07,தொலைபேசியில் கிடைத்தது - 07
Direct requests calling at the project  -05,செயற்றிட்டம் நோக்கிய நேரடி விண்ணப்பம் - 05
Medical Relief Loan programme,வைத்திய கிளினிக் கடன் நிகழ்ச்சித்திட்டம்
Serial No,தொடர் இலக்கம்
Applicant,விண்ணப்பதாரி
Service/community,சேவை / குழு சன்சத
Service number,சேவை இலக்கம்
Navy,கடற்படை
Army,இராணுவம்
Police,பொலிஸ்
Sub-Inspector,உபபொலிஸ் பரிசோதகர்
The majority of applicants who applied for the medical relief loan programme during the last years were war heroes in service.,நிகழ்ச்சித்திட்டத்திற்காக கடந்த வருடங்களில் விண்ணப்பித்தவர்களின் அனேகமானோர் சேவையிலுள்ள இராணுவத்தினராகும்.
"There is a decline in the  of number of requests for Medical Relief Loans received this year in comparison to other years, This is due to  Army welfare unit introducing a special medical loan programme in 2011 for members of the army in service.",2011 வருடத்திற்காக இராணுவ நலன்புரி பிரிவினுள் சேவையிலுள்ள இராணுவ உறுப்பினர்களுக்காக விஷேட வைத்திய நிகழ்ச்சித்திட்டம் நடைமுறைப் படுத்தப்பட்டதால் ஏனைய வருடங்களைப் போல இவ்வருடமும் வைத்திய கடனுக்காக விண்ணப்பித்த விண்ணப்பங்கள் எண்ணிக்கை குறைவாக உள்ளது.
Reasons for non-obtaining loans by some/ certain applicants half way during the process .,சில விண்ணப்பதாரிகள் இடையில் கடன் பெறாமைக்குரிய காரணங்கள்.
01. Inadequacy of remaining service period of most of the medical relief applicants being an obstacle in releasing loans.,01. வைத்திய சலுகைக்கடனுக்கு விண்ணப்பிக்கும் அதிகமானோருக்கு மிகுதியாக உள்ள சேவைக்காலம் குறைவாக உள்ளதால் கடன் வழங்கும் போது அது தடையாக இருக்கிறது.
02. Minimizing the need of obtaining loans as applicants are receiving sufficient financial assistance for surgeries.,02. விண்ணப்பதாரிக்கு சத்திர சிகிச்சைக்காக போதியளவு நிதியுதவி கிடைப்பதால் கடன் பெற வேண்டிய தேவைப்பாடு குறைவு.
03. Inability of obtaining loans prior to the surgery.,03. சத்திர சிகிச்சை நடைபெற முன்னர் கடன் பெற முடியாமை.
04. Rejecting acceptance of loans made by applicants since they were unable to obtain it as they had undergo surgeries suddenly.,04. திடீரென சத்திர சிகிச்சை நடைபெறும் போது கடன் பெற முடியாமையால் விண்ணப்பதாரிகளுக்கு கடன் மறுக்கப்படல்.
07. Ranaviru children’s skills evaluation programme,07. ரணவிரு பிள்ளைகள் திறன் நிகழ்ச்சித்திட்டம்
"This programme is meant to evaluate the skills of children of hose dead or missing, disabled and in service war heroes and their siblings .","இது ஊனமுற்ற, இறந்த, மற்றும் காணாமற்போன மற்றும் சேவையிலுள்ள இராணுவத்தினரின் மற்றும் சகோதர சகோதரிகளின் திறனை கௌரவிக்கும் நிகழ்ச்சித் திட்டமாகும்."
Applications were entertained from 2009 to December 2010 and winners were selected and categorized at various levels out of those applications.,2009ம் வருட ஆரம்பத்தில் இருந்து 2010 டிசம்பர் மாதம் வரை நிகழ்ச்சித் திட்டத்திற்காக விண்ணப்பம் பெறப்பட்டதோடு அவ்விண்ணப்பத்துடன் பலவகையான மட்டங்களில் வெற்றி பெற்றோரைத் தெரிவு செய்து வகைப்படுத்தப்பட்டது.
"The main function was held at John de Silva Theatre ,Colombo 7 on 07.04.2011.",பிரதான விழா 2011.04.07ம் திகதி கொழும்பு 07ல் அமைந்துள்ள ஜோன் டீ சில்வா ஞாபகார்த்த மண்டபத்தில் நடாத்த ஏற்பாடானது.
"Those winners included 310 who excelled in education, sports, esthetics, languages and activities out of subject.","இதற்காக கல்வி, விளையாட்டு, அழகியல், மொழி மற்றும் வெளி விடய நடவடிக்கைகளில் சிறப்பாக செயற்பட்டு வெற்றி பெற்ற பிள்ளைகள் 310 பேர் அடங்குவர்."
The Selection of the 2010 winners provincial wise for children’s skills evaluation programme is as follows,2010 பிள்ளைகளின் திறமை மதிப்பு நிகழ்ச்சித் திட்டத்திற்காக தெரிவு செய்யப்பட்ட வெற்றியாளர்கள் மாகாண மட்டத்தில் இவ்வாறு வகைப்படுத்தலாம்.
Serial No.,தொடர் இலக்கம்
No. of winners,வெற்றிபெற்றோர் தொகை
08. Single Counseling (Psycho Counseling Support),08. தனிநபர் ஆலோசனை நடவடிக்கை (உளவியல் ஆலோசனை உதவி)
Single Counseling support was extended to the war heroes and members of their families who sought such a service regarding their mental and family problems and we rereferred to the Psychosocial Division during the year.,வருடம் முழுவதும் அடிக்கடி சமூக உளவியல் பிரிவிடம் கோரியும் தமதும் தமது குடும்ப உறுப்பினர்களதும் உளவியல் மற்றும் குடும்ப பிரச்சினை சம்மந்தமாக ஆலோசனை சேவை தேவையான இராணுத்தினர் மற்றும் அவர்களின் குடும்ப உறுப்பினர்களுக்காக தனிப்பட்ட ஆலோசனை உதவி வழங்கப்பட்டுள்ளது.
"Persons who sought single counseling support were referred to the counseling officer of the Department of Social Services at the closest Divisional Secretariat, as there is no suitable place in the building, where the head office is temporarily housed.",தற்காலிகமாக தங்கியுள்ள பிரதான காரியாலயத்தில் பொருத்தமான இடம் இன்மையால் தனிப்பட்ட ஆலோசனை நடவடிக்கை வேண்டிய நபர்களை அண்மையிலுள்ள பிரதேச செயலாளர் பிரிவிலுள்ள சமூகசேவை திணைக்களத்தின் ஆலோசனை உத்தியோகத்தருக்கு அனுப்ப ஏற்பட்டது.
Activities engaged in other projects of the Authority,அதிகாரசபையின்  வேறு செயற்றிட்டங்களும் அது சம்பந்தமான நடவடிக்கை
01. Inspection of houses being built in the Monaragala district and scheduled to open in parallel to the Deyata Kirula exhibition that took place on 5th and 6th of January.,"01. 2011.01.05, 06 தினங்களில் தேசத்திற்கு மகுடம் நிகழ்ச்சித் திட்டத்தோடு மொனராகல மாவட்டத்தில் கட்டப்பட்டிருந்த வீட்டின் ஆய்வுக்காக பங்குபற்றல்."
02. Participated in Wellawaya community  meeting in the Monaragala district on 7.01.2011 representing the Authority.,02. 2011.01.07ம் திகதி மொனராகல மாவட்ட வெள்ளவாய சன்சந்த குழு கூட்டத்திற்காக ரணவிரு சேவை அதிகாரசபையினை பிரதிநிதிப்படுத்தி பங்கு பற்றுதல்.
03. Supported the initial organizing work and participated in  Ranaviru Day function.,03. ரணவிரு தின அடிப்படை ஏற்பாட்டு நடவடிக்கைகளுக்காக ஒத்துழைப்பு நல்குதல் மற்றும் ரணவிரு தினத்திற்காக பங்குபற்றல்.
04. Supported the organizing work and participated in the distribution of three wheelers organized by the Disabled ranaviru welfare project.,04. ஊனமுற்ற இராணுவ வீரர் நலன்புரி செயற்றிட்டத்தின் ஊடாக நடைமுறைப் படுத்தப்பட்ட முச்சக்கர வண்டி பங்கிடும் விழாவுக்குரிய ஏற்பாட்டிற்கு உதவுதலும் விழாவில் பங்குபற்றுதலும்.
05. Supported the distribution of letters in respect of yhe Uttama Puja  Pranama medal awards presentation.,05. உத்தம பூஜா பதக்கம் வழங்கும் விழாவிற்கு கடிதம் அனுப்பும் வேலைக்கு உதவுதல்.
Activities carried out in coordination with  outside institutions,வெளி நிறுவன இணைப்புக்காக நடவடிக்கைகள்
Institution,நிறுவனங்கள்
Date and Venue,திகதியும் இடமும்
Programme,நிகழ்ச்சித்திட்டம்
Programmes conducted with Family Planning Association,குடும்பத் திட்டமிடல் குழுமத்துடன் இணைந்து ஏற்பாடு செய்த வேலைத்திட்டங்கள்
13.09.2011-Anuradhapura  Northern camp,2011.09.13 - அநுராதபுரம் வட முகாம்
Health Clinic and Counseling Programme,வைத்திய சிகிச்சை மற்றும் ஆலோசனை நிகழ்ச்சித் திட்டம்
14.09.2011-Medawachchiya women corp,2011.09.14 – மதவாச்சிய மகளிர் பிரிவு
15.09.2011- Oddusudan Army camp,2011.09.15 – ஓட்டிசுட்டான் இராணுவ முகாம்
04.10.2011-Mankulam Army camp,2011.10.04 – மாங்குளம் இராணுவ முகாம்
05.10.2011-Kilinochchi Army camp,2011.10.05 – கிளிநொச்சி இராணுவ முகாம்
06.10.2011-Kankasnathurei Women’s Army corps.camp,2011.10.06 – காங்கேசன்துறை இராணுவ மகளிர் பிரிவு முகாம்
18.10.2011-Dehiattakandiya Army camp,2011.10.18 – தெஹியத்தகண்டிய இராணுவ முகாம்
03.11.2011-Trincomalee Navy camp,2011.11.03 – திருகோணமலை கடற்படை
Common difficulties,பொதுவான கஷ்டங்கள்
01. Non-receipt of adequate support from certain provincial officers in organizing workshops generally being held outside the Head Quarters.,01. பொதுவாக பிரதான காரியாலயத்திற்கு அப்பால் செயலமர்வுகளை ஏற்பாடு செய்யும் போது சில பகுதி உத்தியோகத்தர்களிடமிருந்து போதிய ஒத்துழைப்பு கிடைக்காமை.
02. Sending time for urgent special programmes at the cost of general programmes.,02. பொது நிகழ்ச்சித் திட்டங்களின் செலவில் திடீர் விஷேட நிகழச்சித்திட்டங்களை ஏற்பாடு செய்தல்
03. Problems encountered by the staff due to inadequacy of space in the office.,03. பணியாளர்களுக்கு காரியாலயத்தில் இடவசதி போதியதாக இன்மையால் பிரச்சினை தோன்றுதல்.
04. All three persons attached to the project are women.,04. நிகழ்ச்சித்திட்டத்தில் இருக்கும் மூவரும் பெண்களாவர்.
Services of an officer are needed for technical and other requirements in organizing outside workshops and other related activities.,வெளியில் செயலமர்வு ஏற்பாடு செய்யும் போதும் நடைமுறைப்படுத்தும் போதும் தொழில்நுட்ப வேலைகளுக்கும் ஏனைய செயல்பாடுகளுக்குமாக ஆண் உத்தியோகத்தரின் தேவை தோன்றுகின்றது
II. Disabled Ranaviru welfare project,II.	ஊனமுற்ற இராணுவ நலன்புரி செயற்றிட்டம்
01.Distribution Three Wheelers -2011,01. முச்சக்கர வண்டிகளின் பகிர்ந்தளிப்பு - 2011
Objective,நோக்கம்
"To ensure that the war hero and his family members are well placed in the society in a strong position both mentally and economically through measures for averting transport difficulties he faces due to becoming disabled and easing transport means of their family members  and providing opportunities for them to contribute for the development of the liberated country,",ஊனமுற்ற நிலைமை உருவானதால் இராணுவத்தினர் முகம் கொடுக்கும் போக்குவரத்து கஷ்டங்களை நீக்கி அவர்களின் குடும்பத்தினரின் போக்குவரத்து வசதிகளை சீர் செய்து சுதந்திர நாட்டின் அபிவிருத்திக்கு அவர்களின் குடும்பத்தினர் உளவியல் ரீதியாகவும் பொருளியல் ரீதியாகவும் சமூகத்தினுள் திடமான நிலையில் இருப்பதை காண்பதேயாகும்.
Target group,பயன்பெறும் குழு
The disabled war heroes of the Armed Forces and the Police who were made to retire on doctor’s recommendations following being disabled in action and the disabled war heroes of the Armed Forces and the Police who have to remain at home on medical grounds.,யுத்த சமயத்தில் கடமையில் ஈடுபட்ட போது உடல் ஊனமுற்ற காரணத்தினால் வைத்திய சிபார்சின்படி ஓய்வு பெற்றுள்ள முப்படையினரும் மற்றும் வைத்திய காரணத்திற்காக வீட்டிலிருக்கும் முப்படையினரும் பொலிஸில் ஊனமுற்ற வீரர்களும்.
The target for the year has been achieved,இவ்வருடம் எதிர்பார்த்த இலக்கு அடையப்பட்டுள்ளது.
Assistance for sanitary facilities -2011,சுகாதார பாதுகாப்பு வசதிக்காக உதவி வழங்குதல் 2011
Provision of financial assistance for the building a bath room with a security fence for use of the disabled war heroes as a step of relieving them from difficulties they face in the day today work.,பலவகையான ஊனங்களுக்கு உள்ளாகித் தம் அன்றாடத் தேவைகளுக்கும் அசௌகரியங்களுக்கும் முகம் கொடுக்கும் இராணுவ வீரர்களை அவற்றிலிருந்து விடுவித்து கொள்ளும் ஒரு நடவடிக்கையாக பாதுகாப்பு வேலியுடன் குளியலறையும் அமைப்பதற்கு நிதி உதவி வழங்குதல்.
Making travel arrangements up to the house of the war hero and for providing other necessities.,இராணுவ வீரரின் வீட்டிற்கு செல்ல போக்குவரத்து வசதியை அமைக்கத் தேவையான நடவடிக்கை மேற்கொள்ளல் மற்றும் பிற தேவைகளுக்கும் நடவடிக்கை எடுத்தல்.
Target group,பயன்பெறும் குழுவினர்
The disabled war heroes of the Armed Forces and the Police who made to retire while on duty on doctor’s recommendations,யுத்தக் கடமையின் போது வைத்திய சிபார்சின்படி ஓய்வு பெற்றுள்ள முப்படையிலும் பொலிசிலும் ஊனமுற்ற போர்வீரர்கள்.
The Service,சேவை
The target for the year has achieved,இவ்வருடத்தில் எதிர்பார்த்த இலக்கு அடையாளப்பட்டுள்ளது.
Equipments for the disabled 2011,ஊனமுற்றோர் உபகரணம் வழங்குதல் 2011
Equipment,உபகரணம்
Quantity,அளவு
Artificial foot,செயற்கை பாதம்
Hand aid,கைப்பிடி
Wheel chairs,சக்கர நாற்காலி
Hearing aid,கேட்டல் கருவி
"Equipments needed for disabled war heroes such as artificial feet, hand aid, wheel chairs, hearing aid, crutches, water beds are distributed with the support of local and foreign donors as a step of relieving them from difficulties they face due their disability status.","போர் வீரர்களுடைய உடல் ஊனத்தினால் அவர்கள் முகம் கொடுக்கும் கஷ்டங்களை நீக்குவதற்காக அவர்களுக்குத் தேவையான உபகரணங்களான செயற்கைப்பாதம், கை உதவி, சக்கர நாற்காலி, கேட்டல் கருவி கைப்பிடி ஊன்று கோல், நீர் மெத்தை, என்பன உள்நாட்டு வெளிநாட்டு நன்கொடையாளர்களின் உதவியுடன் வழங்கப்பட்டன"
The Authority provided only one artificial foot,ஒரு செயற்கைப் பாதம் மாத்திரம் அதிகார சபையினால் வழங்கப்பட்டது.
Residential training workshops for the disabled war heroes - 2011,ஊனமுற்ற போர் வீரர்களுக்கான வதிவிடப்பயிற்சி செயலமர்வு - 2011
"The activities under taken during this assignment include looking after the welfare of the disabled war heroes and their  family members, encouraging them to initiate self employment programmes  as a measure of enhancing the economy, guiding for  bhawana  for boosting  of the morale and spiritual wellbeing and presentation of cultural items for their entertainment With the participation of resource persons these workshops are held for two days at the provincial level.","ஊனமுற்ற இராணுவவீரர் மற்றும் அவர்களின் குடும்ப நலன்புரி திட்டமிடல், பொருளாதார அபிவிருத்தியை ஏற்படுத்தி தொழிலில் ஈடுபட ஊக்கமளித்தல், மனோ திடத்தையும் ஆன்மிக விருப்பத்தையும் ஏற்படுத்த தியான முறைகளை பின்பற்ற வழிகாட்டல், அவர்களின் பொழுது போக்கிற்காக கலாச்சார நிகழ்ச்சிகளை முன்வைத்தல் போன்ற செயற்பாடுகளை உள்ளடக்கியிருந்ததுடன் விரிவுரையாற்ற அவசியமான வளவாளர்களைக் கொண்டு மாகாண மட்டத்தில் செயலமர்வுகள் இரு நாட்கள் நடாத்தப்பட்டன."
A workshop was successfully concluded at Monaragala in the Uva Province.,ஊவா மாகாணத்தில் மொனராகலையில் இவ்வேலைத் திட்டம் சிறப்பாக நடைபெற்றது.
"03.Education, Skills and Economic Development Division","03. கல்வி, திறன்கள், மற்றும் பொருளாதார அபிவிருத்தி பிரிவு"
I. Skills Development Project,I. திறன் விருத்தி செயற்றிட்டம்
Introduction,அறிமுகம்
"Improvement of the earning capacity of families of those dead, missing, retired with disability and in service war heroes who have done much for safe guarding the country and the people, through enhancing capacity while imparting practical and theoretical knowledge in different fields to suit to their education qualifications and talents.","எமது நாட்டிற்காகவும் மக்களின் பாதுகாப்புக்காகவும் உயிர் நீத்த, காணாமற்போன, ஊனமுற்ற, ஓய்வு பெற்ற மற்றும் தற்போது சேவையிலுள்ள இராணுத்தினரது குடும்ப திறன் மற்றும் கல்வித் தகைமைகளின் படி பலவகை துறைகளில் பயிற்சிகளும் சரியான முறையில் அறிவும் வழங்கி திறமையினை வளர்த்து அவர்களின் உழைப்புத் திறனை உயர்த்துதல்."
Vision,இலக்கு
Enhancement of the earning capacity of family members of war heroes according to their capacity and talents,இராணுவவீரர் குடும்ப உறுப்பினர்களின் திறமைகளையும் திறன்களையும் வைத்து அவர்களின் உழைப்புத் திறனை விருத்தி செய்தல்.
Mission,குறிக்கோள்
"Creating a conducive back ground for family members of war heroes while improving their self confidence, identifying their skills and directing  them to courses and assignments with a view to imparting technical and technological knowledge and training to suit their skills and direct them to the  income generating process.","இராணுவவீரர் குடும்ப உறுப்பினர்களின் ஆத்ம நம்பிக்கையை வளர்த்து அவர்களின் திறன்களை இனம்கண்டு அதற்கேற்ற தொழில்நுட்ப அறிவும், பயிற்சியும் வழங்குவதற்காக பாடநெறி மற்றும் செயற்பாடுகளை நடாத்தி அவர்களை வருமானம் உழைக்க நடைமுறையில் ஈடுபடுத்தி வழிகாட்டி அதன்மூலம் சிறந்த வாழ்க்கைப் பின்னணியை உருவாக்குதல்."
To make family members of war heroes a group bringing with self-confidence and skills by making an attitudinal change in them,இராணுவவீரர் குடும்ப உறுப்பினருள் பழக்க வழக்கங்களில் மாற்றம் ஏற்படுத்தி அதனூடாக அவர்களிடம் தன்னம்பிக்கையை வளர்த்து திறமை உள்ளவர்களாக மாற்றுதல்.
Identifying the training needs based on talents and skills of Ranaviru family members and guide  them for imparting technical and technological knowledge and training and making available opportunities.,"இராணுவவீரர்களின் குடும்ப உறுப்பினர்களது திறன் மற்றும் திறமைகளை அடையாளம் கண்டு தொழில்நுட்ப மற்றும் தொழிற்பயிற்சி அறிவு, பயிற்சிகள் மற்றும் சந்தர்ப்பங்களை ஏற்படுத்திக் கொடுத்தல்."
Being referred for jobs and encouraging them for self-employment.,தொழில்களுக்கு ஈடுபடுத்துதல் மற்றும் சுய தொழிலுக்காக ஊக்குவித்தல்
Enhancement of thrift and savings of Ranaviru family members,இராணுவவீரர் குடும்ப உறுப்பினர்களிடையே சிக்கனத்தை வளர்த்து சேமிப்பை விருத்தி செய்தல்.
Skills Development Project,திறன் விருத்தி திட்டம்
Development of computer centers,கணனி நிலையங்களின் விருத்தி
Awarding semi scholarships for educational and vocational courses,கல்வி மற்றும் தொழிற் கற்கை நெறிக்காக பகுதிப் புலமைப்பரிசில் வழங்கல்
Granting village advisory allowances,கிராமிய ஆலோசனை கொடுப்பனவு வழங்கல்
Conducting language courses,மொழிகள் தொடர்பான கற்கை நெறிகளை நடாத்துதல்
Granting aid for self employment,சுயதொழிலுக்கு உதவி வழங்குதல்
Conducting provincial workshops on self employment,மாகாண மட்டத்திலான சுயதொழில் செயலமர்வுகளை நடாத்துதல்
Granting loans for self employment,சுயதொழில் கடன் வழங்குதல்
Granting loans for skills development,திறன் விருத்திக்காகக் கடன் வழங்குதல்
Linking with various institutions to meet the needs of family members of war heroes through skills development project,திறன் விருத்தி திட்டத்தினூடாக இராணுவவீரர் குடும்ப உறுப்பினர்களின் தேவைக்காக பல்வேறுபட்ட நிறுவனங்களோடு சேர்ந்து செயற்படுதல்
Special projects under the skills development projects,திறன் விருத்தி திட்டத்தின் கீழ் நடைபெறும் விசேட திட்டங்கள்
New computer centers and Development of existing  computer centers,புதிய கணனி நிலையங்களும் ஏற்கனவே உள்ள கணனி நிலையங்களையும் விருத்தி செய்தல்
One important task of the skills development project is to make provision for family members of the war heroes and of those who retired with disability improve their computer knowledge.,இராணுவவீரர்களின் குடும்ப அங்கத்தவர்களினதும் ஊனமுற்றதால் ஓய்வு பெற்ற இராணுவவீரர்களினதும் கணனி அறிவை விருத்தி செய்தல் இத் திறன் விருத்தி திட்டத்தின் மற்றுமொரு முக்கியமான செயற்பாட்கும்.
50 computer centers are being effectively run by the Authority as of the end of 2011.,2011 ஆண்டு முடிவின் போது 50 கணனி மத்திய நிலையங்கள் நாடெங்கும் வெற்றிகரமாக செயற்பட்டு வருகின்றன.
Most of computer maintenance jobs of these computer centers were done using the knowledge and skills of the project without bearing additional costs.,இந்தக் கணனி மத்திய நிலையங்களின் பராமரிப்பு வேலைகள் அநேகமாக இத் திட்டத்தின் மூலம் பெற்ற அறிவு மற்றும் திறமையினை பயன்படுத்தி மேலதிக செலவின்றி நடாத்தப் படுகின்றது.
"Progress of computer centers was reviewed this year as well and the progress and deficiencies were brought to the notice of the chairperson, the project manager and provincial officers in writing.","கணனி மத்திய நிலையங்களின் செயற்பாடுகளை மதிப்பீடு செய்து பார்க்கும் வேலை இவ்வருடமும் நடைபெற்றதோடு அதன் மதிப்பீடும் குறைபாடும் அதிகார சபையின் தலைவிக்கும், திட்ட முகாமையாளருக்கும் மற்றும் உரிய மாகாண உத்தியோகத்தர்களுக்கும் எழுத்து மூலம் அறிவிக்கப்பட்டது."
Instructors’ fees were paid only to the instructors who completed the specific number of hours of teaching.,அவ்வாறு கணனி மத்திய நிலையங்களில் வேலை செய்யும் போதனாசிரியர்களின் சம்பளமானது அவர்களுக்கு வழங்கப்பட்ட குறிப்பிட்ட மணித்தியாலங்களைப் பூர்த்தி செய்தவர்களுக்கு மாத்திரம் வழங்கப்பட்டது.
Examinations were conducted for students who completed computer courses and certificates were issued to about 200 students who completed the courses successfully.,கணனி கற்கை நெறியை முடித்த மாணவர்களுக்காக கணனி மத்திய நிலையங்களில் பரீட்சைகள் நடாத்தப்பட்டு சிறப்பாக கற்கைநெறியைப் பூரணைப்படுத்திய சுமார் 200 மாணவர்களுக்கு 2011ம் வருடத்தில் சான்றிதழ்கள் வழங்கப்பட்டது.
The Telecommunication Regulatory Commission contributed for the development of infrastructure of computer centers this year.,இவ்வருடம் கணனி மத்திய நிலைய அடிப்படை வசதிகளை மேம்படுத்துவதற்கு தொலைத்தொடர்பு ஒழுங்குமுறை ஆணையம்  அனுசரணையை வழங்கியது.
Conducting workshops for Computer Instructors,கணனி போதனாசிரியர்களுக்கு பயிற்சிச் செயலமர்வுகளை நடாத்துதல்
"A two day training workshop for Computer Instructors at the computer centers of the Authority scattered through out the island was held at the Moratuwa university on 3,4 December 2011 in collaboration with the Moratuwa university with full support of the Vice Chancellor, the Dean of the Information Technology faculty and the staff.","மொரட்டுவ பல்கலைக்கழகத்தோடு இணைந்து ரணவிரு சேவை அதிகார சபையின் திறன் விருத்தி திட்டத்தினூடாக நாடெங்கும் நடாத்தப்படுகின்ற கணனி மத்திய நிலையங்களில் போதனாசிரியர்களைப் பயிற்றுவிக்கும் செயலமர்வு 2011ம் வருடம் டிசம்பர் மாதம் 3ம்,4ம் திகதிகளில் (இருதினமும்) மொரட்டுவ பல்கலைக்கழகத்தில் நடாத்தப்பட்டதுடன் இதற்காக மொரட்டுவ பல்கலைக்கழகத்தின் உபவேந்தர் மற்றும் தகவல் தொழில்நுட்ப பீடாதிபதி உட்பட விரிவுரையாளர்களின் ஒத்துழைப்பு கிடைத்தது"
Categorization of computer centers provincial wise,மாகாண ரீதியில் கணனி மத்திய நிலையங்களை வகைப்படுத்தல்
Western Province,மேல் மகாணம்
1. Agalawatta,1. அகலவத்தை
2. Nugedolawatta,2. நுகேதொலவத்தை
3. Udupila Delgoda,3. உடுபில தெல்கொட
4. Keragala,4. கேரகல
5. Wathupitiwala,5. வத்துபிட்டிவல
6. Kosgama,6. கொஸ்கம
7. Dodamgoda,7. தொடம்கொட
8. Dompe,8. தொம்பே
9. Gampaha,9. கம்பஹா
10.Walbotalegama,10. வல்போத்தலேகம
1. Mawanella,1. மாவனெல்ல
2. Nivitigala,2. நிவித்திகல
3. Balangoda,3. பலங்கொட
4. Kegalle,4. கேகாலை
5. Embilipitiya,5. எம்பிலிபிட்டிய
6. Rambukkana,6. ரம்புக்கன
1. Balagolla,1. பலகொல்ல
2. Walpane,2. வலப்பனை
3. Hanguranketha,3. ஹங்குராங்கெத்த
4. Ganga Ihala Korale,4. கங்க இஹலகோரளே
5. Ukuwela,5. உக்குவலை
6. Galewela,6. கலேவெல
1. Madulla,1. மடுல்ல
2. Perahettiya,2. பெரஹெட்டிய
3. Mahiyangana,3. மஹியங்கன
4. Wellawaya,4. வெல்லவாய
5. Passara,5. பஸ்ஸர
6. Medagama,6. மெதகம
7. Kataragama,7. கதிர்காமம்
North Western,வடமேல்
1. Ibbagamuwa,1. இப்பாகமுவ
2. Nikaweratiya,2 நிக்கவெரட்டிய
3. Anamaduwa,3. ஆனைமடு
4. Mallawapitiya,4. மல்லவபிட்டிய
5. Polpitigama,5. பொல்பித்திகம
6. Narammala,6. நாரம்மல
1. Mapalagama,1. மாபலகம
2. Lunugamwehera,2. லுணுகம்வெஹெர
3. Weligama,3. வெலிகம
4. Lunama,4. லுணம
5. Neluwa,5. நெலுவ
1. Rambwa,1. ரம்பேவ
2. Kekirawa,2. கெக்கிராவ
3. Galnewa,3. கல்னேவ
4. Medawachchiya,4. மதவாச்சி
1. Kantale,1. கந்தளாய்
2. Gomarankadawela,2. கோமரன்கடவல
3. Nawagampura,3. நவகம்புர
4.Dehiattakandiya,4. தெஹியத்தகண்டிய
Locations of Computer centers,கணனி நிலையம் அமைக்கப்பட்டுள்ள பிரதேசங்கள்
Computer training workshop – Moratuwa University,கணனி பயிற்சிப்பட்டறை - மொறட்டுவை பல்கலைக்கழகம்
Conducting English training workshops,ஆங்கில பயிற்சி செயலமர்வு நடாத்துதல்
A workshop to train English Instructors selected from community  and the villages for improving English knowledge of family members of war heroes at community  and the villages was conducted on the 12th and 13 th of December at Hector Kobbekaduwa Agricultural Training Institute by the Skills Development project of the Ranaviru Sewa Authority.,"ரணவிரு சேவை அதிகார சபையின் திறன் விருத்தி திட்டத்தினூடாக ரணவிரு சமூக கிராமங்களில் இருக்கும் ரணவிரு குடும்ப உறுப்பினர்களின் ஆங்கில அறிவினை விருத்தி செய்யும் நோக்குடன் சமூக மற்றும் கிராமங்களினூடாக தேர்ந்தெடுக்கப்பட்ட ஆங்கில போதனாசிரியர்கள் பயிற்சியளிக்கும் செயலமர்வு 2011 டிசம்பர் மாதம் 12ம், 13ம் திகதிகளில் ஹெக்டர் கொப்பேகடுவ விவசாய ஆராய்ச்சி கூடத்தில் நடைபெற்றது."
13 English Instructors participated in this workshop,இச் செயற்றிட்டத்தில் ஆங்கில போதனாசிரியர்கள் 13 பேர் கலந்து கொண்டார்கள்
Awarding semi scholarships for educational vocational courses,கல்வி தொழில் கற்கை நெறிக்காக ஒரு பகுதி புலமைப்பரிசில் வழங்குதல்
Granting skills aid,திறன் உதவி வழங்குதல்
The objective of this project is improving technical and technological education and vocational skills of children of war heroes with a view to pave the way for successful employment in future.,இராணுவவீரர் குடும்ப பிள்ளைகளின் தொழில்நுட்ப கல்வி மற்றும் தொழில் திறனை முன்னேற்றி அவர்களுக்கு எதிர்காலத்தில் சிறந்த தொழிலை நோக்கி முன்னேற்றுவது இதன் நோக்கமாகும்.
Granting skills aid,கல்வி தொழில் திறமைக்காக உதவி வழங்குதல்
District wise,மாவட்ட அடிப்படையில்
No of  beneficiaries,நன்மை பெறுவோர்
Payment of village instructor’s allowance,கிராமிய போதனாசிரியர்களுக்கான சம்பளத்தை வழங்குதல்
"This programme has been designed to provide financial contributions, advise and make direction the upgrading the skills and technological proficiency in various fields.",கிராமங்களில் பிள்ளைகளின் கல்வி ஞானம் திறமை மற்றும் பல துறைகளிலும் தேர்ச்சி பெறுவதற்காக அவசியமான நிதிப் பங்களிப்பு போதனாசிரியர் மற்றும் அதற்காக ஈடுபடுத்தப்பட்ட கொடுப்பனவு இந்த நிகழ்ச்சித் திட்டத்தில் திட்டமிடப்பட்டுள்ளது.
"An instructor is paid of Rs, 4000 per month as an encouragement.","போதனாசிரியர் கொடுப்பனவு மாதாந்தம் ரூபாய் 4,000/= பணமும் ஊக்குவிப்பாக வழங்கப்படும்."
"Courses such as dancing, music, computer science, pre-schools and English language studies are used in this regard.","சங்கீதம், கணனி, முன்பள்ளி, ஆங்கில மொழிக்கல்வி ஆகிய கற்கைநெறிகள் கீழ்க்காணும் கிராமங்களில்  நிலையங்களில் நடைபெறும்."
Location of centers,நிலையங்களின் அமைவிடம்
Western,மேல்
1.Watupitiwela,1. வத்துபிட்டிவல
2.Keragala,2. கேரகல
3.Kosgama,3. கொஸ்கம
"4,Udupila",4. உடுவில
1.Balagolla,1. பலகொல்ல
1.Rambawe,1. ரம்பேவ
2.Kekirawa,2. கெக்கிராவ
3.Galnewa,3. கல்னேவ
1.Perahettita,1. பெரஹெட்டிய
2.Welimada,2. வெளிமடை
1.Ibbagamuwa,1. இப்பாகமுவ
1.Kantale,1. கந்தளாய்
2.Nawagampura,2. நவகம்புர
1.Mapalagama,1. மாபலகம
Granting Self Employment aid -2011,சுயதொழில் உதவி வழங்குதல் - 2011
"Under this project, financial assistance is given to the Ranaviru families of those dead, missing, retired with disability and those who die or become disabled while in service due to causes outside the operations, to begin a self employment or to improve an existing one.","இத் திட்டத்தின் கீழ், உயிர் நீத்த, காணாமற்போன, ஊனமுற்ற, ஓய்வுபெற்ற இராணுவவீரர் குடும்ப உறுப்பினர்களினதும், மற்றும் சேவையிலுள்ளபோது யுத்தத்தில் அன்றி வேறு காரணத்தால் உயிர் நீத்த, ஊனமுற்ற, ரணவிரு குடும்ப உறுப்பினர்களுக்கு சுயதொழில் ஆரம்பிக்க, மற்றும் முன்னேற்ற உதவி வழங்கப்படும்."
The self employment target of 40 for 2011 was achieved by the end of year giving financial assistance to 40 beneficiaries.,2011 ஆம் ஆண்டின் 40 சுயதொழிலாளர்களுக்கு நிதியுதவியை வழங்கியதன் மூலம் அவ்வாண்டிற்கான 40 சுயதொழில் இலக்கானது அடையப்பட்டது.
Progress of offering self employment assistance – Provincial wise,சுயதொழில் உதவி வழங்கல் முன்னேற்றம் - மாகாண அடிப்படையில்
Progress of offering self employment assistance – District wise,சுயதொழில் உதவி வழங்கல் மதிப்பீடு மாவட்ட அடிப்படையில்
Progress of offering self employment assistance – Industrial  wise,சுயதொழில் உதவி வழங்கும் மதிப்பீட்டு - கைத்தொழில் அடிப்படையில்
Industry,கைத்தொழில்
No of beneficiaries,நன்மை பெறுவோர் எண்ணிக்கை
Sewing clothes,ஆடை தைத்தல்
Animal husbandry,மிருக வளர்ப்பு
Bridal  dressing,மணமகள் அலங்காரம்
Brick making,செங்கல் வெட்டுதல்
Handicraft production,கைப்பணிப்பொருள் உற்பத்தி
Groceries,சில்லறை வியாபாரம்
Sale of fruits,பழ வியாபாரம்
Mushroom cultivation,காளான் பயிர்ச்செய்கை
Sale of clothes,துணி வியாபாரம்
Making of brown paper bags,பிரவுண் பேப்பர் பேக் தயாரித்தல்
Making  alter wicks,விளக்குத் திரி திரித்தல்
Making of  door mats,துடைப்பம் தைத்தல்
Flower cultivation,மலர் செய்கை
Packaging of dates,பேரீச்சம்பழம் பெக்கட் செய்தல்
Sale of toys,விளையாட்டுப் பொருட்கள் வியாபாரம்
Sale of sweets,இனிப்புப்பண்டம் வியாபாரம்
Grinding mill,அரைக்கும் ஆலை நடாத்துதல்
Packeting lime,தேசிக்காய் பக்கெற் செய்தல்
Packeting dried fish,கருவாடு பக்கெற் செய்தல்
Progress of offering self employment assistance – Services wise,சுயதொழில் உதவி வழங்கல் மதிப்பீடு - சேவையின்படி
Service,சேவை
Air force,விமானப்படை
Offering self employment assistance – break down for the years,வருடங்களின்படி சுயதொழில் உதவி வழங்குதல்
Number,எண்ணிக்கை
4. Conducting workshops on self employment,4. சுயதொழில் தொடர்பாக செயலமர்வு நடாத்துதல்
The aim of this effort is to identify the different self employment projects specified to some areas in the country and educate the interested Ranaviru families to  be engaged in them.,இலங்கையில் பல பிரதேசங்களுக்கேயுரிய தனித்துவமான சுயதொழில்களை இனம் கண்டு அவற்றை சுயதொழிலாக ஆரம்பிக்க விருப்பம் தெரிவிக்கும் இராணுவ குடும்பங்களுக்கு உரிய அறிவினைப் பெற்றுக்கொடுப்பது இம் முயற்சியின் நோக்கமாகும்.
Four workshops were held in 2011 in (04) provinces.,அதன்படி (04) மாகாணங்களில் நான்கு பயிற்சிப்பட்டறைகள் நடாத்தப்பட்டன.
North Western Province,வடமேல் மாகாணம்
Workshop on the Batik industry,பத்திக் தொழிற்சாலை பற்றிய செயலமர்வு
"Workshop on the manufacture of the glue for School, cleaning liquid for toilet and hand washing soap, and entrepreneurship","பாடசாலைக்கான பசைகள், மலசலகூட சுத்தம் செய்தல் திரவங்கள், கை கழுவும் சவர்க்காரம் உற்பத்தி மற்றும் சிறுகைத்தொழில் பற்றிய செயலமர்வு"
Workshop on the manufacture of sweets,இனிப்புப் பண்டங்கள் உற்பத்தி பற்றிய செயலமர்வு
Workshop on the manufacture of  leather products,தோல் பொருட்கள் உற்பத்தி சம்மந்தமாக செயலமர்வு
05. Granting self employment loans,05. சுயதொழில் கடன் வழங்குதல்
"Under this project loans are given to the families of those dead, missing, and those retired with disability to begin a self employment or to improve an existing one.","உயிர் நீத்த காணாமற்போன, ஊனமுற்ற ஓய்வுபெற்ற இராணுவ வீரர்களின் குடும்ப உறுப்பினர்களுக்கு சுயதொழில் ஆரம்பிக்கவும் அல்லது ஏற்கனவே உள்ளதை மேம்படுத்தவும் இத் திட்டக் கடன்கள் வழங்கப்பட்டன."
The target for granting self employment  loans in 2011 was 25 and loans had been issued to 19  persons by the end of the year .,2011 சுயதொழில் கடன் வழங்குவதற்கான இலக்கு 25 ஆனதுடன் 2011 வருட இறுதியில் நலன்பெறுவோர் 19 பேருக்காக சுயதொழில் கடன் வழங்கப்பட்டது.
Progress of granting self employment loans,சுயதொழில் கடன் வழங்கப்பட்டவர்களின் முன்னேற்றம்
Progress of granting self employment loans- District wise,சுயதொழில் கடன் வழங்கப்பட்டவர்களின் முன்னேற்றம் - மாவட்டத்தின்படி
Progress of granting self employment loans- Trade wise,சுயதொழில் கடன் பெற்றவர்களின் முன்னேற்றம் - கைத்தொழில் அடிப்படையில்
Trade,கைதொழில்
No. of beneficiaries,நன்மை பெறுவோர் எண்ணிக்கை
Grocery,சில்லறை வியாபாரம்
Home gardening,தோட்டப் பயிர்ச்செய்கை
Carpentry,தச்சுத் தொழில்
Betal cultivation,வெற்றிலை பயிர்ச்செய்கை
Sale of toys,விளையாட்டுப் பொருட்களின் விற்பனை
Anthurium cultivation,அந்தூரியம் பயிர்ச்செய்கை
Manufacture bag,பைகள் தைத்தல்
Progress of granting self employment loans- Services wise,சுயதொழில் கடன் பெற்றவர்களின் முன்னேற்றம் - சேவையின்படி
Air Force,விமானப்படை
Granting skills development loans,திறன்விருத்தி கடன் வழங்குதல்
"During 2011 under the skills development loan scheme loans were given to 13 beneficiaries selected from among close relatives (daughter, son, wife) of war heroes who had sacrificed their lives for the country and those presently in the service serving the country and for parents and siblings of the unmarried, for taking part in international competitions in accordance with their talents to bring glory to  the country.",நம் நாட்டிற்காக தமது உயிரைத் தியாகம் செய்த மற்றும் தற்போது சேவையில் இருந்து கொண்டு தமது நடவடிக்கைகளை எப்பொழுதும் நாட்டிற்காக வழங்கும் இராணுவத்தினரின் குடும்பத்தில் நெருங்கிய உறவினர் (மகள் / மகன் /மனைவி) க்கும் இராணுவ வீரர் திருமணமாகாதவராயின் பெற்றோருக்கும் திருமணமாகாத சகோதர சகோதரிகளுக்கு அவர்களின் திறமையின்படி நாட்டிற்குப் பெருமை தரும் வகையில் நோக்கம் வைத்து சர்வதேச மட்டப் போட்டிகளில் பங்கு பற்றுவதற்கும் “திறன்விருத்தி கடன் நிகழ்ச்சித் திட்டத்தின்” கீழ் 2011 வருடத்தில் நன்மை பெறுவோர் 13 பேருக்கு திறன் விருத்திக் கடனானது வழங்கப்பட்டது.
Granting skills development loans-  2011,2011 வருடத்தில் வழங்கப்பட்ட திறன்விருத்திக் கடன்
1. World volleyball tournament of the disabled held in Kampuchea 2011,1. 2011 ல் காம்போசேயில் நடைபெற்ற அங்கவீனர்களுக்கான உலக கரப்பந்தாட்டப் போட்டியில் பங்குபற்றுவதற்காகவும்.
2. To purchase air tickets to participate in 1st Volleyball tournament of the disabled played while being seated held in Beijing China,2. சீனாவில் பீஜிங் நகரில் நடைபெற்ற ஊனமுற்றோரின் அமர்ந்து கொண்டே விளையாடும் முதலாவது கரபந்தாட்டப் போட்டியில் பங்கு பற்றுவதற்கு விமானப் பயணச்சீட்டுக்களை கொள்வனவு செய்து பங்குபற்றுவதற்காக
3. For participating in a Karate competition held in India,3. இந்தியாவில் நடைபெற்ற கராத்தே விளையாட்டுப் போட்டிக்கு பங்குபற்றுவதற்கு.
4. For participating in a Karate competition held in India,4. இந்தியாவில் நடைபெற்ற கராத்தே விளையாட்டுப் போட்டிக்கு பங்குபற்றுவதற்கு.
Linkages with different institutions for meeting requirements of Ranaviru family members through Skills development projects,திறன்விருத்தி செயற்றிட்டமூடாக ரணவிரு குடும்ப உறுப்பினர்களின் தேவைகளுக்காக நிறுவனங்களுடன் சம்பந்தப்படல்
"Arrangements were made through the skills development project, to link Ranaviru family members with different government and non-government institutions to meet their identified necessities such as job opportunities, getting jobs confirmed, following study and vocational courses, enhancement of artistic talent, and participating in trade exhibitions.","திறன்விருத்தி செயற்றிட்டமூடாக ரணவிரு குடும்ப அங்கத்தவர்களிடமிருந்து அடையாளம் காணப்பட்ட பல தேவைகளான  வேலை வாய்ப்புக்கள், தொழில் நிரந்தரமாக்குதல், பல் கல்வி மற்றும் தொழில் கற்கை நெறிகளைப் பயிலல், கலைத்திறனை முன்னேற்றல், வியாபார கண்காட்சிக்கு சமூகமளித்தல் போன்றவற்றிற்கு பல அரச மற்றும் அரச சார்பற்ற நிறுவனங்களுடன் ரணவிரு குடும்ப அங்கத்தவர்களை சம்பந்தப்படுத்த உரிய நடவடிக்கை எடுக்கப்பட்டுள்ளது."
Break down of beneficiaries who gained help through the linkages 2011,"அந்தந்த மாவட்டங்களுக்காக 2011 வருடத்தில் உதவிகளை பெற்றோர் விபரம், கீழே குறிப்பிடப்பட்டுள்ளது."
Special Projects  under the Skills Development Project,திறன் அபிவிருத்தி செயற்றிட்டத்தின் கீழ் நடைபெற்ற விசேட செயற்றிட்டம்
Holding a self employment products sale stall at the Dayata Kirula Exhibition,தேசத்திற்கு மகுடம் வியாபார கண்காட்சிக்காக சுயதொழில் உற்பத்தி விற்பனை நிலையம் ஒன்றை நடாத்துதல்
A self employment products sales stall was opened at the Dayata Kirula Exhibition 2011- Buttala by the Skills and Economic Development project at which products of 15 beneficiaries were on display for sale.,2011ம் வருடத்தில் புத்தள பிரதேசத்தில் நடைபெற்ற தேசத்துக்கு மகுடம் கண்காட்சிக்காக திறன் மற்றும் பொருளாதார அபிவிருத்தி செயற்திட்டத்தினூடாக சுயதொழில் பயனாளிகளின் படைப்புகளை உள்ளடக்கி விற்பனை சாலைகளில் வைப்பதோடு அங்கு சுயதொழில் நடத்துகின்ற பயனாளிகளின் 15 பேருடைய படைப்புகளை காட்சிப்படுத்துவதற்கும் விற்பனை செய்வதற்கும் ஏற்பாடு செய்யப்பட்டிருந்தது.
Annual progress in summary,வருடாந்த முன்னேற்ற அறிக்கை சாரம்சம்
Province,மாகாணங்கள்
Self-employment Assistance,சுயதொழில் உதவி
Self-employment Loans,சுயதொழில் கடன்
Aid for studies & Courses,கல்வி மற்றும் கைத்தொழில் கற்கைநெறி
Skills Development Loans,திறன் விருத்திக் கடன்
II.Housing loans,II. வீட்டுக்கடன்
The objective of this project is to grant concessionary the loans under housing loan programme in order to raise wellbeing of the Ranaviru families economically and mentally.,ரணவிரு குடும்ப பொருளாதாரமாக உளவியல் ரீதியாக முன்னேற்றுவதற்காக வீட்டுக்கடன் நிகழ்ச்சித்திட்டத்தின் கீழ் பின்வரும் அடிப்படையில் கடன் பெறுவதே அதன் நோக்கமாகும்.
Granting housing loans,வீட்டுக்கடன் வழங்குதல்
Granting community  housing loans,சனசமூக வீட்டுக்கடன் வழங்குதல்
Granting village housing loans,கிராமிய வீட்டுக்கடன் வழங்குதல்
Granting housing loans for those in the service,சேவையில் உள்ளோருக்காக வீட்டுக்கடன் வழங்குதல்
Housing loan programme - community,வீட்டுக்கடன் நிகழ்ச்சித் திட்டம் - சனசமூக
The Ranaviru Sewa Authority has introduced this housing loan scheme to make the dream of a house of Ranaviru families a reality .,ரணவிரு குடும்பங்களின் உறுப்பினர்களது வீடமைக்கும் கனவை நிஜமாக்கும் நோக்கோடு ரணவிரு சேவை அதிகாரசபையினால் இவ் வீட்டுக்கடன் செயற்றிட்டம் நடைமுறைப்படுத்தப்பட்டுள்ளது.
Community housing loans are granted for the following purposes,கீழ்க்காணும் காரணங்களுக்காக சனசமூக வீட்டுக்கடன் வழங்கப்படும்.
a. To build a new house,அ. புதிய வீடு ஒன்றைக் கட்டுவதற்கு
b. To improve the existing house,ஆ. ஏற்கனவே உள்ள வீட்டை மேம்படுத்துவதற்கு
c. For  renovation,இ. புதுப்பித்தலுக்கு
The Ranaviru family members of the community are eligible for community  housing loans.,ரணவிரு சமூக குடும்பங்கள் இந்த சனசமூக வீட்டுக் கடளைப் பெற்றுக் கொள்வதற்குத் தகுதியுடையவர்களாவர்
01. Close relatives of war heroes who had died in action,01. யுத்தத்தின் போது உயிர்நீத்த வீரர்களின் நெருங்கிய உறவினர்கள்
02. Close relatives of war heroes missing in action,02. யுத்தத்தின் போது காணமற்போன வீரர்களின் நெருங்கிய உறவினர்கள்
03. Close relatives of war heroes who became disabled in action and retired.,03. யுத்தத்தின் போது ஊனமுற்ற ஓய்வுபெற்ற இராணுவ வீரர்களின் நெருங்கிய உறவினர்கள்
Granting of community housing loans 2011,சனசமூக வீட்டுக்கடன் வழங்குதல் 2011
Granting of community housing loans,சனசமூக வீட்டுக்கடன் பெறுதல்
Services wise,சேவையின் அடிப்படையில்
No. of beneficiaries,நன்மை பெறுபவர்களின் எண்ணிக்கை
Air Force,விமானப் படை
Granting village housing loans,கிராமிய வீட்டுக்கடன் வழங்கல்
The Ranaviru Sewa authority has introduced this housing loan scheme to make the dream of house of the Ranaviru families living in Ranaviru villages a reality.,ரணவிரு கிராமங்களில் வசிக்கும் ரணவிரு குடும்பங்களிலுள்ள உறுப்பினர்களின் வீடு கட்டும் கனவுகளை நிஜமாக்கும் நோக்கத்துடன் ரணவிரு சேவை அதிகார சபையினால் இவ் வீட்டுக் கடன் செயற்றிட்டம் நடைமுறைப்படுத்தப்பட்டுள்ளது.
Village housing loans are granted for following purposes,அதன்படி கீழ்க்காணும் காரணங்களுக்காக கிராமிய வீட்டுக்கடன் வழங்கல் நடைபெறும்.
a. To build a new house,அ. புதிய வீடு கட்டுவதற்கு
c. For  renovations,இ. திருத்துவதற்கு
The Ranaviru family members in the Ranaviru villages are eligible for village housing loans,ரணவிரு கிராமங்களில் இருக்கும் ரணவிரு குடும்ப அங்கத்தவர்கள் இந்த கிராமிய வீட்டுக்கடன் பெற்றுக் கொள்ள தகுதியுடையவராவர்.
01. Close relatives of war heroes died in action,01. யுத்தத்தின் போது உயிர்நீத்த வீரர்களின் நெருங்கிய உறவினர்களுக்கு
02. Close relatives of war heroes missing in action,02. யுத்தத்தின் போது காணமற்போன வீரர்களின் நெருங்கிய உறவினர்களுக்கு
03. Close relatives of war heroes who became disabled in action and retired,03. யுத்தத்தின் போது ஊனமுற்ற ஓய்வுபெற்ற இராணுவ வீரர்களின் நெருங்கிய உறவினர்களுக்கு
The Ranaviru villages that received village housing loans in 2011,2011 ஆம் வருடத்துக்குள் ரணவிரு கிராமங்களுக்காக வழங்கப்பட்ட வீட்டுக்கடனைப் பெற்ற கிராமங்கள்.
The name of the village,கிராமத்தின் பெயர்
No of loans granted,வழங்கப்பட்ட கடன்களின் எண்ணிக்கை
Pelendagoda,பெலந்தகொட
Pasyala,பஸ்யால
Perahettiya,பெரஹெட்டிய
Lunugamvehera,லுனுகம்வெஹெர
Progress of granting village housing loans Graphics for year 2011,2011ஆம் ஆண்டிற்கான கிராமிய வீட்டுக்கடன் வழங்கல் முன்னேற்ற அட்டவணை
03.Housing loan programme- for those presently in the service,03. வீட்டுக் கடன் நிகழ்ச்சித் திட்டம் - தற்போது சேவையில் உள்ளவர்களுக்கு
The objective of this project is to grant concessionary loans under housing loan programme in order to help war heroes and the police presently in service to fulfill their aspirations.,தற்போது சேவையிலுள்ள முப்படை வீரர்கள் மற்றும் பொலிஸ் வீரர்களுக்கு தமது வீட்டுத் தேவைகளை நிறைவேற்றுவதற்காக வீட்டுக் கடன் நிகழ்ச்சித்திட்டத்தின் கீழ் சலுகை அடிப்படையில் கடன் வழங்குதல் இதன் நோக்கமாகும்.
"Concessionary loans are also available for the present members of the Armed forces and the police, The Loans percentages are: Army 40%, Navy 15%, Air Force15%, police 25%.","சேவையிலுள்ள படையினர் மற்றும் பொலிஸ் பிரிவுகளில் உள்ள உறுப்பினர்களுக்கும் சலுகைக் கடன் சதவீதமானது : இராணுவம் – 40%, கடற்படை – 15%, விமானப்படை – 15%, பொலிஸ் – 25%, ஆக வழங்கப்படும்."
their loan applications can be collected from respective Welfare directorates.,சேவையில் உள்ளவர்களது கடன் விண்ணப்பங்களை அந்த அந்த சேவை நலன்புரிச் பணிப்பாளர் சபையிடம் இருந்து பெற்றுக்கொள்ள.
Parties benefited,நலன் பெறுவோர்
01. Members of the Armed services with at least 12 year service record (5 more year service period needed),01.	இராணுவத்தில் குறைந்தது 12 வருடங்கள் சேவைக்காலத்தைப் பூர்த்தி செய்த யுத்த வீரர்கள் (மேலும் 5 வருட சேவைக்காலம் காணப்பட வேண்டும்)
02. Members of the police with at least 20 year service record (5 more year service period needed),02.	பொலிஸ் சேவையில் குறைந்தது 20 வருடங்கள்  சேவைக்காலத்தைப் பூர்த்தி செய்த அனுபவம் (மேலும் 5 வருட சேவைக்காலம் காணப்பட வேண்டும்)
Housing loan programme- for those presently in the service,வீட்டுக்கடன் நிகழ்ச்சித்திட்டம் - தற்போது சேவையிலுள்ளோர்
No. of beneficiaries,நன்மை பெறுவோரின் எண்ணிக்கை
III. Educational scholarships project,III. கல்வி புலமைப்பரிசில் செயற்றிட்டம்
"The Educational project of the Ranaviru Sewa Authority is operative in view of helping the children of war heroes who have died, missing, retired disabled while engaged in action for safeguarding the country and the people, and those who are presently in the services, to continue their education up to their higher education successfully .","நாட்டிலும், மக்களதும் பாதுகாப்புக்காக யுத்தத்தின் போது தமது உயிரை இழந்த, காணமற்போன, ஊனம் அடைந்த ஓய்வு பெற்ற மற்றும் தற்போது ஊனமுற்று சேவையிலுள்ள இராணுவத்தினரது பிள்ளைகள் கல்வி நடவடிக்கையில் உயர்கல்வி வரை சிறப்பாக நடைமுறைப்படுத்த ரணவிரு சேவை அதிகாரசபையினால் கல்வி செயற்றிட்டம் ஒன்று நடைமுறைப் படுத்தப்பட்டுள்ளது."
The scholarships categories,புலமைப்பரிசில் திட்ட வகைப்பாடுகள்
1. Ranaviru children savings investment scholarships,1. ரணவிரு பிள்ளைகளின் சேமிப்பு முதலீட்டு புலமைப்பரிசில் திட்டம்
This scheme commenced in 2005 in collaboration with the National Savings Bank.,இத் திட்டமானது 2005ம் வருடத்திலிருந்து தேசிய சேமிப்பு வங்கியுடன் இணைந்து செயற்படுத்தப்பட்டுள்ள திட்டமாகும்.
It also expected to improve their savings habit as this system allows the account holder to make private contributions to it.,இந்த சேமிப்பு கணக்கின்படி தனிப்பட்ட முறையிலும் பணவைப்புச் செய்ய முடிவதால் கணக்கு வைத்திருப்பவருக்கு தனது சேமிப்புப் பழக்கவழக்கத்தையும் வளர்க்க எதிர்பார்க்கப்படுகின்றது.
This money is meant for the education of the children concerned and not for the enhancement of the family income.,இப்பணம் வழங்குதல் மாணவர்களினுடைய கல்வி நடவடிக்கைக்கு மாத்திரமேயன்றி குடும்பத்தின் வருமானத்தை அதிகரிப்பதற்காக அல்ல.
Most of the Ranaviru children presently belong to the lower age group and they enter the higher classes at the time of retirement of the War hero after completion of his service period of 12 or 22 years.,அநேகமான இராணுவ வீரர்களின் பிள்ளைகள் தற்போது மிகவும் இளம் வயதில் இருப்பதோடு அவர்கள் உயர்வகுப்புக்களுக்கு வருவது இராணுவ வீரர்கள் 12 வருடங்கள் அல்லது 22 வருடங்கள் பூரணமாகி சேவையிலிருந்து நீங்க இருக்கும் சந்தர்ப்பத்திற்கு அண்மித்தாகும்.
Further with the retirement of the War hero the family income declines.,மேலும் இராணுவ வீரர் சேவையிலிருந்து நீங்குவதுடன் அக்குடும்பத்துக்கு கிடைத்துக்கொண்டிருந்த வருமானமும் குறைகின்றது.
This happens at a time they need much money for the education of the child.,ஆனால் இவ்வாறு ஏற்படுவது பிள்ளையின் கல்விக்காக பணத் தேவை அதிகமாகத் காணப்படும் காலத்திலேயே ஆகும்.
"It is imperative, to be prepared with, some form of investment being made for these children considering these facts.",இந்த விடயங்களைக் கவனத்திற் கொண்டு மேற்கூறிய இடர்களுக்கு முகம் கொடுப்பதற்கு முன் ஆயத்தமாக உரிய பிள்ளைகளை இலக்காகக் கொண்டு ஏதாவது சேமிப்பு செய்வது அவசியமாகும்.
"As an initial step, this programme covering Ranaviru children who have shown remarkable results, is carried out in collaboration with the National Savings Bank, a leading state bank in the saving sector.",இதனை முதலாவது படியாக உயர் திறமையுள்ள இராணுவ வீரர்களின் பிள்ளைகளுடைய சேமிப்புத்திட்டத்தினை ஆரம்பிக்க சேமிப்புத் துறையில் முன்னோடி அரசநிறுவனமான தேசிய சேமிப்பு வங்கியுடன் இணைந்து இந் நிகழ்ச்சித்திட்டம் நடைமுறைப்படுத்தப்படுகின்றது.
The progress of awarding saving investment scholarships to Ranaviru children in 2011.,2011 வருடத்திற்காக ரணவிரு பிள்ளைகள் சேமிப்பு முதலீட்டு புலமைப்பரிசில் வழங்கல்.
Referred anticipated,எதிர்பார்த்தது
Awarded,வழங்கியது
Community members,சனசமூக உறுப்பினர்
Applications of community members were referred via community and all applicants who applied  were awarded with scholarships.,சனசமூக உறுப்பினர்களின் விண்ணப்பப்பத்திரங்கள் சமூக உறுப்புரிமை ஊடாக தெரிவுசெய்யப்பட்டு மற்றும் விண்ணப்பித்த அனைத்து விண்ணப்பதாரிகளுக்கும் புலமைப்பரிசில்கள் வழங்கப்படும்.
Distribution of scholarships among services,அந்தந்த சேவைகளுக்காக புலமைப்பரிசில் பங்கிடப்படும் விதம்.
No.scholarships,புலமைப்பரிசில்களின் எண்ணிக்கை
S.T.F.,வி.அ.ப.
Distribution of scholarships according to district,மாவட்ட ரீதியிலான புலமைப்பரிசில்களின் பங்கீடு
2. Education scholarships,2. கல்விப் புலமைப்பரிசில்
It will be decided whether to make the payment for a year or two based on the Grade in which the student is studying.,இது மாணவர்கள் படிக்கும் வருடங்களின் பிரகாரம் ஒன்று அல்லது இரண்டு ஆண்டுகளுக்கு வழங்கப்படும்
Progress in awarding educational scholarships in 2011,2011 வருடத்துக்காக கல்விப் புலமைப்பரிசில் வழங்கிய அளவு
Break down of awarding of scholarships among Services,அந்தந்த சேவைகளுக்காக புலமைப்பரிசில் பங்கிடப்பட்ட முறைமை.
Districtvice sholarship distribution,மாவட்டத்தின்படி புலமைபரிசில் பங்கிடல்
3. Scholarship awarding ceremonies,3. புலமைப்பரிசில் வழங்கும் விழா நடாத்துதல்
Date,திகதி
No.Scholarships to a District,ஒரு மாவட்டத்திற்கான புலமைப்பரிசில்களின் எண்ணிக்கை
Scholarships from the Kuwait Govt,குவைத் நாடு வழங்கிய புலமைபரிசில்
Colombo(Kosgama),கொழும்பு (கொஸ்கம)
Kurunegala,குருணாகல்
Kandy/ NuwaraEliya,கண்டி/நுவரெலியா
Scholarships to Students who  passed the year 5 scholarship Examination,2011 - 5ஆம் வருட புலமைப்பரிசில் சித்திபெற்ற பிள்ளைகளுக்காக புலமைப்பரிசில் வழங்கல்
Annual Progress summory of scholarship project,புலமைப்பரிசில் திட்டத்தில் வருடாந்த  மதிப்பீடு சுருக்கமாக
Serial  No.,தொடர் இல
programme,நிகழ்ச்சித்திட்டம்
No. awarded,வழங்கப்பட்ட எண்ணிக்கை
"Education scholarships(GCE O/L,A/L)","கல்விப்புலமைப்பரிசில் (க.பொ.த சா/த, உ/த)"
Ranaviru Children’s Savings Investment Scholarships,ரணவிரு பிள்ளைகளின் சேமிப்பு முதலீட்டு புலமைப்பரிசில்
Scholarship awarding ceremonies,புலமைப்பரிசில் வழங்கும் விழா
Number of scholarships,புலமைப்பரிசில் நன்மை பெறுவோர் எண்ணிக்கை
1V Foster parents programme,IV மாணிய அர்ப்பணிப்பு நிகழ்ச்சித்திட்டம்
"The children of war heroes in the armed services and the police who are dead, missing and became  disabled while engaged in operations for the safeguarding the territorial integrity of the country, are the beneficiaries of this programme for the provision of scholarships with the support of local and overseas donors.","நாட்டின் இறைமையைப் பாதுகாப்பதற்கு முப்படையிலிருந்ததும் பொலிஸ் சேவையிலிருந்தும் உயிர்நீத்த, காணாமற்போன, தற்போது ஊனமுற்று உள்ள இராணுவவீரரின் பிள்ளைகள் உள்நாட்டு மற்றும் வெளிநாட்டு கொடையாளர்களிடமிருந்தும் இப் புலமைப்பரிசில்களை பெற்றுக் கொள்பவர்களாகக் காணப்படுகின்றனர்."
In the event of the suspension of a scholarship it will be paid again with funds from the authority.,கொடையாளிகளினால் உதவித் தொகை நிறுத்தப்பட்டால் மீண்டும் அதிகார சபையினால் பணம் வழங்குவதன் மூலம் புலமைப்பரிசில் வழங்கப்படும்.
The payment will continue till the children sit for the GCE A/L and it is stopped thereafter.,பிள்ளைகள் உயர்தர பரீட்சைக்காக தோற்றும் காலம் வரை உதவிப் பணம் வழங்கப்படுவதோடு அதன்பின் உதவிப்பணம் வழங்குதல் இடைநிறுத்தப்படும்.
Objectives,நோக்கம்.
1. Helping school children of low income Ranaviru families to complete their education successfully untill their higher education,1. குறைந்த வருமானமுள்ள இராணுவத்தினரின் குடும்பங்களில் கல்வி பயிலும் வயதிலுள்ள பிள்ளைகளுக்காக அவர்களின் கல்வி நடவடிக்கையை உயர்கல்வி வரை சிறப்பாக முடிக்க உதவுதல்.
2. Directing donations from local and overseas donors who are interested in the welfare of war heroes,2. இராணுவத்தினரின் நலன்புரிக்காக கைகொடுக்கும் உள்நாட்டு மற்றும் வெளிநாட்டு கொடையாளிகளின் அன்பளிப்புக்களை இராணுவத்தினரது குடும்பங்களுக்கு வழிநடத்துதல்.
3. Arranging financial sponsorships of donors for the benefit of Ranaviru children with disabilities or those who are sick,3. ரணவிரு குடும்பங்களில் வாழுகின்ற ஊனமுற்ற அல்லது நோயால் பீடிக்கப்பட்டுள்ள இராணுவத்தினரின் பிள்ளைகளுக்காக கொடையாளிகளின் அனுசரணையின் கீழ் உதவிப்பணம் வழங்கல்.
Targeted groups,பயன் பெறும் குழுக்கள்
1. School age children of war heroes who have died or have become disabled due  to causes outside operations and belong to the category of low income families,1. யுத்தத்தில் ஈடுபட்ட காரணத்தால் மரணித்த அல்லது ஊனமுற்ற குறைந்த வருமானம் பெறும் இராணுவ வீரரின் குடும்பங்களில் கல்வி பயிலும் வயதில் உள்ள பிள்ளைகள்.
"2. School going children of war heroes who have become totally disabled,",2. பூரணமாக உடல் ஊனமுற்ற இராணுவத்தினரின் குடும்பங்களில் பாடசாலை செல்லும் பிள்ளைகள்.
3. Disabled or ailing children of war heroes who are presently in service/dead/disabled or missing.,3. தற்போது சேவையிலுள்ள/மரணித்த/ஊனமுற்ற அல்லது காணாமற்போன இராணுவ வீரர்களின் ஊனமுற்ற அல்லது நோயால் பீடிக்கப்பட்டுள்ள இராணுவ வீரர்களின் பிள்ளைகள்.
The scholarship count 0f the children of war heroes in the year 2011,2011ஆம் வருடத்தில் இராணுவத்தினரின் குழந்தைகளுக்காக புதிதாக ஆரம்பிக்கப்பட்ட புலமைப்பரிசில்களின் எண்ணிக்கை
Month,மாதம்
Scholarships initiated with the Authority’s funding,அதிகார சபையினால் பணம் செலவிட்டு ஆரம்பித்த புலமைபரிசில்கள்
Scholarships initiated with contributions from donors,கொடையாளிகளின் உதவி பணத்தொகையூடாக ஆரம்பித்த புலமைப்பரிசில்
No. of payment-completed scholarships in the year 2011,2011ஆம் வருடத்தில் பணம் வழங்கி முடித்த புலமைப்பரிசில் எண்ணிக்கை
No. of Scholarships ceased,முடித்துவைத்த புலமைப்பரிசில்களின் எண்ணிக்கை
January,ஜனவரி
February,பெப்ரவரி
March,மார்ச்
April,ஏப்ரல்
May,மே
June,யூன்
July,ஜூலை
August,ஆகஸ்ட்
September,செப்டெம்பர்
October,ஒக்டோபர்
November,நவம்பர்
December,டிசம்பர்
The payment of money in aid was suspended since the beneficiary children have completed their studies and two children had died.,இந்த புலமைப்பரிசில் பெறும் பிள்ளைகள் படிப்பினை முடிக்கும் காரணத்தினால் மற்றும் இருபிள்ளைகள் மரணித்தால் உதவிப்பணம் வழங்குதல் இடைநிறுத்தப்பட்டது.
Amount of Expenditure for the Authority funded scholarships – Rs. 2333500.00,"அதிகார சபையின் பணம் மூலம் புலமைப்பரிசிலுக்காக செலவு செய்யப்பட்டுள்ள பணப்பெறுமதி - ரூபாய் 2,333,500.00"
Amount of Expenditure for donor funded scholarships,கொடையாளிகளின் உதவிப்பணத்தால் வழங்கப்படும்  புலமைப்பரிசிலுக்காக செலவிடப்பட்டுள்ள பணப்பெறுமதி
Medical aid for disabled and sick war heroes and children of war heroes,ஊனமுற்ற மற்றும் நோய்வாய்ப்பட்ட இராணுத்தினர் மற்றும் ரணவிரு பிள்ளைகளுக்காக வழங்கப்பட்ட வைத்திய உதவிப்பணம்
File no.,கோவை இல.
Name of the war hero or the child,இராணுவ வீரரின் பெயர்/பிள்ளையின் பெயர்
Disabled status or ailment,ஊனமுற்றதன் நிலை/நோயாளரின் தன்மை
Service rendered or money paid,நிறைவேற்றிய சேவை அல்லது வழங்கிய பணம்
A totally disabled war hero,பூரணமாக ஊனமுற்ற இராணுவ வீரர்
A Ranaviru child who has lost her right foot,வலது காலை இழந்த வீரரின் மகள்
This money still has been deposited in the account division and the beneficiary has been informed by a letter that money would be total amount required for the purchase of an artificial foot is collected.,இப்பணம் இன்னும் கணக்குப்பகுதியில் வைப்பிலிடப்படுவதுடன் செயற்கை பாதத்துக்கு தேவையான முழுப் பணமும் பூரணமான பின் பெற்றுத் தருவதாக கடிதம் வழங்கப்பட்டுள்ளது
A Ranaviru who has suffered from disease in relation to muscles.,சதை கரைதல் நோயினால் பீடிக்கப்பட்டுள்ள வீரரின் குழந்தை
A child suffering from a bone disease,எலும்பு நோயினால் பாதிக்கப்பட்ட வீரரின் குழந்தை
A child suffering from an eye ailment,கண்குறைபாட்டினால் உள்ள வீரரின் பிள்ளை
Distribution of new scholarships began 2011 district wise,ஒவ்வொரு மாவட்ட அடிப்படையில் 2011ஆம் வருடத்தில் புதிதாக ஆரம்பிக்கப்பட்ட புலமைப்பரிசில் பங்கிடப்பட்டுள்ள விதம்
In the year 2011,2011ம் ஆண்டில்
The project received a large number of applications.,செயற்றிட்டத்திற்காக அதிகளவான விண்ணப்பங்கள் கிடைத்தன.
Majority of them were returned due to shortcomings in them,ஆனால் அவ்விண்ணப்பங்களில் அதிகளவானவை குறைபாடுகளுடன் கிடைத்ததால் திருப்பி அனுப்ப நடவடிக்கை எடுக்கப்பட்டது.
Arrangements were made to send letters informing each child who was selected and awarded a scholarship within the very same month.,புலமைப்பரிசிலுக்காக தேர்ந்தெடுக்கப்பட்ட சகல பிள்ளைகளுக்கும் குறித்த பணம் வைப்பு செய்ததன் பின் அறிவிப்பு கடிதம் புலமைப்பரிசிலுக்காக தேர்ந்தெடுத்த மாதத்திலேயே அனுப்ப நடவடிக்கை எடுக்கப்பட்டுள்ளது.
Arrangements were made to provide the donors with details of recipient children to whom they will provide aid.,ரணவிரு பிள்ளைகளுக்கு உதவி பெற்றுக்கொடுக்கும் கொடையாளிகளிடம் அவர்களால் உதவி பெறுவதற்கு தேர்ந்தெடுத்த பிள்ளைகளின் விபரம் அந்த கொடையாளிகளுக்கு அனுப்ப நடவடிக்கை எடுக்கப்பட்டுள்ளது.
An acnowledgement confirming the receipt of money and a letter thanking for providing the funds were sent to each donor.,ஒவ்வொரு கொடையாளிக்கும் உதவி வழங்கிய பின் அதற்காக நன்றி தெரிவித்து கடிதமும் பணம் கிடைத்தமைக்கான பற்றுச்சீட்டும் இணைத்து அனுப்ப நடவடிக்கை எடுக்கப்பட்டுள்ளது.
"In 2011, in addition to granting scholarships, arrangements were made to find money through donors, to meet the cost of providing electricity to the house of the mother of a war hero and to give school stationery to one Ranaviru child.",2011ம் வருடம் மாணவர்களுக்கு உதவி வழங்கியதற்கு மேலதிகமாக வீரரின் அம்மாவின் வீட்டிற்கு மின்சாரம் வழங்குவதற்கு தேவையான பணம் கொடையாளிகளின் உதவிப்பணத்தினூடாக வழங்க நடவடிக்கை எடுத்ததுடன் ஒரு வீரரின் பிள்ளைக்காக பாடசாலை உபகரணம் வழங்குவதற்கு தேவையான பணம் கொடையாளிகளின் உதவி பணத்தினூடாக வழங்க நடவடிக்கை எடுக்கப்பட்டது.
V. Mapiya Surekum Programme,V. மாப்பிய சுரக்கும் நிகழ்ச்சித்திட்டம்
Data in respect of new beneficiaries,புதிய நலன்பெறுவோரின் தரவு
No. of new recipients,புதிய நலன்பெறுவோரின் எண்ணிக்கை
No. of rejected applications,மாவட்டம்
Amount paid in 2011,2011 வருடத்துக்குள் செலுத்தப்பட்ட அளவு
Target of new beneficiaries for the year concerned,புதிய நலன்பெறுவோர் எண்ணிக்கை - குறித்த வருடத்திற்கான இலக்கு
Number awarded,வழங்கிய எண்ணிக்கை
Though it was expected to grant Mapiya Surekum to 150 persons only 113 were covered in 2011 since there were no applications from districts.,புதிய நலன் பெறுவோர் 150 பேருக்கு பெற்றோர் பாதுகாப்பு நிதி வழங்க எதிர்பார்த்தும் புதிய விண்ணப்பங்கள் மாவட்டங்களில் இருந்து கிடைக்காத காரணத்தினால் 2011 வருடத்துள் 113 பேருக்கு மாத்திரமே வழங்கக்கூடியதாக இருந்தது.
Provincial breakdown of new beneficiaries,புதிய நலன்பெறுவோர் மாகாண அடிப்படையில் உள்ள விதம் -
Serial  No.,தொடர் இல.
No of new beneficiaries,உதவி வழங்கிய நலன் பெறுவோர் எண்ணிக்கை
Payment for old beneficiaries,பழைய பயனாளிகளுக்குரிய கொடுப்பனவு
Money is deposited twice a year (once in 6 months) in respect of beneficiaries covered by the Mapiya Surekum programme.,மாப்பிய சுரக்கும் பயானளிகளுக்காக வருடத்துக்கு இரு தடவை (ஆறு மாதத்திற்கு ஒரு தடவை) பணம் வைப்பிலிடப்படும்
The amount of first six months(January to June),ஆரம்ப மாதங்கள் (ஜனவரி முதல் ஜூன்) அளவு
Expenditure,செலவிட்ட பணம்
The amount of last six months(July to December),இறுதி மாதங்கள் (ஜு லை முதல் டிசம்பர்) அளவு
Late deposits,தாமதமாக வைப்பில் இடல்
Expenditure (January to June),செலவிட்ட பணம் (ஜனவரி முதல் ஜூன்)
Expenditure (July to December),செலவிட்ட பணம் (ஜுலை முதல் டிசம்பர்)
Roles and Daily Responsibilities:,கடமையும் நாளாந்த பொறுப்புக்களும்
Dealing with the Kirulapone Branch of the National Savings Bank where accounts of all parents of Mapiya Surekum programme have been opened,மாப்பிய சுரக்கும் திட்டத்தின் சகல நன்மை பெறுவோர்களின் பெற்றோர்களுக்கும் கிருலப்பனை தேசிய சேமிப்பு வங்கியில் கணக்கு ஆரம்பிக்கப்பட்டு அது சம்பந்தமாக வங்கியோடு நடவடிக்கை எடுத்தல்.
Educating the parents to send their account books to the post office Branches of the National Savings Bank in their district.,அவர்களின் மாவட்டங்களில் உள்ள தபால் நிலையங்களில் உள்ள தேசிய சேமிப்பு வங்கிக் கிளைகளுக்கு அவர்களது கணக்குப் புத்தகங்களை அனுப்புமாறு அறிவுறுத்தல்.
Arranging letters of awareness to post office branches through the National Savings Bank.,வங்கியுடன் சம்பந்தப்பட்ட சகல தபால் காரியாலயங்களுக்கும் வங்கியின் ஊடாக அறிவுறுத்தல் கடிதம் அனுப்ப நடவடிக்கை எடுத்தல்.
Compilation of data base containing details of all beneficiary parents of Mapiya Surekum programme,மாப்பிய சுரக்கும் திட்டத்தில் வழங்கும் சகல நலன் பெறுவோரின் பெற்றோர்களுடைய விபரங்களை உள்ளடக்கிய தரவுக் கோவை (DATA BASE) தயாரித்தல்.
Making arrangements through salary and record division to get updated lists of names of parents who receive 25% of the salary  and the cancellation  the Mapiya Surekum accounts of parents who receive the salary,சம்பளத்தில் 25% பெறுகின்ற பெற்றோர்களின் பெயர் பட்டியலை சம்பள மற்றும் தரவுகள் பிரிவின் ஊடாக இற்றைப்படுத்தி பெறுவதற்கு நடவடிக்கை எடுத்தலும் அதன்படி சம்பளம் பெறுகின்ற பெற்றோர்களின் மாப்பிய சுரக்கும் கணக்கை நீக்குவதற்கும் நடவடிக்கை எடுத்தல்.
Making arrangements for the cancellation of dead parents’ accounts,மரணித்த பெற்றோர்களுடைய கணக்கை இரத்துச் செய்வதற்கு நடவடிக்கை எடுத்தல்.
Sending a list of new beneficiaries to all Community  Officers,~ புதிய நன்மை பெறுவோர்களின் பெயர்ப்பட்டியலை அனைத்து சனசமூக உத்தியோகத்தர்களுக்கும் அனுப்புதல்.
"A request with relevant details, submitted to the Management Board for approval for granting Mapiya Surekum benefits to parents of war heroes who have died from non-operational causes was turned down.",~ யுத்தத்தில் ஈடுபடாமை காரணமாக மரணித்த வீரர்களின் பெற்றோர்களுக்கும் மாப்பிய சுரக்கும் திட்டத்தைப் பெற்றுக்கொடுக்க குறித்த விபரங்களை முகாமைத்துவ சபையின் அனுமதிக்கு சமர்பித்தும் அந்தக் கோரிக்கை நிராகரிக்கப்பட்டமை.
Compilation of project reports,செயற்றிட்ட அறிக்கை தயாரித்தல்.
The letters sent by parents explaining problems were referred to the relevant authorities and replies were sent in respect of problems that could be resolved arrangements were made to reply correctly the telephone calls from beneficiaries and worked with relevant banks.,பெற்றோரினால் அனுப்பப்படுகின்ற பலவகை பிரச்சினையான காடிதங்கள் உரிய இடங்களுக்கு அனுப்புவதற்கு நடவடிக்கை எடுத்தல் தீர்க்கக்கூடிய பிரச்சினைகளுக்காக பதில் கடிதங்கள் அனுப்புதல் நன்மை பெறுவொரிடமிருந்து கிடைக்கின்ற தொலைபேசி அழைப்புக்களுக்கு சரியான முறையில் பதில் வழங்குவதும் குறித்த வங்கிக் கிளையுடன் சம்மந்தப்பட்டு நடவடிக்கை எடுத்தலும்.
As the Mapiya Surekum beneficiaries include elderly persons we have to attend often to jobs related to their accounts since most of them do not understand the details regarding the bank accounts  though they were repeatedly explained,மாப்பிய சுரக்கும் நிகழ்ச்சித்திட்டத்திற்கு பங்களிப்பு செய்த பெற்றோர் வயோதிபர்கள் ஆனதால் அவர்களின் கணக்கு சம்பந்தமாக எவ்வளவு அறிவுரை வழங்கினாலும் அதிகமானோருக்கு தெளிவு இன்மையால் அடிக்கடி அவர்களின் கணக்கு தொடர்பாக நடவடிக்கை எடுக்கப்படுகிறது.
V1.Housing aid project,VI. வீட்டுக்கடன் செயற்றிட்டம்
New payments for 2011,2011 வருடத்திற்காக புதிய கொடுப்பனவு
Expected number,எதிர்பார்த்த அளவு
Rejected number,நிராகரித்த அளவு
Number of payments made,வழங்கப்பட்ட கட்டணங்களின் எண்ணிக்கை
Target of new beneficiaries for the year concerned,குறித்த வருடத்திற்கான புதிய நலன்பெறுவோர் அளவு -
Number achieved,வழங்கிய அளவு -
Provincial breakdown of new beneficiaries,புதிய நலன்பெறுவோர்களின் விபரம் மாகாண மட்டத்தில்
Serial No.,தொடர் இல.
Arrangements were made to provide housing aid to 38 persons in the Anuradhapura District in view of the Deyata Kirula programme.,அநுராதபுர மாவட்டத்தில் தேசத்துக்கு மகுடம் நிகழச்சித்திட்டத்தினை இலக்காகக் கொண்டு நன்மை பெறுவோர் 38 பேருக்கு வீட்டு உதவி வழங்க ஏற்பாடு செய்யப்பட்டுள்து.
Payment of installments to 16 beneficiaries was completed.,நலன் பெறுவோர் 16 பேருக்கு மாதாந்தக் கட்டணம் செலுத்தி முடிக்கப்பட்டது.
District Officers have made arrangements to distribute cheques in respect of housing aid under the patronage of the Governors and the  beneficiaries were educated by this project.,வீட்டு உதவி காசோலைகள் ஆளுநர்களின் தலைமையில் வழங்குவதற்கு அந்த மாவட்ட உத்தியோகத்தர்களால் ஏற்படுத்தப்பட்டுள்ளதோடு உரிய நன்மை பெறுவோருக்கு தெளிவுபடுத்தும் செயற்றிட்டம் இதன்போது நடத்தப்பட்டுள்ளது.
Value of payment of installments in respect of housing aid prior to 2011(January to July 2011),2011 வருடத்துக்கு முதல் வழங்கப்பட்டுள்ள வீட்டு உதவி தவணைக் கொடுப்பனவு (2011 ஜனவரி முதல் ஜூலை வரை)
2 No. of installments,2 தவணை எண்ணிக்கை
3 No. of installments,3 தவணை எண்ணிக்கை
Amount of money,பணப் பெறுமதி
Responsibilities and Roles,பொறுப்பும் கடமையும்
Preparing files of new beneficiaries and completion of shortcomings in the files,புதிய நன்மை பெறுவோரின் கடிதக்கோவை தயாரித்தல் மறறும் கடிதக் கோவைகளில் உள்ள குறைபாடுகளை பூரணப்படுத்தல்.
Preparation of 2011 ledger as instructed by the Accounts Division and categorizing files on a district basis,2011ம் வருடத்தில் பேரேட்டினை கணக்குப்பிரிவின் ஆலோசனையின்படி தயாரித்தலும் மாவட்டத்தின் படி சகல கோவைகளும் வெவ்வேறாக வைத்தல்.
Preparation of a list of old housing aid recipients,பழைய வீட்டு உதவி நன்மை பெறுவோரின் பெயர்ப் பட்டியலைத் தயாரித்தல்.
Obtaining progress reports on the work the old housing aid recipients who have completed the installments,மாதாந்த கட்டணத்தைச் செலுத்தி முடித்துள்ள பழைய நன்மை பெறுவோர் சகலருக்கும் வீட்டு உதவி பெற்ற மாதாந்த சம்பளத்தில் நிறைவேற்றியுள்ள வேலைகள் பற்றிய முன்னேற்ற அறிக்கையை பெறுதல்.
Sending letters to all the Community Presidents regarding the housing aid,சகல சனசமூக தலைவர்களுக்கும் வீட்டு உதவி சம்பந்தமான கடிதங்களை அனுப்புதல்.
Referred the requests for housing aid received from close relatives of war heroes who have died from non-operational causes to Project Manager for the preparation of the list and necessary action.,படை நடவடிக்கைகளில் ஈடுபடாத நிலையில் உயிர் நீத்த இராணுவ வீரர்களின் குடும்பங்களில் உள்ள நெருங்கிய உறவினர்கள் அதிகமானோர் வீட்டு உதவி கோரி இருப்பதால் அந்தப் பெயர்ப்பட்டியலை தயாரிப்பதற்கும் மேற்கொண்டு நடவடிக்கை எடுப்பதற்கும் செயற்றிட்ட முகாமையாளருக்கு வழங்குதல்.
Educating the housing aid recipients,வீட்டு உதவி நன்மை பெறுவோருக்கு அறிவுரை வழங்குதல்.
Replying to letters regarding the housing matters and referring them to Provincial Officers and looking into problems brought up by beneficiaries over the phone.,வீட்டு உதவி சம்பந்தமாக அனுப்புகின்ற கடிதங்களுக்கு பதில் அனுப்புவதற்கும் அவற்றை மாகாண உத்தியோகத்தர்களுக்கு சேர்ப்பதற்கும் பயன்பெறுவோரால் தொலைபேசியில் கிடைக்கும் பிரச்சினை சம்பந்தமாகவும் தேடிப்பார்த்தல்.
04. Ranaviru Honor and Dignity Division,04. இராணுவ வீரரின் கௌரவம் மற்றும் கண்ணியப்படுத்தல் பிரிவு
I. Ranaviru Remembrance Project,I.	இராணுவ வீரர் ஞாபகார்த்த செயற்றிட்டம்.
The Ranaviru Honor and Dignity Division can be described as one of the principal and unique divisions of the Ranaviru Sewa Authority.,இராணுவ வீரர் சேவை அதிகார சபையின் பிரதானமானதும் தனித்துவமானதுமான பிரிவாக இராணுவ வீரர் கௌரவம் மற்றும் கண்ணியப்படுத்தல் பிரிவை குறிப்பிட முடியும்.
The objective of this division is to create respect in the society towards the war heroes and creating self esteem in war heroes themselves and maintaining this social status consistently.,சமூகத்தினுள் இராணுவ வீரருக்கு கௌரவமும் இராணுவ வீரருள் கண்ணியத்தை வளர்ப்பதற்கும் அதை சமூக மட்டத்தில் ஒன்றாக நடைமுறைப்படுத்துவதும் இந்தப் பிரிவின் முக்கிய நோக்கமாகும்.
This division has entered into several individual projects to achieve this objective.,அந்த நோக்கத்தை நிறைவேற்றுவதற்காக பல தனித் தனித் திட்டங்களை இப்  பிரிவானது நடைமுறைப்படுத்தும்.
1. Conducting Ranaviru Remembrance ceremonies at the national and the regional levels,1. தேசிய மற்றும் பிரதேச மட்டத்தில் இராணுவ வீரர் ஞாபகார்த்த விழாவினை நிகழ்த்துதல்.
2. Maintenance of Ranaviru monuments and parks and making necessary payments,2. இராணுவ வீரர் நினைவுப்படிவம் மற்றும் பூந்தோட்டப் பராமரிப்பும் உரிய கொடுப்பனவுகளை மேற்கொள்ளுதலும்.
3. Ranaviru common welfare activities.,3. இராணுவ வீரர் பொது நலன்புரி நடவடிக்கைகள்.
Sub- programmes operative under this project,இந்த செயற்திட்டத்தின் கீழ் பல உபநிகழ்ச்சித் திட்டங்கள் நடைமுறைப்படுத்தப்பட்டன.
1. National Ranaviru day,1. தேசிய இராணுவ வீரர் தினம்.
2. Awarding of Ranaviru Uttama Puja medals,2. இராணுவ வீரர் உத்தம பூஜா பதக்கம் வழங்குதல்.
3. Adorning of Ranaviru flags,3. இராணுவ வீரர் கொடி அணிவித்தல்.
4. Provincial Ranaviru seminars,4. மாகாண மட்ட இராணுவ வீரர் மகாநாடு.
5. Mailapitiya park maintenance and making payments,5. மைலப்பிட்டிய பூந்தோட்ட பராமரிப்பும் கொடுப்பனவு வழங்குதலும்
6. Preventing activities detrimental to the Ranaviru name,6. இராணுவ வீரரின் பெயருக்கு களங்கம் ஏற்படுத்தும் நிகழ்வுகளை தடுத்தல்
7. Ranaviru Remembrance programmes with outside institutions,7. வெளி நிறுவனங்களுடனான ஞாபகார்த்த நிகழ்ச்சித்திட்டங்கள்
8. Regional Remembrance parks and halls,8. பிரதேச ஞாபகார்த்த பூந்தோட்டமும் மண்டபமும்.
Programmes conducted,நிகழ்ச்சித்திட்டம் நடைமுறைப்படுத்தப்பட்ட விதம்.
Remembarance program conducted in national and provincial level,தேசிய மற்றும் பிரதேச மட்டத்தில் ஞாபகார்த்த விழாவும் நிகழ்ச்சித்திட்டமும்
National Ranaviru day function was successfully held at the Parliamentary sports ground on May 18th 2011,தேசிய இராணுவ வீரர் தினம் 2011 மே 18ம் திகதி பாராளுமன்ற விளையாட்டு மைதானத்தில் கோலாகலமாக நடைபெற்றது.
Awarding of Ranaviru Uttama Puja medals took place in 17 districts.,இராணுவ வீரர் உத்தம பூஜை பதக்கம் வழங்குதல் 17 மாவட்டங்களில் நடைபெற்றது.
Adorning of Ranaviru flags took place in 8 provinces.,இராணுவ வீரர் கொடி அணிவித்தல் 8 மாகாணங்களில் நடைபெற்றது.
8 provincial Ranaviru seminars were held.,மாகாண இராணுவ வீரர் கூட்டங்கள்  8 மாகாணங்களில் நடைபெற்றன.
One Ranaviru Remembrance programmes was conducted with outside institutions,வெளி நிறுவனங்களுடன் ஒரு இராணுவ வீரர் ஞாபகார்த்த நிகழ்ச்சித்திட்டம் நடத்தப்பட்டது.
Maintenance Ranaviru monuments and parks and making payments,இராணுவ வீரர் நினைவுத் தூபியும் பூந்தோட்டமும் மற்றும் பூந்தோட்ட பராமரிப்பு மற்றும் கொடுப்பனவு
Mailapitiya Park maintenance,மைலப்பிட்டிய பூந்தோட்டப் பராமரிப்பு
Water bills,நீர்ப் பட்டியல்
Electricity bills,மின்சாரப்பட்டியல்
Telephone bills,தொலைபேசிப் பட்டியல்
Payments for maintenance services,பராமரிப்பு சேவைக்கான கொடுப்பனவுகள்
Payments for maintenance items,பராமரிப்பு பொருட்களுக்கான கொடுப்பனவுகள்
Payments due for building new Ranaviru monuments,புதிய இராணுவு வீரர் நினைவுத்தூபி கட்டுவதற்காக குறித்த கொடுப்பனவு
Ranaviru common welfare activities.,இராணுவ வீரருக்கான பொது நலன்புரி நடவடிக்கைகள்
Government service transfers of close relatives of war heroes,இராணுவ வீரரின் நெருங்கிய உறவினர்களின் அரச சேவை  இடமாற்றங்கள்.
Issue of recommendations and extending support necessary at the school’s entrance of Ranaviru children.,இராணுவ வீரரின் குடும்பங்களின் பிள்ளைகள் பாடசாலைகளுக்கு சேர்க்கும் போது சிபாரிசு கடிதங்களை வழங்குதலும் தேவையான உதவிகளை நல்குதலும்.
Sending letters and assisting in securing building material at concessionary prices for building houses for Ranaviru families.,இராணுவ வீரர் குடும்பங்களுக்கு வீடுகள் நிர்மாணிக்கும் போது கட்டடப்பொருட்கள் சகாய விலைக்கு பெற்றுக்கொள்வதற்காக கடிதங்கள் வழங்க முயற்சித்தல்
Educating the relevant authorities and making arrangements to name roads in the name of war heroes,இராணுவ வீரர்களின் பெயரில் வீதிகளுக்கு பெயர் சூட்டுவதற்காக உரிய தரப்பினருக்கு அறிவுரை வழங்குதலும் நடைமுறைப்படுத்தலும்.
(Recommendations and instructions were issued about appeals and requests that were being received daily in this regard.),(இதற்காக நாளாந்தம் கிடைக்கின்ற மனுக்கள் மற்றும் கோரிக்கைகளுக்காக சிபார்சு செய்யப்பட்ட கடிதங்கள் வழங்குதலும் தேவையான ஆலோசனை வழங்குதலும் நடத்தப்பட்டன.
Special Prgrammes,விசேட நிகழ்வுகள்
This medal awards presentation had a good influence on creating respect and self esteem towards the war heroes’ relatives in the name of the war hero.,இந்த பதக்கம் வழங்கும் விழாவினை அடிப்படையாக வைத்து இராணுவ வீரர் என்ற பெயரில் இராணுவ வீரர் உறவினர்களுக்கு கௌரவமும் பெருமையும் ஏற்படுத்த இந்த நிகழ்ச்சித்திட்டம் பெரிதும் உதவியாக இருக்கும்.
National Ranaviru Day function was successfully held at the Ranaviru monument at the Parliamentary sports ground with the participation of H.E. the President and the Secretary of Defence.,தேசிய இராணுவ வீரர் தினம் முன்னரைப் போன்று பெருமை வாய்ந்ததாக பாராளுமன்ற விளையாட்டரங்கிலுள்ள இராணுவ வீரர் நினைவுத் தூபியின் அருகே மாண்புமிகு ஜனாதிபதி அவர்களதும் பாதுகாப்புச் செயலாளரினதும் தலைமையின் கீழ் நடைபெற்றது.
Ranaviru celebrations were held at the regional and provincial levels through out the island recollecting the dignity of the war heroes and  to remind the people that the war heroes are a respectable group in the society the regional and provincial level ceremonies resulted in reaffirming the Ranaviru families as heroic families with dignity.,மாவட்டம் முழுதும் பிரதேச மற்றும் மாகாண இராணுவத்தினர் ஞாபகார்த்த தின விழா நடாத்தப்பட்டதோடு அதனூடாக சமூகத்தினுள் மெல்ல மறைந்து கொண்டிருக்கும் இராணுவத்தினாரின் பெருமையினை ஞாபகமூட்டவும் நடவடிக்கை எடுத்து அவர்களை சமூகத்தில் கௌரவிக்கப்படக்கூடிய வீரர்களாகவும் அவர்களின் குடும்பம் வீரக்குடும்பமாகவும் பெருமைப்படுத்த மாவட்ட மாகாண பிரதேச ஞாபகார்த்த விழாக்களுக்கு முடியும்.
11. Land Project,11. காணிச் செயற்றிட்டம்
Provision of shelter to the relevant families is a very special and complex aspect in delivering the services of the Ranaviru Sewa Authority for the benefit of war heroes and their families.,இராணுவ வீரர் அதிகார சபையினால் இராணுவ வீரர் மற்றும் அவர்களின் குடும்பத்துக்காக நிறைவேற்றுகின்ற மிகவும் விஷேடமான மற்றும் சிக்கலான கடமையாகக் காணப்படுவது குறித்த குடும்பத்துக்காக வாழும் இடம் ஒன்றை வழங்குவது ஆகும்.
In most cases war heroes and their families encountered difficulties in finding places (land) to build houses even though encouragement with providing financial facilities are made available to get a suitable house built for living through the Housing and concessionary loan scheme.,ஆனால் அதிகமாக வீடு மற்றும் சலுகைக்கடன் செயற்றிட்ட வழிகளுக்குத் தேவையான நிதி வசதி வழங்கி வாழுவதற்கு வீட்டிற்காக ஊக்குவிப்பு வழங்கினாலும் அந்த வீட்டினைக் கட்டுவதற்காக காணி இல்லாத சந்தர்ப்பங்களில் இராணுவ வீரரும் அக்குடும்பமும் பாரிய அசௌகரியங்களுக்கு ஆளாகின்றது.
Non- availability of a block of land is a barrier to secure other welfare requirements.,காணி இன்மை ஏனைய நலன்புரித் தேவைகளைப் பெறுவதற்கும் பாரிய அச்சுறுத்தலாக உள்ளது.
The land unit of the Ranaviru Sewa Authority took this situation into consideration making arrangements to provide blocks of land to war heroes and also helped indirectly to find them land for housing,அதன்படி றணவிரு சேவை அதிகார சபையின் காணிப் பிரிவானது அதனூடே இராணுவ வீரர் வாழுவதற்கு காணித்துண்டு வழங்க தேவையான நடவடிக்கை எடுப்பதோடு காணித்துண்டு வழங்குவதற்காக சூசகமாக ஒத்துழைப்பினையும் வழங்குகிறது.
Vision.,இலக்கு
Provision of suitable land for housing and living,வீடு கட்டி வாழுவதற்காக பொருத்தமான காணி வழங்குதல்
Mission,நடைமுறை பிரகடனம்
Provision of suitable land for war heroes and their families for building houses for living,இராணுவ வீரரும் அவரது குடும்பமும் வாழுவதற்கு பொருத்தமான தகைமையுள்ள சூழலில் காணி வழங்குதல்
a. Identification of landless war heroes and their families,(அ) காணியற்ற இராணுவ வீரரையும் அவரது குடும்பத்தையும் அடையாளம் காணல்.
b. Identification of state land or other land that can be distributed among war heroes and preparation of such land suitable for distribution.,(ஆ) இராணுவ வீரருக்கு இடையில் பங்கிடக்கூடிய அரச அல்லது வேறு காணிகளை இனம்காணல் மற்றும் பங்கிடக்கூடிய பொருத்தமான நிலைக்கு அதனைக் கொண்டு வரல்.
c. Development of land earmarked  for distribution among war heroes,(இ) இராணுவ வீரருக்கு இடையில் பங்கிடக்கூடிய இடத்தினை விருத்தி செய்தல்.
d. Making arrangements with relevant institutions  for the distribution of land among  war heroes,(ஈ) குறித்த நிறுவனத்துடன் இணைந்து இராணுவத்தினருக்கு இடையில் காணி வழங்க உரிய நடவடிக்கை எடுத்தல்
01. Finding land,01.	 காணி தெரிவுசெய்தல்
Under this programme land will be reserved through Divisional Secretariats for distribution among war heroes,இராணுவ வீரர்களிற்கு பங்கிடுவதற்காக பிரதேச செயலாளர் காரியாலயங்களில் காணி ஒதுக்குதல் இத் திட்டத்தின் கீழ் இடம் பெறும்.
Sending letters to Divisional Secretariats  for gathering information on un-identified blocks of land in all districts,சகல மாவட்டங்களிலும் இனம் காணப்படாத காணித் துண்டுகள் சம்மந்தமாக விபரம் சேகரிக்க பிரதேச செயலாளருக்கு கடிதம் அனுப்பல்.
The identified land obtained through the above action is as follows,அவ்வாறு அனுப்பப்பட்ட கடிதங்களின்படி இனம் காணப்பட்ட காணிகள் கீழே குறிப்பிடப்பட்டுள்ளது.
No,இலக்கம்
Divisional Secretariat,பிரதேச செயலாளர் கரியாலயம்
Name of the land,இடத்தின் பெயர்
Extent,அளவு
Bandaragama,பண்டாரகம
Mahahena,மஹஹேன
11/2 acres,11/2 ஏக்கர்
Horawpathana,ஹொரவபத்தான
Morawewa village,மொரவெவ கிராமம்
300 Hac.,ஹெக் 300
Rajanganaya,ராஜாங்சங்கின்ற
Kurunegala,குருனாகல்
Giribawa,கிரிபாவ
Nirawiyagama,நிராவியகம
Rasnayahkepura,ரஷ்நாயக்கபுர
"303,Udahenagama",303 – உடஹேனகம
Polpithigama,பொல்பித்திகம
No.8 and 1l 0f Ac 40 r.02 p.28 1871 of Kadagatha wewa,"கடஹத்தவெவ 1871ல் இல 8 ம், 11ம் ஆகிய காணிகள்"
Arachhickattuwa,ஆரச்சிகட்டுவ
Grass land,புல்வெளி
Ac.35,35 ஏக்கர்
Kudawairankattuwa,குடா வைரம் கட்டுவ
Ac 40,40 ஏக்கர்
Anamaduwa,ஆனைமடுவ
649 Kottukachachiya,649 கொட்டுகச்சிய
Ac.40,40  ஏக்கர்
658 C Diulwewa,658 C திவுல் வெவ
Ac 28,28  ஏக்கர்
Ac 100,100 ஏக்கர்
Badulla,பதுள்ள
Ridiamaliyadda,ரிதியமளியத்த
Bubulapitiya,புபுலபிட்டிய
Passara,பஸ்ஸர
Ihala Ambatenna,இகல அம்பத்தென்னபத்தன
Ac40,40 ஏக்கர்
Arrangements have been made with the Civil Defence Ministry and the Department of Prison to clear the land that is donated to the Authority and those earmarked for distribution in collaboration with Divisional Secretariats,தற்போது அதிகார சபையிடம் அன்பளிப்பு செய்யப்பட்ட காணிகள் பிரதேச செயலாளர் காரியாலயங்களோடு இணைந்து பங்கிட வைத்திருக்கும் காணி துப்பரவு செய்ய சிவில் பாதுகாப்பு அமைச்சும் சிறைச்சாலை திணைக்களமும் இணைந்து நடவடிக்கை எடுக்கிறது.
~ The services of government approved surveyors’ will be obtained to finalise the survey of these lands.,அந்தக் காணிகளில் கணக்கு விடயம் சம்பந்தமாக காணி அளவியலில் அனுமதிக்கப்பட்ட அரச கணக்கெடுப்பு உத்தியோகத்தாரின் உதவியை பெற நடவடிக்கை எடுக்கப்பட்டுள்ளது
02. Distribution of land,02.	காணியை வழங்குதல்
01.Names of 210 war heroes who qualified at the interviews were sent to the Madurawela Divisional Secretariat for distribution land from Nagahakanda estate in Madurawela.,01. மதுராவல நாகஹகந்த தோட்டக் காணிகளை இராணுவ வீரரிடம் பங்கிடுவதற்காக நேர்முகப் பரீட்சையில் தகைமை பெற்ற இராணுவத்தின் 210 பேரது பெயர்கள் சிபார்சு செய்யப்பட்டு மதுராவல பிரதேச செயலாளர் காரியாலயத்துக்கு அனுப்பப்பட்டுள்ளது.
Nagahakanda Estate in Madurawela,"நாகஹகந்த தோட்டக் காணி, மதுராவல"
- Ac19.77,- ஏக்கர் 19.77
No. of blocks for distribution,பங்கிடக்கூடிய துண்டுகளின் எண்ணிக்கை0
- 210,- 210
"02. Meegahakiula Land, Badulla",02.	பதுளை – மீகஹகிவுள காணி
The list of 241 applicants in the Badulla District who had been referred to the Authority for obtaining land was recommended and sent to the Meegahakiula Divisional Secretariat.,காணித் துண்டு வழங்க எமது அதிகார சபையிடம் சமர்ப்பித்த பதுளை மாவட்ட விண்ணப்பதாரிகள் 241 பேரின் பெயகளைத் தெரிவு செய்து அப் பட்டியலை மீகஹகிவுள பிரதேச செயலாளர் காரியாலயத்திட்டம் ஒப்படைத்துள்ளோம்.
03.Development of land earmarked for distribution among war heroes,03.	ராணுவ வீரரிடம் பங்கிடக்கூடிய காணியை அபிவிருத்தி செய்தல்.
Allocation of money to Divisional Secretaries for development of land earmarked for distribution among war heroes in collaboration with the Divisional Secretariat.,பிரதேச செயலாளர் காரியாலயத்தில் இராணுவத்தினரிடம் பங்கிடப்படவுள்ள காணியின் அபிவிருத்தி நடவடிக்கைக்காக பிரதேச செயலாளருக்கு பணம் வழங்குதல்.
Districts where the land observation was made are as follows,அதன்படி கீழ்க்காணும் மாவட்டங்களுக்குரிய காணி சம்மந்தமாக அவதானிப்பு நடைபெற்றது.
Desiwattha- Akmeemana,டேசிவத்தை காணி - அக்மீமன
- Galle,- காலி
Yakabedda Akuressa,யாகபெத்த அக்குரஸ்ஸ
- Matara,- மாத்தறை
Sooriyagahawela Koragahawela Land,சூரியகஹவெல கொரகஹவெல காணி
- Hambantota,- ஹம்பாந்தோட்டை
Meegahakiula Land,மீககிவுல காணி
- Badulla,- பதுளை
Telbeddawattha land,தெல்பெத்வத்தை காணி
Droping Wattha Land,ட்ரொபின்வத்தை காணி
Hingurana Peranigama Damana,ஹிங்குரான பெரணிகம் தமன
- Ampara,- அம்பாறை
Balangoda Meda Koralegama Land,பலாங்கொட மெத்கோரகம காணி
- Ratnapura,– இரத்னபுரி
4.Helping war heroes to get land and assisting them in settlement of land issues.,4.	இராணுவ வீரருக்கு காணித்துண்டு வழங்குதவற்காக தேவையான பங்களிப்பை வழங்குதலும் அவர்களின் காணிப்பிரச்சினையை தீர்த்து வைக்க அவசியமான ஒத்துழைப்பை நல்குதலும்.
Recommendations for land,காணி வழங்குவதற்காக பரிந்துரை வழங்குதல்.
Some war heroes having applied for a block of land from the Mahaweli Authority requested our recommendation for it.,இதன்கீழ் மகாவலி அதிகார சபையிடம் இராணுவத்தினர் காணித்துண்டு கேட்டு அக்காணி பெறுவதற்காக எமது அதிகார சபையிடம் சிபார்சு பெற்றுத்தருமாறு கேட்டுள்ளனர்.
In such cases their details will be collected through applications and those details will be forwarded to welfare directorate for approval.,இவ்வாறு விண்ணப்பிக்கும் இராணுத்தினரிடம் விண்ணப்பம் வழங்கி அவர்களின் விபரம் பெற்றுக் கொள்வதுடன் உரிய நிறுவனத்திடம் சிபார்சு கடிதம் அனுப்பப்படும்.
so subsequently recommendations sent to institutions concerned Recommendations issued during the year are as follows,இதன்படி இவ்வருடம் முழுதும் சிபார்சு கடிதம் வழங்குதல் பின்வரும் அமைப்பினால் ஆகும்
Airforce,விமானப்படை
Institution,நிறுவனம்
Mahaweli Authority,மகாவலி அதிகாரசபை
DivisionalSecretariat,பிரதேச செயலாளர் காணி விபரம்
Land Reform Commission,காணி மறுசீரமைப்பு ஆணைக்குழு
Land Commissioner’s offices,காணி ஆணையாளர் காரியாலயம்
Helping war heroes to get land issues settled,இராணுவத்தினரின் காணிப்பிரச்சினையை தீர்பதற்கு அவசியமான ஒத்துழைப்பு வழங்குதல்
Letters received from the war heroes for securing help in solving problems such as getting deeds or licenses for the land they settled on and getting the approval for building a house are referred to institutions concerned requesting priority for them.,வசிக்கும் காணிக்கு உறுதி/அனுமதிபத்திரம் வழங்குதல்/காணியில் வீடு கட்டுவதற்காக அனுமதி பெறல் போன்ற பலவகை பிரச்சினைகளை தீர்க்க இராணுவத்தினர் முன்வைக்கும் கடிதங்களின்படி அக்கோரிக்கைகளுக்கு முக்கியத்துவம் வழங்குமாறு கோரி உரிய நிறுவனத்தினடம் கடிதம் அனுப்பல்.
Requests received during the year are as follows,இவ்வருடத்தினுள் அதன்படி அனுப்பப்பட்ட கடிதங்கள் கீழ்க் காணப்படுகிறன.
Matters,காரணம்
Referred institution,கடிதம் அனுப்பிய நிறுவனம்
Getting deeds or licenses,உறுதி /அனுமதிப் பத்திரம் வழங்கல்
Settlement of land issuses and Approval for house building,காணிப் பிரச்சினை தீர்ப்பதற்காக வீடு கட்டுவதற்காக அனுமதி பெறுதல்
other,வேறு
Mahaweli Authority,மகாவலி அதிகார சபை
Divisional Secretariat,பிரதேச செயலாளர் காரியாலயம்
Land Commissioner’s offices,காணி ஆணையாளர்கள் காரியாலயம்
Housing Development Authority,வீடமைப்பு அபிவிருத்தி அதிகாரசபை
Land Ministry and Other Institutes,காணி அமைச்சு மற்றும் வேறு நிறுவனங்கள்
Agrarian Service Department,கமநல சேவை திணைக்களம்
05. Social and Cultural Division,05. சமூக மற்றும் கலாச்சார பிரிவு
1. Community  Project,I. சனசமூக செயற்றிட்டம்
Budget 1: Community Cluster Programmes,செலவு தலைப்பு 1 : சனசமூக கொத்து நிகழ்ச்சித் திட்டம்
Expected No.,எதிர்பார்த்த அளவு
Progress,மாதாந்த முன்னேற்றம்
Expenditure,செலவு
Completed No.,முடித்த அளவு
Rs.,ரூபாய்
Programmes,நிகழ்ச்சி
Programme to promote friendship of Kurunegala District community  members held on 21.04.2011,2011.04.21ம் திகதி குருணாகல் மாவட்டத்தில் நடைபெற்ற சனசமூக உறுப்பினர் சமூக உறவு விருத்தி நிகழ்ச்சித்திட்டம்.
Programme to promote friendship of Puttalam District community  members held on 24.04.2011,2011.01.24 திகதி புத்தளம் மாவட்டத்தில் நடைபெற்ற சனசமூக உறுப்பினர் உறவு விருத்தி நிகழ்ச்சித்திட்டம்.
Programme to promote friendship of Gampaha District community  members held on 22.04.2011,2011.04.22 திகதி கம்பஹா மாவட்டத்தில் நடைபெற்ற சனசமூக உறுப்பினர் சமூக உறவு விருத்தி நிகழ்ச்சித்திட்டம்.
Programme to promote friendship of Colombo District community  members held on 22.04.2011,2011.04.22 திகதி கொழும்பு மாவட்டத்தில் நடைபெற்ற சனசமூக உறுப்பினர் சமூக உறவு விருத்தி நிகழ்ச்சித்திட்டம்.
Making arrangements for the unveiling of a Ranaviru monument erected by Naththandiya Ranaviru community.,நாத்தான்டிய ரணவிரு சனசமூக ஊடாக கட்டிய ரணவிரு தூபி திறக்கும் நிகழ்ச்சித்திட்ட ஏற்பாடு.
Unveiling of a Ranaviru monument  erected by Hanguranketha Ranaviru  community  on 07.06.2011,ஹங்குராங்கெத்த ரணவிரு சனசமூக சங்கத்தின் ஊடாக கட்டிய ரணவிரு தூபி திறக்கும் விழா - 2011.06.07
Unveiling of Ranaviru monument  erected by Pujapitiya Ranaviru  community ya on 09.06.2011,பூஜாபிட்டிய ரணவிரு சங்கம் ஊடாக கட்டப்பட்ட ரணவிரு தூபி திறப்புவிழா -
Making financial contribution for Pirith chanting pinkama organized  by Hanwella Ranaviru community ya,ஹங்வெல்ல இராணுவ சனசமூக சங்கம் ஊடாக ஏற்பாடு செய்யப்பட்ட பிரித் வைபவத்திற்கு பணம் வழங்குதல்.
Organized the participation of the wives  of war heroes for the Indonesian cultural show held on 07.09.2011 at BMICH,பண்டாரநாயக்க ஞாபகார்த்த சர்வதேச மாநாட்டு மண்டபத்தில் நடைபெற்ற இந்தோனேசியா கலாச்சார நிகழ்ச்சியில் ரணவிரு மனைவியர் பங்குபெறல் 2011.09.07.
Organized the participation of war heroes for a programme held at the Rupawahini Corporation,ரூபவாஹினி கூட்டுத்தாபனத்தில் நடைபெற்ற நிகழ்ச்சித் திட்டத்தில் இராணுவ வீரர்களைப் பங்குபற்ற செய்தல் 2011.09.21.
"A Function with the participation of war heroes ,was held at Dodamgoda entrance prior to the opening of  Southern Express way on19.11.2011",தென்பகுதி அதிவேக மார்க்கத்தை திறப்பதற்கு முதற்கட்டமாக தொடாங்கொடையில் பிரவேசிக்கும் இடத்தில் ரணவிரு சனசமூக சங்க உறுப்பினர்களின் பங்கேற்புடன் விழா நடாத்துதல் 2011.11.19.
The Ranaviru Sewa Authority and  the Western Province Ranaviru community  conducted a Bodhi puja on 24.11.2011at the Gangaramaya temple - Hunupitiya.,ரணவிரு சேவை அதிகார சபையும் மேல்மாகாண ரணவிரு சங்கமும் இணைந்து ஹுணுபிட்டி கங்கராம விகாரையில் வணக்க வழிபாடு நிகழச்சித்திட்டம் நடாத்துதல் 2011.11.24.
Budget 2: District awareness,செலவு தலைப்பு 2 : மாவட்ட அறிவூட்டல்
Monthly progress,மாதாந்த முன்னேற்றம்
Expenditure,செலவீனம்
District Committee meetings of Badulla and Monaragala of Uva Province were held on 07th & 08th of May 2011,"• 2011.05.07ம், 8ம் திகதிகளில் ஊவா மாகாணத்தில் பதுளை மொனராகல மாவட்ட குழுக்கூட்டம் நடாத்தப்பட்டது."
Kandy District Committee Meeting on 18.07/2011,கண்டி மாவட்ட குழுக்கூட்டம் 2011.07.18ல் நடந்தது.
Matale  District Committee Meeting on 19.07/2011,மாத்தளை மாவட்ட குழுக்கூட்டம் 2011.07.19ல் நடந்தது.
Puttlam District Committee Meeting on 25.07/2011,புத்தளம் மாவட்ட குழுக்கூட்டம் 2011.07.25ல் நடந்தது.
Ampara District Committee Meeting on 04.08/2011,அம்பாறை மாவட்ட குழுக்கூட்டம் 2011.08.04ல் நடந்தது.
Badulla  District Committee Meeting on 08.08/2011,பதுளை மாவட்ட குழுக்கூட்டம் 2011.08.08ல் நடந்தது.
Anuradhapura District Committee Meeting on 18.08/2011,அநுராதபுரம் மாவட்ட குழுக்கூட்டம் 2011.08.18ல் நடந்தது.
Kalutara District Committee Meeting on 22.08/2011,களுத்துறை மாவட்ட குழுக்கூட்டம் 2011.08.22ல் நடந்தது.
Gampaha District Committee Meeting on 29.09.2011,கம்பஹா மாவட்ட குழுக்கூட்டம் 2011.09.29ல் நடந்தது.
Polonnaruwa District Committee Meeting on 24.10.2011,பொலன்நறுவை மாவட்ட குழுக்கூட்டம் 2011.09.24ல் நடந்தது.
Budget: 3 Spiritual and social programmes,செலவு தலைப்பு 3: ஆன்மீக மற்றும் சமூக நிகழ்ச்சித்திட்டங்கள்
Amawaka Poya Day Religious Programme in June,ஜுன் மாத அமாவாசை போயா சமய நிகழ்ச்சித்திட்டம் கெப்பித்திகொள்ளாவ போதிராஜ விகாரையில் நடாத்தல்.
Taking part in the Religious Programme held at the Kebithigollewa Bodhiraja Temple organized by Kotavehera Ranaviru Community.,கொட்டவெஹெர இராணுவ வீரர் சங்கத்தின் தலமையில் நடைபெற்ற சமய நிகழ்ச்சித்திட்டத்திற்கு பங்குபெறல்.
In October  the Amawaka porgramme was held at the Kahatagasdigiliya Viharaya,ஒக்டோபர் மாதம் அமாவாசை போயா தினத்தில் சமய நிகழ்ச்சித்திட்டம் கஹட்டகஸ்திகிலிய விகாரையில் நடத்துதல்.
"Bhawana programme was held for disabled war heroes at the Sri Sudarsanarama Viharaya, Polgasowita on 20.12.2011 for their spiritual benefit.",இராணுவ வீரர்களின் ஆன்மீக குணநல விருத்தி செய்யும் நோக்கில் ஊனமுற்ற இராணுவ வீரர்கள் கலந்துகொள்ளச் செய்த பொல்கஸ்ஓவிட்ட சிறி சுதர்ஸனா ராமயிவில் வணக்க நிகழ்ச்சித்திட்டம் நடத்தல். 2011.12.20
Budget 4: Retaining the membership and making a success the actions of community,"செலவு தலைப்பு 4: உறுப்பினர்களை சந்திக்க வைத்தலும், சங்க நடவடிக்கைகளை நிறைவேற்றுதலும்."
Annex  01,பின்னிணைப்பு  01
"Property, Plant and Equipment","சொத்து, மர மற்றும் உபகரணம்"
General Account,பொதுக் கணக்கு
Descriptions,விபரங்கள்
Office Furniture & equipment,அலுவலக உபகரணங்கள் மற்றும் தளபாடம்
"Plant,Machinery & other office equipment","மர, உபகரண மற்றும் ஏனைய அலுவலக உபகரணங்கள்"
Vehicles,வாகனம்
Cost as at 1 st January 2011,செலவீனம் 1 ஜனவரி 2011இன் படி
Additions,சேர்த்தல்
Disposables/Adjustment,நீக்கக்கூடிய/சரிசிதல்
Cost as at 31st December 2011,செலவீனம் 31 டிசெம்பர் 2011  இன் படி
Depreciation,தேய்மானம்
Accumulated Depreciation,சேகரிக்கப்பட்ட தேய்மானம்
as at 1st January 2011,1 ஜனவரி 20இன் படி
Income & Expenditure A/C,வரவு மற்றும் செலவுக் கணக்கு
as at 31st December 2011,31 டிசெம்பர் 2011  இன் படி
Net book Value,நிகரப் புத்தகப் பெறுமதி
Projects Accounts,திட்டக் கணக்குகள்
Building & Structures,கட்டட மற்றும் அமைப்புக்கள்
Office Furniture,அலுவலகத் தளபாடம்
Cost,செலவீனம்
As at 1st January 2011,1 ஜனவரி 2011இன் படி
As at 31st December 2011,31 டிசெம்பர் 2011 இன் படி
as at 1st January 2009,1 ஜனவரி 2009இன் படி
as at 31st December 2011,31 டிசெம்பர் 2011 இன் படி
Annex 02,பின்னிணைப்பு 02
Fixed Deposit,நிலையான வைப்பு
Projects 2011,திட்டங்கள் 2011
Rs,ரூபாய்
Education Project,கல்வித் திட்டம்
Ranaviru Remembrance & Benevolent Project,ரணவிரு ஞாபகார்த்த மற்றும் இரங்கல் திட்டம்
Annex 03,பின்னிணைப்பு 03
Stocks,பங்குகள்
Stocks have been valued at lower of cost and net realizable value after making due allowing for obsolete items.,பயனற்ற பொருகளை  பயன்படுத்துவதினால் பங்குகளின் பெறுமதியானது குறித்த பெருமதியையே காட்டுகின்றது .
Annex 04,பின்னிணைப்பு 04
Short term Investment -Bank OF Ceylon,குறு கால முதலீடு - இலங்கை வங்கி
04-1 Repos Investment,04-1 மீள் முதலீடு
Ranaviru Rimem.& Benivo. Project,ரணவிரு ஞாபகார்த்த மற்றும் இரங்கல் திட்டம்
Concessionary Loan Project,சலுகைக் கடன் திட்டம்
04-2 Treasury bill Investment,04-2 திறைசேரி உண்டியல் முதலீடு
04-3 Fund Management Account,04-3 நிதி முகாமைத்துவக் கணக்கு
Housing Project,வீட்டுத் திட்டம்
Skill Dev. Project,திறன் விருத்தித் திட்டம்
Socio - Psychosocial Project,சமூக உளவியல் திட்டம்
Disable War Heroes Project,உடல் ஊனமுற்ற இராணுவ வீரர்களின் திட்டம்
Annex 05,பின்னிணைப்பு 05
Loan Balances,கடன் மிகுதி
General Account 2011,பொதுக் கணக்கு 2011
05-1 Receivable Interest income,05-1 வரவு வைக்க வேண்டிய வட்ட வருமானம்
Treasury bill Interest income,திறைசேரி உண்டியல் வட்டி வருமானம்
Ranaviru Rememb. & Benevo. Pro.,ரணவிரு ஞாபகார்த்த மற்றும் இரங்கல் திட்டம்
Fixed Deposit Interest income,நிலையான வைப்பு வட்டி வருமானம்
Saving Account Interest income,சேமிப்புக் கணக்கு வட்டி வருமானம்
Disable War Heroes Project NSB,உடல் ஊனமுற்ற இராணுவ வீரர்களின் திட்டம்  தேசிய சேமிப்பு வங்கி
05-2 Loan,05-2 கடன்
Distrest Loan,இடர்க் கடன்
1. Housing loan  (Service),1. வீட்டுக் கடன்   (சேவை)
Housing loan  (community ),வீட்டுக் கடன்  (சனசந்த)
Housing loan  (Gammana),வீட்டுக் கடன்  (கம்மான)
2. Medical loan,2. வைத்திய கடன்
3. Self Employment loan,3. சுயதொழில் வேலைவாய்ப்புக் கடன்
4. Three wheal loan,4. முச்சக்கர வண்டிக் கடன்
5. Education loan,5. கல்விக் கடன்
Education loan,கல்விக் கடன்
05-3  Service Charges,05-3 சேவைக் கட்டணம்
1. Housing loan  (Service),1. வீட்டுக் கடன் (சேவை)
2. Medical loan,2. வைத்தியக் கடன்
05- 4  Jayaviru lottery income,05-4  ஜெயவிரு சீட்டிழுப்பு வருமானம்
05-5 Housing Project,05-5 வீட்டுத் திட்டம்
Psychosocial Project,சமூக உளவியல் திட்டம்
05-6 Advance,05-6 முற்பணம்
05-7 Festival Advance,05-7 பண்டிகை முற்பணம்
Annex 06,பின்னிணைப்பு 06
Deposits,வைப்புக்கள்
Annex 07,பின்னிணைப்பு 07
Saving Accounts balances,சேமிப்புக் கணக்கு மிகுதி
SMIB -Housing Project,SMIB - வீட்டுத் திட்டம்
NSB- Education Project,தேசிய சேமிப்பு வங்கி- கல்விக் கடன்
NSB- Psychosocial Project,தேசிய சேமிப்பு வங்கி- சமூக உளவியல் திட்டம்
Bank Of Ceylon -Ranaviru Rimem.& Benivo. Project,இலங்கைவங்கி -ரணவிரு ஞாபகார்த்த மற்றும் இரங்கல்
Annex 08,பின்னிணைப்பு 08
Cash Balance,பண மிகுதி
BOC- General Account,இலங்கைவங்கி- பொதுக் கணக்கு
BOC- Housing Project,இலங்கைவங்கி- வீட்டுத் திட்டம்
BOC- Education Project,இலங்கைவங்கி- கல்விக் கடன்
BOC- Skill Dev. Project,இலங்கைவங்கி- திறன் விருத்தித் திட்டம்
BOC- Psychosocial Project,இலங்கைவங்கி- சமூக உளவியல் திட்டம்
BOC- Ranaviru Rimem.& Benivo. Project,இலங்கைவங்கி- ரணவிரு ஞாபகார்த்த மற்றும் இரங்கல் திட்டம்
BOC-Disable War Heroes Project,இலங்கைவங்கி- உடல் ஊனமுற்ற இராணுவ வீரர்களின் திட்டம்
BOC- Concessionary Loan Project,இலங்கைவங்கி- சலுகைக் கடன் திட்டம்
Aneex 09,பின்னிணைப்பு 09
Current Liabilities,தற்போதைய பொறுப்புக்கள்
09-1 Personal Emoluments,09-1 ஊழியர் ஊதியம்
Salaries Payable A/C,வழங்கவேண்டிய சம்பளக் கணக்கு
Accrual  EPF,திரண்ட EPF
Accrual  ETF,திரண்ட ETF
Accrual Over time & holyday pay,திரண்ட மேலதிக நேரம் மற்றும் ஓய்வுநாட் கொடுப்பனவு
Accrual  Allowances,திரண்ட கொடுப்பனவுகள்
09-2 Traveling Expenses,09-2 போக்குவரத்துச் செலவுகள்
09-3 Supplies Expenses,09-3 வழங்கல் செலவுகள்
Stationary,எழுதுகருவிகள்
Fuel & Lubricants,எரிபொருள் மற்றும் மசகு எண்ணை
09-4 Maintenance Expenses,09-4 பராமரிப்புச் செலவுகள்
Vehicle Repairs,வாகனப் பழுதுபாத்தல்
Building Maintenance,கட்டடப் பராமரிப்பு
09-5 Contractual Services,09-5 ஒப்பந்த சேவைகள்
Accrual Transport /rent Concessionary Loan Project,திரண்ட போக்குவரத்து / வாடகை சலுகைக் கடன் திட்டம்
Accrual  Telephone Ranaviru Rimem.& Benivo. Project,திரண்ட தொலைபேசி ரணவிரு ஞாபகார்த்த மற்றும் இரங்கல் திட்டம்
Accrual  Electricity Concessionary Loan Project,திரண்ட  மின்சார செலவு சலுகைக் கடன் திட்டம்
Accrual  Security Service Expenses,திரண்ட பாதுகாப்புச் சேவை செலவீனங்கள்
Accrual  Janitorial Service Expenses,திரண்ட சுகாதார சேவைச் செலவீனங்கள்
Accrual  News paper,திரண்ட செய்தித் தாள்
Accrual  Audit Fees,திரண்ட கணக்காய்வுக் கட்டணம்
Accrual Translations fees Concessionary Loan Project,திரண்ட மொழிபெயர்ப்புக் கட்டணம் சலுகைக் கடன் திட்டம்
"Accrual  Plant, Machinary& equipment","திரண்ட மர, இயந்திரம் மற்றும் உபகரண செலவுகள்"
Accrual  Office Furniture & Equipments,திரண்ட அலுவலகத் தளபாட மற்றும் உபகரணங்கள்
09-6 Others,09-6 ஏனையவை
Creditors -S Jayathilake,கடனாளிகள்  -எஸ் ஜெயதிலகே
09-7 Housing Project,09-7 வீட்டுத் திட்டம்
Accrual  Donation (Housing),திரண்ட  நன்கொடை (வீடுகள்)
09-8 Ranaviru Rimem.& Benivo. Project,09-8 ரணவிரு ஞாபகார்த்த மற்றும் இரங்கல் திட்டம்
Government functions,அரசாங்க செயற்ப்பாடுகள்
Ranaviru Park Maintenance,ரணவிறுப் பூங்கா பராமரிப்பு
Accrual  Meadia activities of all project payable,திரண்ட அனைத்துத் திட்டங்களுக்குமான ஊடக செயற்பாடுகள்
Accrual  Publication Royalty,திரண்ட பிரசுரிப்பு அதிகாரம்
Accrual  Bills,திரண்ட விலைப் பட்டியல்
09-9 Concessionary Loan Project,09-9 சலுகைக் கடன் திட்டம்
Refund A/C,மீளப்பெற்ற பணம் A/C
Other payablles,ஏனைய கொடுப்பனவுகள்
Aneex 10,பின்னிணைப்பு 10
Non-Current Liabilities,அவசரமில்லாத பொறுப்புக்கள்
A Provision for Gratuity,நன்கொடைக்கான ஒதுக்கீடு
Balance as as 01st January 2011,01 ஜனவரி 2011இன் மிகுதி
Add,சேர்த்தல்
Provision for the period,காலப்பகுத்திக்கான ஒதுக்கீடு
Less,குறைப்பு
Gratuity piad,வழங்கப்பட்ட நன்கொடை
Balance as as 31st December 2011,31 டிசம்பர்  2011இல் காணப்பட்ட மிகுதி
Annex 11,பின்னிணைப்பு 11
Interest income,வட்டி வருமானம்
11- 1 Repos/Fund Management Interest income,11.1 ரிபொஸ் / நிதிய முகாமைத்துவ வட்டி வருமானம்
Ranaviru Rimem.& Benivo. Project,ரணவிரு ஞாபகார்த்த மற்றும் நல்லெண்ணத் திட்டம்
Concessionary Loan Project,நிவாரணக் கடன் திட்டம்
11- 2 Treasury bill Interest income,11 - 2 திறைசேரி உண்டியல் முதலீட்டு வருமானம்
11- 3 Fixed Deposit Interest income,11 - 3 நிலையான வைப்பீட்டு வட்டி வருமானம்
11- 4 Saving Account Interest income,11 - 4 சேமிக்குக் கணக்கு வட்டி வருமானம்
Housing Project,வீடமைப்புத் திட்டம்
Psychosocial Project,மனநல சமூகத் திட்டம்
Annex 12,பின்னிணைப்பு 12
Service Charges,சேவைக் கட்டணம்
Projects 2011,நிகழ்ச்சித் திட்டம் 2011
1. Housing loan  (Service),1. வீடமைப்புக் கடன் (சேவைகள்)
Housing loan  (community ),வீடமைப்புக் கடன் (சனசமூக)
Housing loan  (Gammana),வீடமைப்புக் கடன் (கிராமங்கள்)
2. Medical loan,2. மருத்துவக் கடன்
3. Self Employment loan,3. சுயதொழில் கடன்
4. Three wheal loan,4. முச்சக்கர வண்டி கடன்
Annex 13,பின்னிணைப்பு 13
Ranaviru Flage Sales income,ரணவிரு கொடி விற்பனை வருமானம்
Annex 14,பின்னிணைப்பு 14
Donations,அன்பளிப்புகள்
Projects 2011,ரூபாய்
Rs,14.1 உள்ளூர் அன்பளிப்புகள்
14- 1 Donations Local,நிகழ்ச்சித் திட்டம் 2011
Disable War Heroes Project,அங்கவீனமுற்ற ரணவிரு நிகழ்ச்சித் திட்டம்
14- 2 Donations Forigen,14.2 வௌிநாட்டு அன்பளிப்புகள்
Annex 15,பின்னிணைப்பு 15
Others,வேறு
Other receipt,வேறு பயனாளிகள்
Psychosocial Project,உளநல சமூக திட்டம்
Ranaviru Rimem. & Benivo. Project,ரணவிரு ஞாபகார்த்த மற்றும் நல்லெண்ணத் திட்டம்
Annex 16,பின்னிணைப்பு 16
Personal Emoluments,ஆட்களின் சம்பளக் கொடுப்பனவுகள்
Annex,பின்னிணைப்பு
Salaries & Wages,சம்பளம் மற்றும் வேதனங்கள்
E.P.F,ஊ.சே.நி.
E.T.F,ஊ.ந.பொ.நி.
Gratuiry,பணிக்கொடை
"Over time, Holiday pay",மேலதிக நேர மற்றும் விடுமுறைத்தின கொடுப்பனவு
Allowances,கொடுப்பனவுகள்
Annex 17,பின்னிணைப்பு 17
Travelling Expenses,பிரயாணச் செலவுகள்
Domestic,தேசிய
Annex 18,பின்னிணைப்பு 18
Supplies,விநியோகம்
Stationery & Office requisites,காகிதாதிகள் மற்றும் அலுவலக தேவைப்பாடுகள்
Fuel & Lubricants,எரிபொருள் மற்றும் உராய்வு நீக்கி எண்ணெய்
Entertainment & Sundry expenses,உபசரிப்பு மற்றும் நானாவித செலவுகள்
Annex 19,பின்னிணைப்பு 19
Maintenance Expenses,மேற்பார்வை செலவுகள்
Vehicle Repairs,வாகனப் புதுப்பித்தல்
Office Equipment Repairs,காரியாலய உபகரண புதுப்பித்தல்
Building Maintenance,கட்டட  மேற்பார்வை
Annex 20,பின்னிணைப்பு 20
Contractual Services,ஒப்பந்த அடிப்படையிலான சேவைகள்
Transport,போக்குவரத்து
Telecommunication,தொலைத்தொடர்பு
Postal Charges,தபால் கட்டணங்கள்
Electricity,மின்சாரம்
Water,நீர்
News papers,செய்திப் பத்திரிகைகள்
Licencence & Insurance,அனுமதிப்பத்திரங்கள் மற்றும் காப்புறுதி
Janitorial Service,துப்புரவு சேவைகள்
Security Service,பாதுகாப்பு சேவைகள்
Rents,வாடகைகள்
Consultancy service,ஆலோசனை சேவைகள்
Annex 21,பின்னிணைப்பு 21
Other Recurrent Expenses,வேறு தொடர் செலவுகள்
Audit fees,கணக்காய்வு செலவுகள்
Office Equipment Service,காரியாலய உபகரண சேவைகள்
Printing,அச்சிடல்
Translation fees,மொழிப்பெயர்ப்பு கட்டணங்கள்
Training Expenses,பயிற்சியளித்தல் செலவுகள்
Others  Expenses,பிற செலவுகள்
Annex 22,பின்னிணைப்பு 22
Projects Operating Expenses,திட்ட  இயக்கச் செலவுகள்
Psychosocial Project,உளநல சமூகத் திட்டம்
Disable War Heroes Project,அங்கவீனமுற்ற ரணவிரு திட்டம்
Project transferred,மாற்றப்பட்ட நிகழ்ச்சித் திட்டம்
Annex  23,பின்னிணைப்பு 23
Finance cost,நிதிச் செலவீனம்
23- 1 With holding tax,23 - 1 உருவ மெருகூட்டல் வரி
Housing Project,விடமைப்புத் திட்டம்
23- 2 Debit Tax,23 - 2 பற்று வரி
23- 3 Bad Debeters,23 - 3 அறவிட முடியா கடனாளிகள்
Annex 24,பின்னிணைப்பு 24
Cash and cash equivalents at end of period,இந்த காலப்பகுதியின் இறுதியிலான நிதி மற்றும் பணத்திற்கு ஈடாக வஸ்துகள்
Short term Investment,குறுங்கால முதலீடுகள்
Saving Accounts balances,சேமிப்புக் கணக்கு மீதி
Cash at Bank,வங்கி வைப்பீட்டுத் தொகை
Annex 25,பின்னிணைப்பு 25
Adjestment,ஒப்பீடுகள்
Annex 26,பின்னிணைப்பு 26
Annex 27,பின்னிணைப்பு 27
E.P.F,ஊ.சே.நி
General Account 1516583.31,பொதுக் கணக்கு
Housing Project 32976.00,வீடமைப்புத் திட்டம்
Education Project 39571.20,கல்வித் திட்டம்
Annex 28,பின்னிணைப்பு 28
E.T.F,தொ.த.ப.நி.
Annex 29,பின்னிணைப்பு 29
Annex 30,பின்னிணைப்ப 30
"Over time, Holiday pay",மேலதிக விடுமுறைத்தின கொடுப்பனவு
Annex 31,பின்னிணைப்பு 31
Allowances,கொடுப்பனவு
Annex 32,பின்னிணைப்பு 32
Stationery & Office requisites,காகிதாதிகள் மற்றும் காரியாலய தேவைப்பாடுகள்
Disable War Heroes Project,அங்கவீமுற்ற ரணவிரு திட்டம்
Annex 33,பின்னிணைப்பு 33
Ranaviru Rimem.& Benivo. Project,அங்கவீனமுற்ற ரணவிரு திட்டம்
Annex 34,பின்னிணைப்பு 34
Annex 35,பின்னிணைப்பு 35
Vehicle Repairs,வாகனம் திருத்துதல்
Annex 36,பின்னிணைப்பு 36
Annex 37,பின்னிணைப்பு 37
Building Maintenance,கட்டட மேற்பார்வை
Annex 38,பின்னிணைப்பு 38
Contractual Services,ஒப்பந்த சேவைகள்
Projects 2011,நிகழ்ச்சித் திட்டம்
Annex 39,பின்னிணைப்பு 39
Rs,ருபாய்
Annex 40,பின்னிணைப்பு 40
Postal Charges,தபால் கட்டணம்
Annex 41,பின்னிணைப்பு 41
Elecricity Expenses,மின்சார செலவினம்
Annex 42,பின்னிணைப்பு 42
Annex 43,பின்னிணைப்பு 43
Licencence & Insurance,அனுமதிப்பத்திரம் மற்றும் காப்புறுதி
Annex 44,பின்னிணைப்பு 44
Annex 45,பின்னிணைப்பு 45
Consultancy service,நிகழ்ச்சித் திட்டம் 2011
Projects 2011,ஆலோசனை சேவைகள்
Annex 46,பின்னிணைப்பு 46
Annex 47,பின்னிணைப்பு 47
Printinng,அச்சிடுதல்
Annex  48,பின்னிணைப்பு 48
Translation fees,மொழிப்பெயர்ப்பு
Annex 49,பின்னிணைப்பு 49
Training Expenses,பயிற்சியளித்தல் செலவினம்
Annex 50,பின்னிணைப்பு 50
Others  Expenses,வேறு செலவினங்கள்
General Account,பொதுக் கணக்கு 2011
Annex 51,பின்னிணைப்பு 51
Housing Project Operating Expenses,வீடமைப்புத் திட்ட மேற்பார்வை செலவினம்
Donation (Housing),அன்பளிப்புகள் (வீடமைப்பு)
Development of Lands insfastructor facilities,காணி உட்கட்டமைப்பு வசதிகள் அபிவிருத்தி
Land Expences,காணிகளுக்கான செலவினம்
Donation for lands,காணிகளுக்கான அன்பளிப்புகள்
Function Organisation,வைபவ ஏற்பாடு
Officers & Members Training Pro.,அலுவலர்கள் மற்றும் உறுப்பினர்களை பயிற்றுவித்தல் வேலைத்திட்டம்
Activated Rana viru community  & Members Attraction,ரணவிரு சம்மேளனத்தை செயற்படுத்தல் மற்றும் உறுப்பினர்களைக் கவர்த்தல்
community  District comity Meeting,சம்மேளன மாவட்ட குழு கூட்டம்
Mobil Service & community  Pokuru  programme,நடமாடும் சேவை மற்றும் சம்மேளன கொத்து வேலைத்திட்டங்கள்
community  Id Card,சம்மேளன அடையாள அட்டை
community  Account Opening,சம்மேளன கணக்குகளை ஆரம்பித்தல்
Emergency Subsidies Programme,அவசர நிவாரண வேலைத் திட்டங்கள்
Dudaru kusalatha programme,பிள்ளைகளின் திறன்காண் வேலைத்திட்டங்கள்
ranaviru suwada,ரணவிரு சுவத
Home & Industrial  tranning  Programme,வீட்டு மற்றும் தொழிற்பயிற்சி வேலைத்திட்டம்
Rana viru Gammana Prejasala,ரணவிரு கிராம நலன்புரி நிலையங்கள்
Adarsha Ranaviru gammana Programme,மாதிரி ரணவிரு கிராமங்கள் வேலைத்திட்டம்
Organisation Works,ஏற்பாட்டு வேலைகள்
Annex  52,பின்னிணைப்பு 52
Education Project Operating,கல்வித் திட்ட செயற்பாடுகள்
Expenses,செலவினங்கள்
Function Organisation,வைபவ ஏற்பாடுகள்
"NSB Hapan Scholarship (O/L,A/L)",என் எஸ் பி ஹபன் புலமைபரிசில் (சா.தரம் / உ.தரம்)
Froster parents Scholarship,தாய் தந்தை அர்ப்பணிப்பு புலமைப்பரிசில்
Special   Scholarship Donation,விசேட புலமைப்பரிசில்கள்
Special Donation,விசேட அன்பளிப்புகள்
Self Employment Donations,சுயதொழில் அன்பளிப்பு
Self Employment Traning Programme,சுயதொழில் பயிற்சி வேலைத்திட்டம்
Instructors fees,ஆலோசனை கட்டணங்கள்
Donatoin for new computers,புதிய கணனிகளுக்கான அன்பளிப்புகள் 8
Festival activitis of Computer center,கணனி நிலைய வைபவ செயற்பாடுகள்
Computer Certificate,கணனி சான்றிதழ்கள்
Traning Instructors,பயிற்சி ஆலோசகர்கள்
Harf Scholaship for technical & Educational Course,தொழில்நுட்ப மற்றும் கல்வி விடயதானங்களுக்கான பகுதியளவு புலமைபரிசில்
Rana viru Gammana  Instructors Fee,ரணவிரு கிராம ஆலோசகர்களுக்கான கட்டணங்கள்
Mapiya Surakum Programme,தாய் தந்தை காப்புறுதி வேலைத்திட்டம்
Mapiya Surakum Programme inspection,தாய் தந்தை காப்புறுதி வேலைத்திட்ட கண்காணிப்பு
Annex 53,பின்னிணைப்பு 53
Psychosocial Project Operating Expenses,உளநல சமூக திட்ட செயற்பாட்டு செலவினங்கள்
Meadia activities of all project,அனைத்து திட்டங்களினதும் ஊடக செயற்பாடுகள்
Data Collection,தரவு சேகரிப்பு
Annex 54,பின்னிணைப்பு 54
Ranaviru Rimem.& Benivo. Project Operating Expenses,ரணவிரு ஞாபகார்த்த மற்றும் நல்லெண்ணத் திட்ட செயற்பாட்டு செலவினங்கள்
Join with National events,தேசிய வைபவங்களில் கலந்துகொள்ளல்
Ranaviru Park Maintenance,ரணவிரு பூங்கா மேற்பார்வை 8
National Ranaviru day Expenses,தேசிய ரணவிரு தின செலவினங்கள்
work with External Institution1,வௌி நிறுவனங்களுடன் பணியாற்றுதல்
Medil Programme,ஊடக வேலைத்திட்டங்கள்
Annex 55,பின்னிணைப்பு 55
Disable War Heroes Project Operating Expenses,அங்கவீனமுற்ற ரணவிரு திட்ட செயற்பாட்டு செலவினம்
Medical Related Aids,மருத்துவ உதவிகள்
MEDICAL CLINIC,மருத்துவ முகாம்கள்
Psychosocial Programme,உளநல சமூக வேலைத்திட்டம்
Psychosocial skill tranning Programme,உளநல சமூக திறன் பயிற்சி வேலைத்திட்டம்
Donation for Disable war Heroes (Bathroom & Fittings),அங்கவீனமுற்ற ராணுவத்தினருக்கான அன்பளிப்புகள் (குளியலறை மற்றும் உபகரணங்கள்) 7729000.00
Disable war Heroes Training  Programme,அங்கவீனமுற்ற ரணவிரு பயிற்சி வேலைத்திட்டம் 150713.00
Annex 56,பின்னிணைப்பு 56
Project transferred,மாற்றப்பட்ட திட்டம்
Skill Dev. Project,திறன் அபிவிருத்தித் திட்டம்
Actions was initiated to reactivate the inactive Ranaviru community and the revival of community in the Anuradhapura and Polonnaruwa Districts from August 01 to 07 2011.,அநுராதபுரம் மற்றும் பொலன்னறுவை மாவட்டங்களில் செயலிழந்துள்ள இராணுவ வீரர் சங்சத செயற்பட வைத்தலும் இராணுவ வீரர் சங்சத மீண்டும் அமைக்க நடவடிக்கை எடுத்தலும் 2011.08.01 - 07
The Chairperson made a visit to look into the situation of Mundalama community - 2011.11.16.,முந்தல் இராணுவ வீருர் சங்சதவில் உருவாகியுள்ள நிலமை சம்மந்தமாக அலசிப்பார்க்க தலைவியினால் அவதானிப்பதற்காக பிரயாணம் நடாத்துதல் 2011.11.16.
Total Amount,மொத்த தொகை
Expenditure heading 5: Financial assistance in emergencies,செலவு தலைப்பு 5: திடீர் இடரின் போது நிதி  உதவி வழங்கல்
Note,குறிப்பு
Assistance,உதவி
Total,முழுத் தொகை
Expenditure heading 6: Leadership Training workshops,செலவு தலைப்பு 6: தலைமைத்துவப் பயிற்சி செயலமர்வு
Expenditure heading 7: National and regional functions,செலவு தலைப்பு 7: தேசிய மற்றும் பிரதேச விழா நடவடிக்கைகள்
Participation in the discussion held in Anuradhapura regarding the Deyata Kirula exhibition (2012 Deyata Kirula),தேசத்துக்கு மகுடம் நிகழ்ச்சித்திட்டம் சம்மந்தமாக அநுராதபுரத்தில் நடைபெற்ற கலந்துரையாடலுக்கு சமூகமளித்தல். (2012 தேசத்துக்கு மகுடம் நிகழ்ச்சித்திட்டம்.)
Other notes,பிற குறிப்புக்கள்
Organized community members for National Ranaviru day 2011,2011 தேசிய இராணுவ வீரர் தினத்திற்கு சகல உறுப்பினர்களைப் பங்குபெற செய்யும் நடவடிக்கைகள்
Presidents and Secretaries of all community were informed by letters about the National Ranaviru day,நாடெங்கும் உள்ள சகல சங்சத தலைவர்களுக்கும் செயலாளர்களுக்கும் கடிதம் அனுப்பி தேசிய இராணுவ வீரர் தின விழா பற்றி தெளிவு படுத்தல்
Obtaining lists of names of members participating in the function from all community,சகல சங்சத கூட்டங்களில் கலந்து கொள்ளும் உறுப்பினர்களின் பெயர்ப் பட்டியல் வர வழைத்தல்
Issued permits to all those members,அந்த உறுப்பினர்களுக்கு அனுமதிப்பத்திரம் வழங்கல்
Arrangements were to ensure the members’ participation in the National Ranaviru day ceremony.,தேசிய இராணுவ தின வீரர் விழா தினத்தில் சங்க உறுப்பினர்களைப் பங்கு பெறச்செய்ய உரிய நடவடிக்கை எடுத்தல்
Letters were sent to community secretaries requesting details of Ranaviru community accounts.,றணவிரு சங்சத கணக்கு விபரங்கள் வழங்குமாறு கோரி சகல சங்சத செயலாளர்களுக்கும் கடிதம் அனுப்புதல்
Letters were sent to community presidents informing of the National Tree Planting day on 15.11.2011,2011.11.15ம் திகதி நடைபெற்ற தேசிய மரம் வளர்ப்பு நிகழ்ச்சித் திட்டம் சம்மந்தமாக தெளிவு படுத்தி நாடெங்கும் றணவிரு சங்சத தலைவர்களுக்கு கடிதம் அனுப்பல்
"Letters requesting the participation of community members to the function to be held at Dodamgoda entrance prior to  the  opening ceremony of Southern Express way were sent  to community  of Agalwatta. Palindanuwara. Dodamgoda. Bulathsinhala.Matugama. Walalawita, and Kalutara.","தெற்கு அதிவேக மார்க்கத்தை திறப்பதற்கு முன்னோடியாக தொடம்கொட பிரவேசிக்கும் இடத்திலே நடைபெற்ற றணவிரு சங்க விழாவிற்கு வருகை தருமாறு அறிவித்து அகலவத்தை, பாலிந்த நுவர, தொடம்கொட, புளத்சிங்கள, மத்துகம, வளள்ளாவிட்ட, களுத்துறை, ஆகிய சங்சத உறுப்பினர்களுக்கும் கடிதம் அனுப்பல்"
Arrangements were made to pay the transport and corporate allowance to Provincial Officers.,மாகாண உத்தியோகத்தர்களுக்கு மாதாந்த பிரயாண மற்றும் இணைந்த படிகள் கொடுப்பனவு செய்ய நடவடிக்கை எடுத்தல்
Arrangements were made to pay monthly allowance to trainees of the National Apprenticeship board   while being attached to Provincial Offices.,மாகாண காரியாலயங்களில் சேர்ந்து சேவையிலுள்ள தேசிய பயிலுனர் சபையின் பயிற்சி மாணவர்களுக்கு மாதாந்தக் கொடுப்பனவு வழங்குவதற்காக உரிய நடவடிக்கை எடுத்தல்
Coordinated the community meetings that were held at the Divisional secretariats by the Provincial Officers.,மாகாண உத்தியோகத்தரால் பிரதேச செயலாளர் காரியாலயங்களில் நடைபெறும் சங்க கூட்டங்களுக்காக அவசியமான இணைப்பு நடவடிக்கை எடுத்தல்
Remarks,விஷேட விடயங்கள்
"Money allocated for Social and Cultural Division under 6 budget in 2011 was not used for any work,This division undertook several activities for the achievement of the targets set by the Ranaviru Sewa Authority for them.",2011 வருடத்திற்காக சமூக மற்றும் கலாச்சார பிரிவிற்காக ஒதுக்கப்பட்ட செலவு தலைப்பு 6ல் பணம் எவ்வித செயற்பாட்டிற்கும் செலவு செய்யாதுவிடினும் அந்த நிகழ்ச்சித் திட்டங்களில் றணவிரு சேவை அதிகாரசபையினால் எதிர்பார்க்கும் இலக்கினை எட்டுவதற்கு செயற்பாடுகள் பலவற்றை சமூக மற்றும் கலாச்சார பிரிவுகளினூடாக எடுத்ததாக சொல்லமுடியும்.
All programmes of the Ranaviru Sewa Authority are operative at the provincial level and that process is based on the relationship between the Provincial Officers and the Ranaviru community.,றணவிரு சேவை அதிகாரசபையின் சகல செயற்திட்டங்களும் மாகாண மட்டத்தில் நடைமுறைப் படுத்தப்படுவதோடு அந்த செயற்பாடுகள் கட்டி எழுப்பும் போது மாகாண பொறுப்பு மாவட்ட உத்தியோகத்தர் மற்றும் றணவிரு சன்சத இடையில் இருக்கும் அன்னியோன்ய சம்மதத்தினூடாக ஆகும்
"Hence we made aware of Provincial Officers about all programmes, break down of allocation of provisions, provincial wise, and organization of these programmes in 2011.",அதன்படி 2011 வருடத்தில் எமது பிரிவில் சகல வேலைத்திட்டங்கள் சம்மந்தமாகவும் உரிய செலவு தலைப்புக்கள் அந்தந்த மாகாண மட்டத்தில் பகிர்ந்துள்ளதோடு அந்த நிகழ்ச்சித்திட்டத்தினை ஏற்பாடு செய்வது சம்பந்தமாக மாகாணத்துக்குள் பொறுப்பான மாவட்ட உத்தியோகத்தர்களுக்கு அறிவுரை வழங்கப்பட்டது.
"We made arrangements to gather information from Ranaviru community  regarding the two prime programmes namely Ranaviru community  Federation and the annual awareness programme under this action, information in respect of community  office bears and community  accounts was collected.",இந்த நிகழ்ச்சித்திட்டத்துள் றணவிரு சன்சத சம்மேளனம் மற்றும் வருடாந்த அறிவூட்டல் நிகழ்ச்சித்திட்டம் மிக முக்கியத்துவம் வாய்ந்த நிகழ்ச்சித் திட்டமாகையால் றணவிரு சன்சத மட்டத்தில் அதற்கு அவசியமான விபரம் வழங்க எம்மால் நடவடிக்கை எடுக்கப்பட்டது.
The Mapiya Surekuma programme for the benefit of Ranaviru parents is operative under the Economic Development Division Initial work such as providing necessary information and selection of beneficiaries is the responsibility of the Ranaviru community  and Provincial Officers This also covers compilation of information needs for the voted programme.,"றணவிரு பெற்றோருக்காக பொருளாதார அபிவிருத்தியின் கீழ் பெற்றோர் பாதுகாப்பு நிகழ்ச்சித் திட்டம் நடைமுறைப்படுத்தப்படுவதோடு அதற்குத் தேவையான விபரம் வழங்கல், பெற்றோரை நலன்களுக்காக தேர்ந்தெடுத்தல் ஆகிய அடிப்படை செயற்பாடுகளை றணவிரு சன்சத மற்றும் மாகாணத்துக்குப் பொறுப்பாகவுள்ள மாவட்ட உத்தியோகத்தர் ஊடாக நடைபெறுவதோடு இங்கு செலவு தலைப்பு நிகழ்ச்சித் திட்டத்திற்காக தேவையான விபரம் தயாரிக்கப்பட்டுள்ளது."
Programmes are also operative from the Children’s scholarship and mental empowerment programmes.,பிள்ளைகள் சம்மந்தமாக புலமைப்பரிசில் செயற்றிட்டமும் உளவியல் வளர்ச்சி பிரிவினால் நிகழ்ச்சித்திட்டமும் நடைமுறைப் படுத்தப்படுகிறது.
"Our division, under the allocated vote, was unable to organize any programme other than gathering information","எமது பிரிவில் இதற்காக ஒதுக்கப்பட்ட செலவு தலைப்பு உரிய நிகழ்ச்சித்திட்டம் விஷேடமாக விபரம் சேகரிப்பதைத்தவிர, ஏற்பாடுகளை மேற்கொள்ள இதனால் எமக்கு முடியாதுள்ளது என்பதையும் தெரிவிக்க வேண்டும்."
II.Ranaviru Village programme,II.	றணவிரு கிராமியத் திட்டம்
Expenditure heading 1:  Ranaviru Village  Home gardening programmes (RVSA/08/01),செலவு தலைப்பு 1: றணவிரு கிராமிய வீட்டுத் தோட்ட நிகழ்ச்சித்திட்டங்கள் (RVSA/08/01)
1.Paid  for purchasing tools and seeds for the home gardening programme of Nawagampura Ranaviru village.,1. நவகம்புர றணவிரு கிராமத்தில் வீட்டுத் தோட்ட நிகழ்ச்சித்திட்டம் நடத்திச் செல்வதற்காக உபகரணம் மற்றும் விதைகள் பெற பணம் செலுத்துதல்.
2.Supplying plants and seeds for home gardening  programme of the Walbotale Ranaviru village,2. வல்போத்தலே றணவிரு கிராமிய வீட்டுத் தோட்ட நிகழ்ச்சித்திட்டம் ஆரம்பிப்பதற்காக விதை மற்றும் நாற்று வழங்க பணம் கொடுப்பனவு
3.Supplying cash prizes to winners from 1st and 6th place of home gardening contest of Ampara Nawagampura Ranaviru village.,"3. அம்பாரை, நவகம்புர றணவிரு கிராமிய வீட்டுத்தோட்ட போட்டியில் 1,2,3,4,5,6ம் இடங்களுக்காக பரிசு வழங்கல்."
4.Payment of 3rd installment for the construction of textile building of the Ibbagamuwa Ranaviru village,4. இப்பாகமுவ றணவிரு கிராமிய புடவைக் கைதொழில் கட்டிடம் கட்டுவதற்கு குறித்த 3ம் தவணைப் பணம் வழங்குதல்.
5.Supplying cash prizes for winners of home gardening contest of Mapalagama Ranaviru village.,5.மாபலகம றணவிரு கிராமிய வீட்டுத் தோட்ட போட்டியில் வெற்றி பெற்றோருக்காக பரிசுப் பணம் வழங்கல்.
6.Supplying cash prizes for winners from 1st to 6th place of the home gardening contest of the Walbotale Ranaviru village.,"6.வல்போத்தலே றணவிரு கிராமிய வீட்டுத்தோட்ட போட்டியில் 3,4,5,6ம் இடங்களுக்காக பணப் பரிசு வழங்கல்."
Expenditure heading 2:  Friendship promotion programmes among Ranavitu Villages (RVSA/08/04),செலவு தலைப்பு 2: றணவிரு கிராமிய சுமூக அபிவிருத்தி நிகழ்ச்சித்திட்டங்கள் (RVSA/08/04)
1. Supplying prizes for the Bakmaha Ulela conducted by the Watupitiwala Ranaviru village,1. வெசாக் பண்டிகைக்காக பரிசு வழங்கல் - வத்துபிட்டிவல றணவிரு கிராமம்.
2. Supplying prizes for the Bakmaha Ulela conducted by the Digana Rajawella Ranaviru village,2. வெசாக் பண்டிகைக்காக பரிசு வழங்கல் - திகன ரஜவெல்ல றணவிரு கிராமம்.
3. Supplying prizes for the Aurudu festival conducted by the Nugedolawattha Ranaviru village,3. வருடாந்த விழாவுக்காக பரிசு வழங்கல் - நுகேதொலவத்தை றணவிரு கிராமம்.
4. Supplying prizes for the Bakmaha Ulela conducted by the  Virusahana Ranaviru village,4. வருடாந்த விழாவுக்காக பரிசு வழங்கல் - விறுசஹன றணவிரு கிராமம்.
5. Supplying prizes for the Bakmaha Ulela conducted by  the Galnewa Ranaviru village,5. வெசாக் விழாவுக்காக பரிசு வழங்கல் - கல்னேவ றணவிரு கிராமம்
6. Supplying bags for the  Salawa Ranaviru village,6. பாடசாலை பைகள் வழங்குதல் - சாலாவ றணவிரு கிராமம்.
7. Supplying Loudspeakers to the Salawa Ranaviru village,7. ஒலி பெருக்கி இயந்திரம் வழங்குதல் - சாலாவ றணவிரு கிராமம்.
8. Supplying prizes for the Bakmaha Ulela conducted by the Pelendagoda Ranaviru village,8. வெசாக் பண்டிகைக்காக பரிசு வழங்கல் - பெலேந்தகொட றணவிரு கிராமம்.
9. Supplying prizes for the Bakmaha Ulela conducted by the Mapalagama Ranaviru village,9. வெசாக் பண்டிகைக்காக பரிசு வழங்கல் - மாபலகம றணவிரு கிராமம்.
10. Participating at a function for handing over of deeds to the Ranaviru families of the Salawa Ranaviru village,10. அவிசாவெல்ல சாலாவ றணவிரு கிராமத்தில் றணவிரு குடும்பத்துக்காக உறுதி வழங்கும் விழாவில் பங்கு பெறல்.
11. Paying cash for pirith chanting pinkama at the Pelendagoda Ranaviru village on 25 and 26.06.2011,11. 2011.06.25-26 தினங்களில்  நடைபெற்ற பிரித் புண்ணிய நிகழ்ச்சிக்காக பணம் வழங்கல் பெலந்தகொட றணவிரு கிராமம்.
12. Paying cash for a pirith chanting pinkama at the Lunama Ranaviru village on 03.08.2011,12. 2011.08.05ம் திகதி நடைபெற்ற பிரித் புண்ணிய நிகழ்ச்சிக்காக பணம் வழங்கல். - லுணம றணவிரு கிராமம்.
13. Attending foundation laying for housing ceremony at Galgamuwa Ranaviru village on 27.10.2011,13. 2011.10.27ம் திகதி கல்கமுவ றணவிரு கிராமத்தில் வீட்டு நிகழ்ச்சித்திட்டத்திற்கு அடிக்கல் விழாவிற்கு பங்குபற்றுதல்
14. Attending a concert of pre-school children of Watupitiwala Ranaviru village and inspection tour to Walbotale Ranaviru village,14. வத்துபிட்டிவள றணவிரு கிராமிய முன்பள்ளி சிறுவர்களின் பல நிகழ்ச்சிகளுக்காக கலந்து கொள்ளல் மற்றும் போத்தலே றணவிரு கிராமிய அவதானிப்பு நடவடிக்கைக்கு செல்லுதல்
Expenditure heading 3: Infrastructure for Ranaviru villages (RVSA/08/05),செலவுத் தலைப்பு 3: றணவிரு கிராமத்துக்காக அடிப்படை வசதிகள் வழங்கல்
1. Payment of balance installments for the construction of community hall building at Nugedolawatta Ranaviru village.,1. நுகேதொலவத்த றணவிரு கிராமிய சனசமூக நிலையக் கட்டிடம் கட்டுவதற்காக மாதாந்தப்பணம்வழங்குதல்.
2. Granting funds for the construction of community hall building at Welawaya Ranaviru village.,2. வெள்ளவாய் றணவிரு கிராமிய சனசமூக கட்டிடம் கட்டுவதற்காக முதல் வழங்குதல்.
3. Payment of final installment for the construction of community hall building at Perahettiya Ranaviru village,3. பெறஹெட்டிய றணவிரு கிராமத்தில் சனசமூக நிலைய கட்டிடம் கட்டுவதற்காக கடைசி மாதாந்தப்பணம் வழங்கல்
4. Attending the inauguration of construction of community hall building at Hunumulla navy Ranaviru village,4. ஹஷுனுமுல்ல கடற்படை இராணுவ வீரர் கிராமத்தில் சனசமூக நிலையக் கட்டிடம் கட்ட ஆரம்பிக்கும் விழாவுக்காக சமூகமளித்தல்.
5. Surveying construction of community hall building at Nugadola wattha Ranaviru village(twice),5. நுகேதொலவத்த றணவிருகிராம சனசமுக நிலையம் கட்டிடம் கட்ட குறித்த ஆய்வு செயற்பாடுகளை செய்தல். ( இரு சந்தர்ப்பங்களில்)
6. Payment of first installment for the construction of community hall building at Galnewa Ranaviru village,6. கல்னேவ றணவிரு கிராம சனசமுக நிலைய கட்டிடம் கட்டுவதற்காக முதலாவது மாதாந்தப்பணம் வழங்கல்.
"7. Inspection tour on community hall building built at Nugedolawattha Ranaviru village and ranaviru villages at Watupitiwala, Keeragala and Udupila","7. நுகேதொலவத்த றணவிரு கிராமத்தில் கட்டப்பட்ட சனசமுக நிலைய கட்டிடம் மற்றும் வத்துபிட்டிவல, கேகாலை, உருபில, றணவிரு கிராமங்களில் அவதானிப்பு நடவடிக்கை."
8. Paying cash for prizes to children took part in a concert and an art exhibition of pre-school at Perahettiya Ranaviru village,"8. பெறஹெட்டிய இராணுவ வீரர் கிராமம் முன்பள்ளி பிள்ளைகளின் பல கலை நிகழ்ச்சிகளுக்கும், சித்திர கண்காட்சிகளுக்கும் பிள்ளைகளுக்கு பரிசு வழங்குவதற்காக பணம் கொடுப்பனவு."
9. Being paid money for renovationof play compound at Galnewa Ranaviru village,9. கல்னேவ றணவிரு கிராமத்தில் விளையாட்டுத்திடல் புதுப்பிக்க பணம் கொடுப்பனவு.
10. Purchasing dancing items for distribution among Ranaviru villages,10. றணவிரு கிராமத்திற்காக வழங்குவதற்கு ஆடலுக்கான பொருட்கள் வாங்குதல்.
11. Purchasing musical instruments for distribution among Ranaviru villages,11. றணவிரு கிராமத்திற்காக சங்கீதப்  பொருட்கள் விலைக்கு வாங்குதல்.
12. Purchasing sports items for distribution among Ranaviru villages,12. றணவிரு கிராமத்திற்காக விளையாட்டுப்   பொருட்கள் விலைக்கு வாங்குதல்.
1. Taking necessary action regarding the letters received from Ranaviru  Villages.,1.	றணவிரு கிராமங்களில் கிடைத்த கடிதங்களுக்கு உரிய தேவையான நடவடிக்கை எடுத்தல்.
2. Taking necessary action regarding the Deyata Kirula National Exhibition.,2. தேசத்துக்கு மகுடம் தேசிய கண்காட்சிக்கு உரிய நடவடிக்கை எடுத்தல்.
3. Intervening in solving requests and problems forwarded by the Ranaviru village members  and coordinating with outside institutions where necessary.,"3. றணவிரு கிராமிய உறுப்பினர்களால் சமர்ப்பிக்கும் கோரிக்கை பிரச்சினை தீர்ப்பதற்காக முன்னிற்பதும், தேவைக்கேற்ப பிரத்தியோக நிறுவன இணைப்பை ஏற்படுத்தல்."
4. Letters referred to the Kekirawa Pradeshiya Sabha for necessary action in connection with on going construction work of pre- school building at Kekirawa Ranaviru Village.,4. கெக்கிராவ றணவிரு கிராமத்தில் கட்டப்படும் முன்பள்ளிகட்டிடத்தில் மிகுதி வேலைகள் சம்மந்தமாக அவசியமான நடவடிக்கைக்காக பிரதேச சபைக்கு கடிதம் அனுப்புதல்.
5. Collection of new information of Ranaviru Villages and computerization of it.,5. விண்ணப்பப்படிவம் அனுப்புவதன் ஊடாக றணவிருகிராமங்களில் புதிய தகவல்கள் வழங்குதலும் அவற்றை கணனிப்படுத்தலும்
6. Informed the Ranaviru Villages to plan programmes to mark National Tree Planting Day.,6. தேசிய மர நடுகைத் தினத்திற்கான நிகழ்ச்சித்திட்டம் ஆரம்பிப்பதற்காக றணவிரு கிராமிய மக்கள் தெளிவுபடுத்தும் கடிதம் அனுப்புதல்.
7. Sought a decision from the evaluation committee to make payments for the establishment of public halts.,7. மக்களை இணைப்பதற்காக பணம் கொடுப்பனவு சம்மந்தமாக தீர்மானிப்பதற்கு விலைமனு மதிப்பீட்டு குழுவிடம் அனுப்புதல்.
8.Arrangements were made to purchase library books for use of members of  Ranaviru Villages.,8. றணவிரு கிராமங்களில் உறுப்பினர்களின் உபயோகத்துக்காக நூலக புத்தகங்கள் பெறுவதற்கு நடவடிக்கை எடுத்தல்.
Making available funds for construction of community halls in Ranaviru Villages. (2011),றணவிரு கிராமங்களில் சமுக சேவை நிலையங்கள் நிர்மாணிப்பதற்காக ஒதுக்கீடு வழங்குதல். (2011)
Parahettiyagama Ranaviru Village,பறஹெட்டிய றணவிரு கிராமம்
Estimated cost,மதிப்பிடப்பட்ட பணம்
Share of Ranaviru Sewa Authority,றணவிரு சேவை அதிகாரசபையினால் வழங்குவதற்கு குறித்த பணம்
Ranaviru Village society has completed all work of community hall.,றணவிரு கிராமிய சங்கம் ஊடாக சமூக சேவை நிலையத்தின் சகல வேலைகளும் முடிவடைந்துள்ளது.
The Ranaviru Sewa  Authority has ended funding,அதன்படி றணவிரு சேவை அதிகார சபையின் பணம் வழங்கல் முடிவுற்றது.
Nugedolawattha Ranaviru Village,நுகெதொலவத்த றணவிரு கிராமம்
Share of Ranaviru Sewa Authority,றணவிரு சேவை அதிகாரசபையினால் வழங்கிய குறித்த பணம்
The Ranaviru Sewa  Authority has ended funding.,அதன்படி றணவிரு சேவை அதிகார சபையின் பணம் வழங்கல் முடிவுற்றது.
Wellawaya Ranaviru Village,வெள்ளவாய் றணவிரு கிராமம்
Share of Ranaviru Sewa Authority,றணவிரு சேவை அதிகாரசபையினால் வழங்கிய குறித்த பணம் -
Kekirawa Ranaviru Village,கெக்கிராவ றணவிரு கிராமம்
Share of Ranaviru Sewa Authority,றணவிரு சேவை அதிகாரசபையினால் வழங்க குறித்த பணம்
Amount paid,செலுத்தப்பட்ட பணம்
The balance,செலுத்த வேண்டிய பணம்
The balance will be paid once the work is completed.,வேலை முடிந்த பின் மிகுதிப்பணம் செலுத்துவதற்கு நடவடிக்கை எடுக்க வேண்டியுள்ளது.
Ibbagamuwa Ranaviru Village,இப்பாகமுவ றணவிரு கிராமம்
Money has been paid in three installments for community hall and the final installment will be paid once the work is completed,இந்த றணவிரு கிராமத்திலே சனசமூக நிலையத்திற்காக மூன்று தவணைக் கட்டணம் வழங்கப்பட்டுள்ளதோடு வேலை முடிந்த பின் மிகுதியாகவுள்ள தவணைப் பணத்தின் பணத்தை கொடுப்பதற்கு நடவடிக்கை எடுக்க தீர்மானிக்கப்பட்டுள்ளது.
Galnewa Ranaviru Village,கல்னேவ றணவிரு கிராமம்
The balance will be paid once the work is completed.,வேலை முடிந்த பின் மிகுதிப் பணம் செலுத்துவதற்கு தீர்மானிக்கப்பட்டுள்ளது
In addition the following activities were also under took in Ranaviru Villages,இதற்கு மேலதிகமாக கீழ்க்காணும் நடவடிக்கைகள் எடுக்கப்பட்டது.
1. Purchasing prizes for pre-schools.,1. முன் பள்ளிக்காக பரிசு வழங்குதல்
Salawa Ranaviru Village,சாலாவ றணவிரு கிராமம்
2. Supplying loudspeakers.,2. ஒலி பெருக்கி இயந்திரம் பெறல்
3. Financial contributions for new year events.,3. வருடாந்த விழாவுக்காக பணப் பங்களிப்பு வழங்குதல்
Watupitiwala Ranaviru Village,வத்துபிட்டிவல றணவிரு கிராமம்
Digana Rajawella Ranaviru Village,திகன ரஜவெல்ல றணவிரு கிராமம்
Nugedolawattha Ranaviru Village,நுகேதொலவத்த றணவிரு கிராமம்
Virusahana Ranaviru Village,விறுசஹன றணவிரு கிராமம்
Pelandagoda Ranaviru Village,பெலந்தகொட றணவிரு கிராமம்
Mapalagama Ranaviru Village,மாபலகம றணவிரு கிராமம்
4. Providing money for pirith pinkam.,4. பிரித் புண்ணிய கருமத்திற்காக பணம் வழங்குதல்.
Pelendagoda Ranaviru Village,பெலந்தகொட றணவிரு கிராமம்
Lunama Ranaviru Village,லுனம றணவிரு கிராமம்
5. Being paid money for renovation of play compound.,5. செல்லம் மிதுல புதுப்பிப்பதற்காக பணம் வழங்குதல்
6. Provision of tools and seeds for home gardening.,6. வீட்டுத் தோட்டத்திற்காக உபகரணம் மற்றும் விதை நாற்று வழங்கல்
Nawagampura Ranaviru Village,நவகம்புர றணவிரு கிராமம் வழங்குதல்
Mapalagama Ranaviru Village,மாபலகம றணவிரு கிராமம் வழங்குதல்
Walbotale Ranaviru Village,வல்போத்தலே றணவிரு கிராமம் வழங்குதல்
7. Funding for construction of community halls.,7. றணவிரு கிராமங்களில் சனசமூக நிலையங்கள் அமைப்பதற்காக ஒதுக்கீடு
Wellawaya Ranaviru Village,வெல்லவாய றணவிரு கிராமம்
III. Culture,III. கலாச்சாரம்
Literature Art Festival 2011- Ranaviru Suwanda Programme,2011 இலக்கிய கலை போட்டிகள் - இராணுவ மணம் நிகழ்ச்சித்திட்டம்
Cost,செலவு
01. Compilation of Ranaviru Suwanda Literature Art Festival items and preparation of application and approval for the way it is conduced.,01. றணவிரு மணம் இலக்கிய கலை போட்டியின் பிரிவு விண்ணப்பப்பத்திரம் தயாரித்தலும் அது நிகழும் மாதிரியை போல மேற்குறிப்பிட்ட சகலதும் அனுமதித்தல்.
02. Peperation of paper advertisement calling for applications and publishing it in newspapers (conducted by calling quotations).,02.விண்ணப்பம் கோருவதற்காக பத்திரிகைகள் அறிவித்தல் தயாரித்தலும் பத்திரிகை அறிவித்தல் பிரசுரித்தல். (மனு கோரல் நடைபெற்றது)
For the preparation of paper advertisement,அறிவித்தல் தயாரிப்பதற்காக விலை ரூபாய்
Sunday Lankadeepa,ஞாயிறு லங்காதீப்ப
Sunday Silumina,சிலுமின
"03. Printed applications were sent to the community, villages, Sewa Vanitha units and welfare services of security forces and Defence Academy for obtaining entries.","03. சன்சத, கிராமிய, பெண்கள் சேவா அலகுகளில் மற்றும் பாதுகாப்புச் சேவைகளில் நலன்புரி நிறுவனங்களில் பாதுகாப்பு வித்தியாலயங்களிள் படைப்புக்களை பெறுவதற்காக விண்ணப்பத்திரங்கள் பிரசுரிக்கப்பட்டு பங்கிடப்பட்டது."
04. Categorizing applications and computerization of them.,04. கிடைக்கும் விண்ணப்பங்கள் போட்டிப் பகுதிகளுக்கு பங்கிட்டு கணனிப்படுத்தல்.
05. Arranging selection competitions.,05. தெரிவு போட்டி நடாத்த நடவடிக்கை மேற்கொள்ளல்
06. Foods obtained from the Army.,06. உணவு பெறுதல் இராணுவத்தினரால் நடைபெற்றது.
For Food,உணவுக்காக
07. Selecting judging panels and making them aware.,07. தெரிவு போட்டி நடாத்தும் நியாய சபை தெரிந்து அவர்களை அறிவூட்டலும் மற்றும் கொடுப்பனவு செய்தலும்.
Payments for judges for competitions other than written competitions and auxiliary artistes,"எழுத்துப் போட்டி தவிர ஏனைய போட்டிகள் மத்தியஸ்தர்களுக்ககும் மற்றும் உதவி கலைஞர்களுக்கும் கொடுப்பனவு செய்தல் ரூபாய் 85,000.00"
Fees for written competitions,எழுத்து மூல போட்டிக்காக கட்டணம்
08. Making children aware of competitions.,08. போட்டி நடைபெறும் திகதி சம்மந்தமாக பிள்ளைகளுக்கு அறிவூட்டல்.
09. Conducting competitions.,09. போட்டி நடாத்துதல்.
Charges for halls Rs.10400.00,"மண்டப கட்டணம் ரூபாய் 10,400.00"
Sound system,ஒலி பெருக்கிக்காக ரூபாய் 5000.00
10. Preperation of results sheets,10.போட்டி நடாத்தி முடிவு பதிவு தயாரித்தல்.
11. Drawing cheques for presenting cash prizes,11.வெற்றியாளர்களுக்காக பணப்பரிசினைப் பெற்றுக் கொடுக்க காசோலை எழுதுதல்.
Prize cash,பரிசுத்தொகை
Total cost,முழுச்செலவு
Conclusion,முடிவுரை
The motive of the Ranaviru Sewa Authority is making the tomorrow of these respectable children a better and secured one.,"நாட்டின் பெருமைக்குரிய இப்பிள்ளைகளுக்கு நாளைய தினம் மிகச் சிறந்ததாகவும், பாதுகாப்பான ஒன்றாகவும் ஆக்குவது றணவிரு சேவை அதிகார சபையின் அபிப்பிராயமாகும்."
We consider that the steps taken by the Ranaviru Sewa Authority to make its action plan more result-oriented for accomplishing its aim of meeting needs of war heroes is an achievement in 2011.,அந்த எண்ணத்தை நிறைவேற்றுவதற்காக றணவிரு சேவை அதிகாரசபையினால் செயல்படக்கூடிய வேலைத்திட்டம் கட்டம் கட்டமாக சகல சிறந்த உச்சப் பயன்பெறும் நிலைக்கு உயர்த்துவதற்காக தேவையான நடவடிக்கைகளை 2011ம் வருடத்துக்குள் எடுக்க முடிந்தமை எமக்குக் கிடைத்த வெற்றியாகவே கருதுகின்றோம்.
One remarkable feature that was highlighted in 2011 was the implementation of hither to scattered project fields bringing under five principal categories in conformity to the vision of paying gratitude of the nation to the ranaviru name.,"றணவிரு சேவை அதிகாரசபையின் றணவிரு பெயருக்கு தேசிய நன்றிக் கடன் காட்டுவது ஆதலால் அதற்காக விஷேட கவனம் ஈர்க்கப்படுவதோடு, இது வரையில் பரவிக்கிடந்த செயற்றிட்ட துறையினை ஒன்றாக்கி பிரதான 5 பிரிவுகளின் கீழ் அவற்றை செயற்பாட்டிற்கு உயர்த்துதல் 2011ம் வருடத்துள் தெட்டத்தெளிவாக தெரியும் ஒன்றாகும்."
We believe that as a result of this action we were able to fulfill the necessities of war heroes more effectively.,றணவிரு மக்களது பிரதான தேவைப்பாடு அதனால் மிகவும் சாதகமாக நிறைவேற்றுவதற்கு முடிந்ததென்பது எமது நம்பிக்கையாகும்.
The staff of the authority while working with minimum facilities have set an example by extending their services with dedication to achieve goals.,இங்கு விஷேடமாக குறிப்பிட வேண்டிய விடயமாவது அதிகார சபையின் பணிக்குழு குறைந்த தகைமையின் கீழ் மேற்கூறிய நோக்கம் வெற்றி பெற அர்ப்பணிப்புடன் முன்மாதிரி பெற்று இருப்பதாகும்.
Since we have taken several steps to improve the status of Office building and staff we expect that we would be able to provide more efficient and useful service for the Ranaviru community.,காரியாலயக் கட்டிடங்களும் பணிக்குழு சம்மந்தமான நிலைமை எதிர்வரும் நடவடிக்கைகள் எடுக்கப்பட்டுள்ளதால் எதிர்வரும் வருடங்களுள் சாதகமான பயனும் வினைத்திறமையுடனான சேவையும் றணவிரு மக்களுக்காக பெற்றுக்கொடுக்க முடியுமென எதிர்ப்பார்க்கின்றோம்.
The Ranaviru Sewa Authority also focuses on improving skills and education of Ranaviru children.,எமது றணவிரு வீரர் நாட்டுக்கு சொத்தாகியுள்ள அவர்களின் பிள்ளைகளின் கல்வித் திறனை வளர்ப்பது சம்மந்தமாக றணவிரு சேவை அதிகார சபையினால் விஷேட கவனம் செலுத்தப்படும்.
"Accordingly actions were initiated to advance the Ranaviru children’s language knowledge particularly English knowledge, cultural programmes were conducted in Ranviru villages with a view to improve aesthetic skills, and streamlined computer courses for them.","இதன்படி றணவிரு வீரர்களின் பிள்ளைகளின் மொழி அறிவு விஷேடமாக ஆங்கில மொழி அறிவினை நன்கு வளர்ப்பதற்கும், அதே போன்று அவர்களின்அழகியற்கலைத் திறனை வளர்ப்பதற்காகவும், கலாச்சார நிகழ்ச்சித்திட்டம் றணவிரு கிராமங்களில் நடைமுறைப்படுத்தவும், அவர்களுக்குத் தேவையான கணனி அறிவு வழங்குவதற்காக கணனி கற்கை நெறி சரியான முறையில் நடாத்திக் கொண்டு போகவும் இந்த வருடத்துள் அவகாசம் கிடைத்ததென விஷேடமாகக் குறிப்பிட வேண்டும்"
"We are pleased to state that we will continue our task of creating a better living condition that care for the dignity of Ranaviru community of the nation who have completed a very difficult but a responsible task with dedication that protected the supreme liberty, sovereignty, independence, territorial integrity of Sri Lanka and have ensured the protection and security of all communities while setting an example to other countries.","இலங்கையில் அதி உன்னத சுதந்திரம், இறைமை, சுயாட்சி பிரதேசங்களின் ஆளுகை என்பவற்றை பாதுகாத்து உலகில் ஏனைய நாடுகளுக்கே முன் மாதிரியானதாக சகல பிரிவு மக்களுக்கும் பாதுகாப்பும், மற்றும் பாதுகாப்பு வழங்கியும் மிகவும் கஷ்டமான ஆனால் பொறுப்பு வாய்ந்த தேசிய கடமை ஒன்றினை நிறைவேற்றிய நாட்டின் போர் வீரர் சமூகத்துக்கு அவர்களின் கௌரவத்தை பாதுகாக்கும் வகையில் சிறந்த ஜீவன நிலைமையை நிர்மாணித்துத் தருவதற்காக றணவிரு சேவை அதிகார சபை அதன் செயற்பாடுகளை அர்ப்பணிப்புடன் முன்னோக்கி நிறைவேற்றுமென மகிழ்ச்சியுடன் குறிப்பிடுகின்றோம்."
P.S. No. 2014/286 - Third Instalment - Part I - Funds - Report of the Auditor General 2012,பா.தொ.இல:2014/286  3 ஆவது தவணை பகுதி I – நிதியங்கள் - கணக்காய்வாளர் நாயகம் அறிக்கை – 2012
Agrarian Development Fund - 2012,கமநல அபிவிருத்தி நிதியம் - 2012
1. Financial Statements,1. நிதிக்கூற்றுக்கள்
1.1. Qualified Opinion,1.1 முனைப்பழியுள்ள அபிப்பிராயம்
"In my opinion, except for the effects of the matters described in paragraph 1.2 of this report, the financial statements give a true and fair view of the financial position of the Agrarian Development Fund as at 31 December 2012 and its financial performance and cash flows for the year then ended in accordance with Generally Accepted Accounting Principles.",இந்த அறிக்கையின் 1.2 ஆம் பந்தியில் விபரிக்கப்பட்ட விடயங்களின் தாக்கத்தினைத் தவிர்த்து கமநல அபிவிருத்தி நிதியத்தின் 2012 திசெம்பர் 31 இல் உள்ளவாறான நிதி நிலைமையினையும் அத்திகதியில் முடிவடைந்த ஆண்டிற்கான அதனது நிதிசார் செயலாற்றலினையும் காசுப்பாய்ச்சலினையும் பொதுவாக ஏற்றுக்கொள்ளப்பட்ட கணக்கீட்டுத் தத்துவங்களுக்கு இணங்க நிதிக்கூற்றுக்கள் உண்மையாகவும் நியாயமாகவும் தருகின்றன என்பது எனது அபிப்பிராயமாகும்.
1.2. Comments of Financial Statements,1.2 நிதிக்கூற்றுக்கள் மீதான கருத்துரைகள்
1.2.1. Accounting Deficiencies,1.2.1 கணக்கீட்டுக் குறைபாடுகள்
1.2.2. Unexplained Differences,1.2.2 விளக்கமளிக்கப்படாத வேறுபாடுகள்
The following observations are made.,பின்வரும் அவதானிப்புக்கள் மேற்கொள்ளப்படுகின்றன.
That had not been rectified even by the end of the year under review.,இது மீளாய்வாண்டின் இறுதி வரையிலும் சீராக்கப்பட்டிருக்கவில்லை.
1.2.3. Accounts Receivable and Payable,1.2.3 பெறவேண்டிய மற்றும் செலுத்த வேண்டிய கணக்குகள்
"1.2.4. Non-compliance with Laws, Rules, Regulations, and Management Decisions","1.2.4 சட்டங்கள், விதிகள், பிரமாணங்கள் மற்றும் முகாமைத்துவ தீர்மானங்களுடன் இணங்காமை"
Non-compliances observed are given below.,அவதானிக்கப்பட்ட இணங்காமைகள் பின்வருமாறாகும்.
"Reference to Laws, Rules and Regulations","சட்டங்கள், விதிகள், பிரமாணங்கள் முதலியவற்றுடனான தொடர்பு"
Non-compliance,இணங்காமைகள்
(a) Public Finance Circular No. PF/423 of 22 December 2006 Paragraph 4 (3) (c),(அ) 2006 திசெம்பர் 22 ஆம் திகதி பீஎப்/423 ஆம் இலக்க அரச நிதிச் சுற்றறிக்கையின் பந்தி 4(3)(இ)
A statement of Changes in the Accumulated Fund had not been furnished separately.,திரண்ட நிதியத்தில் மாற்றங்கள் கூற்று வேறாக சமர்ப்பிக்கப்பட்டிருக்கவில்லை.
(b) Financial Regulation 371 (5),(ஆ) நிதி ஒழுங்குவிதி 371(5)
2. Financial Review,2. நிதி மீளாய்வு
2.1. Financial Results,2.1 நிதி விளைவுகள்
3. Operating Review,3. செயற்பாட்டு மீளாய்வு
3.1. Management Inefficiencies,3.1 முகாமைத்துவ திறமையீனங்கள்
A course of action for the efficient collection of those installments had not been formulated for the recovery.,அத் தவணைப்பணத்தை ஆக்கபூர்வமாக அறவிடும் நடைமுறை தயாரிக்கப்பட்டிருக்கவில்லை.
This amount in arrears represented 51 percent of the total amount of loans granted.,இந்த நிலுவையாகவுள்ள பணம் வழங்கப்பட்ட மொத்தக் கடன் தொகையின் 51% ஆகக் காணப்பட்டது.
(d) The loans granted for trailers of two wheel tractors for 2 districts had been totally in arrears while the recoveries of 15 districts had been at a minimum level of 10 per cent.,(ஈ) இரண்டு சக்கர உழவு இயந்திர இழுவைப்பெட்டிகளுக்காக வழங்கப்பட்டிருந்த கடன் 02 மாவட்டங்களில் முழுமையாக நிலுவையாகக் காணப்பட்டதுடன் 15 மாவட்டங்களின் ஒட்டுமொத்த அறவீடுகள் 10% அளவிலான ஆகக் குறைந்த மட்டத்தில் காணப்பட்டது.
4. Accountability and Good Governance,4. பொறுப்புக் கூறும் நிலையும் நல்லாளுகையும்
4.1. Budgetary Control,4.1 வரவுசெலவுத் திட்டக் கட்டுப்பாடு
"(b) Since there was a significant variance between the budgeted and the actual figures, the budget had not been used as an effective management control.",(ஆ) வரவுசெலவுத் திட்டம் மற்றும் உள்ளபடியான தரவுகளுக்கிடையே குறிப்பிடத்தக்க அளவான முரண்கள் காணப்பட்டமையால் வரவுசெலவுத் திட்டம் ஆக்கபூர்வமான முகாமைத்துவக் கட்டுப்பாட்டுச் சாதனமாகப் பயன்படுத்தப்பட்டிருக்கவில்லை.
5. Systems and Controls,5. முறைமைகளும் கட்டுப்பாடுகளும்
Deficiencies in systems and controls observed during the course of audit were brought to the notice of the Commissioner General from time to time.,கணக்காய்வின் போது அவதானிக்கப்பட்ட முறைமைகள் மற்றும் கட்டுப்பாட்டுக் குறைபாடுகள் காலத்திற்கு காலம் ஆணையாளர் நாயகத்தின் கவனத்திற்கு கொண்டுவரப்பட்டது.
Special attention is needed in respect of the following areas of control.,பின்வரும் கட்டுப்பாட்டுப் பரப்புக்கள் தொடர்பாக விசேட கவனம் கோரப்படுகின்றது.
(a) Recovery of Acreage Tax,(அ) ஏக்கர் வரி அறவீடு
(b) Settlement of Deposit Accounts,(ஆ) வைப்புக் கணக்குகள் தீர்க்கப்படல்
(c) Recovery of Loans,(இ) கடன் அறவீடு
(d) Utilization of Assets,(ஈ) சொத்துப் பயன்பாடு
(e) Grant of Advances,(உ)  முற்பண வழங்கல்
P. S. No. 2013/279 - Second Instalment – Part II - State Corporations - Report of the Auditor General 2012,பா.தொ.இ 2013/279 இரண்டாவது தவணை - பகுதி - II – அரசாங்க கூட்டுத்தாபனங்கள் கணக்காய்வாளர் நாயகத்தின் அறிக்கை – 2012
Ayurvedic Medical Council 2012,ஆயுர்வேத மருத்துவச் சபை - 2012
1. Financial statements,1. நிதிக்கூற்றுக்கள்
Audit Opinion,கணக்கியல் கருத்துக்கள்
"In my opinion, except for the effects of the matters described in paragraph 2.2 of this report, the financial statements give a true and fair view of the financial position of the Ayurvedic Medical Council as at 31 December 2012 and its financial performance and cash flows for the year then ended in accordance with Generally Accepted Accounting Principles.",இந்த அறிக்கையின் 2.2 ஆம் பந்தியில் விபரிக்கப்பட்ட விடயங்களின் தாக்கத்தினைத் தவிர்த்து ஆயுர்வேத மருத்துவ சபையின் 2012 திசெம்பர் 31 இல் உள்ளவாறான நிதி நிலைமையினையும் அத்திகதியில் முடிவடைந்த ஆண்டிற்கான அதனது நிதிசார் செயலாற்றலினையும் காசுப்பாய்ச்சலினையும் பொதுவாக ஏற்றுக்கொள்ளப்பட்ட கணக்கீட்டுத் தத்துவங்களிற்கு இணங்க நிதிக்கூற்றுக்கள் உண்மையாகவும் நியாயமாகவும் தருகின்றன என்பது எனது அபிப்பிராயமாகும்.
1.2. Comments on Financial Statements,1.2 நிதிக்கூற்றுக்கள் மீதான கருத்துரைகள்
1.2.1. Accounting Deficiencies,1.2.1 கணக்கீட்டு குறைபாடுகள்
The following accounting deficiencies were observed.,பின்வரும் கணக்கீட்டுக் குறைபாடுகள் அவதானிக்கப்பட்டன.
1.2.2. Lack of Evidence for Audit,1.2.2 கணக்காய்விற்கான சான்றுகளின் பற்றாக்குறை
"An updated register on information in respect of Ayurvedic practitioners, dispensers, and nurses registered in the Ayurvedic Medical Council as at 31 December 2012 had not been presented for audit.","2012 திசெம்பர் 31 இல் உள்ளவாறு ஆயுர்வேத மருத்துவச் சபையில் பதிவுசெய்யப்பட்டிருந்த மருத்துவர்கள், மருந்தாளர்கள், தாதிகள் தொடர்பான தகவல்கள் நாளதுவரையாக்கப்பட்ட பதிவேடொன்று கணக்காய்விற்குச் சமர்ப்பிக்கப் பட்டிருக்கவில்லை."
"Further, information on registered Ayurvedic practitioners published via the internet had not been updated and an updated register had not been prepared according to each district.",மேலும் இணையதளத்தில் வெளியிடப்பட்டிருந்த பதிவுசெய்யப்பட்டிருந்த மருத்துவர்கள்  தொடர்பான தகவல்கள் நாளதுவரையாக்கப்படாதிருந்ததுடன் ஒவ்வொரு மாவட்டத்தின் படி நாளதுவரையாக்கப்பட்ட பதிவேடொன்று தயாரிக்கப்பட்டிருக்கவில்லை.
"1.2.3. Non-compliance with Laws, Rules, Regulations and Management Decisions","1.2.3 சட்டங்கள், விதிகள், பிரமாணங்கள் மற்றும் முகாமைத்துவத் தீர்மானங்களுடன் இணங்காமை"
"Non-compliances with the following laws, rules, regulations and management decisions were revealed.","சட்டங்கள், விதிகள், பிரமாணங்கள் மற்றும் முகாமைத்துவத் தீர்மானங்களுடன் இணங்காமை வெளிபடுத்தப்பட்டது."
"(a) Even though in terms of Section 11(1) (e) of Part III of the Ayurvedic Act No. 31 of 1961, 03 members elected out of registered Ayurvedic practitioners should be included in the composition of the Council, no practitioners registered in the Council had been included in it.",(அ) 1961 ஆம் ஆண்டின் 31 ஆம் இலக்க ஆயுர்வேத அதிகாரச் சட்டத்தின் III ஆம் பகுதியின் 11(I)(உ) ஆம் பிரிவின் பிரகாரம் பதிவுசெய்யப்பட்ட ஆயுர்வேத மருத்துவர்களில் தேர்ந்தெடுக்கப்பட்டிருந்த 3 அங்கத்தவர்கள் சபையின் அமைப்பிற்கு உள்ளடக்கப்பட வேண்டிய போதிலும் இச்சபையின் பதிவுசெய்யப்பட்ட மருத்துவர்கள் எவரும் உள்ளடங்கியிருக்கவில்லை.
"(b) According to the Ayurvedic Medical Council Paper No. 14/13/08 (3) dated 15 July 2005, practitioners should renew their registration once in five years with effect from 01 January 2006.",(ஆ) 2005 ஆம் ஆண்டின் யூலை 15 ஆம் திகதிக்குரிய 14/13/08(3) ஆம் இலக்க ஆயுர்வேத மருத்துவ சபை பத்திரத்தின் படி 2006 ஆம் ஆண்டு சனவரி 01 ஆம் திகதி முதல் செயற்படுத்தப்படும் வகையில் 05 ஆண்டுகளுக்கு ஒரு முறை மருத்துவர்கள் தமது பதிவுகளை நாளதுவரையாக்குதல் வேண்டும்.
"Further, despite having decided to charge a registration fee for same, it had not been done even by 31 December 2012.",மேலும் இதற்காக பதிவுக் கட்டணம் அறவிடப்பட வேண்டுமெனத் தீர்மானிக்கப்பட்டிருந்த போதிலும் 2012 ஆம் ஆண்டு திசெம்பர் 31 இல் உள்ளவாறும் இது நிறைவேற்றப்பட்டிருக்கவில்லை.
"In addition, legal obstructions existed in implementing this decision and amendments regarding the said matter had been forwarded to the Department of Legal Draftsman.","மேலும், இத்தீர்மானத்தை நடைமுறைப்படுத்துவதற்காக சட்டரீதியான தடைகள் காணப்படுகின்றமையால் அது தொடர்பில் திருத்திய சட்ட வரைபொன்று திணைக்களத்திற்கு அனுப்பி வைக்கப்பட்டுள்ளது."
"Even though it had been informed that the Medical Council had decided on 03 April 2012 to carry out future activities after approval of revised ethics, the said legal drafts had not been approved up to June 2013.",திருத்திய நடைமுறை அங்கீகரிக்கப்பட்ட பின்னர் மேற்கொண்டு நடவடிக்கை எடுப்பதற்காக 2012 ஆம் ஆண்டு ஏப்ரல் 03 ஆந் திகதி மருத்துவச் சபை தீர்மானம் மேற்கொண்டுள்ளதாக அறிவிக்கப்பட்டிருந்த போதிலும் அச்சட்ட வரைபு 2013 ஆம் ஆண்டு யூன் வரை அங்கீகரித்துக் கொள்ளப்பட்டிருக்கவில்லை.
02. Financial Review,02. நிதி மீளாய்வு
2.2. Analytical Financial Review,2.2 விபரமான நிதி மீளாய்வு
Operating activities of the Council during the year under review and the analytical review of financial results as compared with the preceding year are given below.,மீளாய்வாண்டின் போது சபையின் செயற்பாட்டு நடவடிக்கைகள் மற்றும் இதனோடொத்த முன்னைய ஆண்டிற்கான நிதிவிளைவுகள் தொடர்பான விபரமான மீளாய்வின் விபரம் பின்வருமாறாகும்.
Year 2012,2012 ஆம் ஆண்டு
Year 2011,2011 ஆம் ஆண்டு
(Decrease/ Increase),(குறைவு / அதிகரிப்பு)
Percentage (Decrease/ Increase),சதவீதம் (குறைவு / அதிகரிப்பு)
Income–Government Provision,வருமானம் – அரசாங்க ஏற்பாடு
Other Operating Income,ஏனைய செயற்பாட்டு வருமானம்
Total Income,மொத்த வருமானம்
Administration Expenditure,நிர்வாகச் செலவினம்
Other Operating Expenditure,ஏனைய செயற்பாட்டு செலவினங்கள்
Total Expenditure,மொத்த செலவினங்கள்
Annual Deficit/ Surplus,வருடாந்தப் பற்றாக்குறை / மிகை  ​
3.1. Performance,3.1 செயலாற்றல்
3.1.1. Registration of Practitioners,3.1.1 மருத்துவர்களைப் பதிவுசெய்தல்
Practitioners on registration of doctors during the year under review and two preceding years are given below.,மீளாய்வாண்டு மற்றும் முன்னைய இரண்டு ஆண்டுகளில் பதிவுசெய்யப்பட்ட மருத்துவர்கள் தொடர்பான விபரங்கள் கீழே தரப்பட்டுள்ளன.
As at 31 December 2012,2012 ஆம் ஆண்டு திசெம்பர் 31 இல் உள்ளவாறு
As at 31 December 2011,2011 ஆம் ஆண்டு திசெம்பர் 31 இல் உள்ளவாறு
As at 31 December 2010,2010 ஆம் ஆண்டு திசெம்பர் 31 இல் உள்ளவாறு
General/ Physician,பொது / மருத்துவர்
Degree Holders,பட்டதாரிகள்
Diploma Holders,டிப்ளோமாதாரிகள்
Traditional,பாரம்பரியம்
Traditional Special,பாரம்பரியம் விசேட
Snake Bite (Sarpavisha),பாம்பு விசம்
Fractures & Dislocation (Kadum Bindum),உடைவு மற்றும் முறிவுகள்
Eye Diseases (Akshi Roga),கண் நோய்கள்
Skin Diseases (Charma Roga),தோல் வியாதிகள்
Boils & Ulcers (Gedi Vana),வீக்கங்கள் மற்றும் புண்கள்
Hydrophobia (Jalabhithika),விசர்நாய்
Burns & Scalds (Davum Pilissum),எரி காயம்
Mental Diseases (Manasika Roga),உளவியல் நோய்கள்
Hos Compresses & Moxibustions (Vidum Pilissum),விபத்துக் காயம்
Other,ஏனையவை
"Number of Traditional-Special Practitioners for Eye Diseases (Akshi Roga), Skin Diseases (Charma Roga), Boils & Ulcers (Gedi Vana), and Burns & Scalds (Davum Pilissum) had increased by a number less than 05 in the year 2012 in relation to the year 2011 and Traditional-Special Practitioners had not been registered under Hydrophobia (Jalabhithika), Hos Compresses & Moxibustions (Vidum Pilissum) and other, after the year 2010.","கண் வியாதிகள், தோல் வியாதிகள், வீக்கங்கள், எரி காயங்கள் போன்ற பாரம்பரிய விசேட மருத்துவர்களின் எண்ணிக்கை 2011 ஆம் ஆண்டுடன் ஒப்பிடுகையில் 2012 ஆம் ஆண்டில் ஐந்திற்கும் குறைவான எண்ணிக்கையிலேயே அதிகரித்திருந்ததுடன் விசர்நாய், எரி காயம் மற்றும் ஏனையவையின் கீழ்  பாரம்பரிய விசேட மருத்துவர்களைப் பதிவுசெய்தல் 2010 ஆம் ஆண்டில் பின்னர் இடம்பெற்றிருக்கவில்லை."
Registration of practitioners in each year for the past five years is given below.,முன்னைய ஐந்து ஆண்டுகள் ஒவ்வொன்றிலும் மருத்துவர்களைப் பதிவுசெய்தல் கீழே காட்டப்பட்டுள்ளது.
Practitioners,மருத்துவர்கள்
Degree,பட்டம்
Diploma,டிப்ளோமா
Traditional Special,பாரம்பரிய விசேட
Following observations are made in this regard.,இது தொடர்பில் பின்வரும் அவதானிப்புகள் மேற்கொள்ளப்பட்டன.
"(a) In relation to year 2008, registration of all types of other practitioners except Diploma holders had decreased in the year 2012.",(அ) 2008 ஆம் ஆண்டுடன் ஒப்பிடுகையில் டிப்ளோமாதாரிகள் நீங்கலாக ஏனைய அனைத்து தரங்களிலும் மருத்துவர்களைப் பதிவுசெய்தல் 2012 ஆம் ஆண்டில் குறைவடைந்திருந்தது.
"(b) A decrease of registration of Traditional Special Practitioners had been revealed and it had been 129 in the year 2008, while in the year 2011 it had decreased to 68 and increased to 85 again in the year 2012.",(ஆ) பாரம்பரிய விசேட மருத்துவர்களைப் பதிவுசெய்தலில் குறைவொன்று வெளிப்பட்டதுடன் அது 2008 ஆம் ஆண்டில் 129 ஆக காணப்பட்டதுடன் 2011 ஆம் ஆண்டில் 68 வரை குறைவடைந்து 2012 ஆம் ஆண்டில் மீண்டும் 85 வரை அதிகரித்திருந்தது.
(c) Registration of Degree Medical Practitioners in the year 2009 had been 190 and it had gradually decreased to 135 by the year 2012.,(இ) பட்டதாரி மருத்துவர்களைப் பதிவுசெய்தல் 2009 ஆம் ஆண்டில் 190 ஆக காணப்பட்டதுடன் 2012 ஆம் ஆண்டளவில் அது 135 வரை குறைவடைந்திருந்தது.
3.1.2. Appointing Committees,3.1.2 குழுக்களை நியமித்தல்
"Even though the following sub-committees had been appointed continuously from the year 2008 to the year 2012, the intended purpose had not been achieved due to the committee being inactive.",பின்வரும் துணைக் குழுக்கள் 2008 ஆம் ஆண்டு முதல் 2012 ஆம் ஆண்டு வரை  தொடர்ச்சியாக நியமிக்கப்பட்டிருந்த போதிலும் அக்குழுக்கள் செயற்படுத்தப்படாமையால் எதிர்பார்க்கப்பட்ட கருமங்கள் நிறைவேற்றப்பட்டிருக்கவில்லை.
(a) The Professional Program on the Indigenous Medicine for fractures and dislocations,(அ) உள்நாட்டு உடைவு முறிவு வைத்தியம் தொடர்பான தொழிற்பயிற்சி நிகழ்ச்சித்திட்டம்
(b) Committee on Establishing Data Bases Related to Indigenous Traditional Knowledge,(ஆ) சுதேச பாரம்பரிய அறிவிற்கு உரித்தான தரவு அடிப்படை ஸ்தாபிப்பு குழு
(c) Sub-Committee on the conservation of the medical practice for Hos Compresses & Moxibustions which are on the verge of nonexistence,(இ) அருகிப் போகும் எரிகாய வைத்திய முறைமையை பாதுகாக்கும் துணைக் குழு.
(d) Revision of the syllabus for the registration of Traditional Medical Practitioners,(ஈ) பாரம்பரிய மருத்துவர்கள் பதிவுசெய்யும் பாட விதான திருத்தம்
(e) Sub-Committee for the conservation of Veterinary Medical Practice.,(உ) கால் நடை மருத்துவ முறைமை பாதுகாப்பு தொடர்பான துணைக்குழு
3.1.3. Action Plan and the progress of the year 2012,3.1.3 2012 ஆம் ஆண்டின் செயற்பாட்டுத் திட்டம் மற்றும் செயன்முன்னேற்றம்
Following activities mentioned in the Annual Action Plan in the year 2012 had not been carried out.,2012 ஆம் வருட வருடாந்த செயற்பாட்டுத் திட்டத்தில் குறிப்பிடப்பட்ட பின்வரும் செயற்பாடுகள் நிறைவேற்றப்பட்டிருக்கவில்லை.
"(a) Enforcement of the legal framework of the Ayurvedic Medical Council, and formulation and implementation of the regulations under the Ayurvedic Act",(அ) ஆயுர்வேத மருத்துவ சபையின் சட்டரீதியான சட்டகத்தினை பலப்படுத்தி ஆயுர்வேத அதிகாரச்சட்டத்தின் கட்டளைகளை திட்டமிடுதல் மற்றும் அமுலாக்குவதற்கு நடவடிக்கை எடுத்தல்.
(b) Improving the process of granting professional accreditation,(ஆ) தொழில் சார் அதிகாரத்தினை வழங்கும் செயற்பாட்டை மேம்படுத்தல்
(c) Categorization of Medical Practitioners based on existing professional qualifications,(இ) காணப்படும் தொழில்சார் தகைமையினை அடிப்படையாகக் கொண்டு மருத்துவத் தொழிலாளர்களை வகைப்படுத்தல்.
(d) Identification of the Code of Professional Ethics of the Ayurvedic Medical Practitioners,(ஈ) ஆயுர்வேத மருத்துவ தொழிற்துறையில் உள்ளோரிற்கு  ஒழுக்கநெறி கைநூலை அறிமுகப்படுத்தல்.
(e) Establishing a process of investigating the professional behaviour and conduct of the Ayurvedic Medical Practitioners,(உ) ஆயுர்வேத தொழிற்துறையில் உள்ளோரின் தொழில்சார் நடத்தையைபுலனாய்வு செய்யும் செயன்முறையொன்றை ஏற்படுத்தல்.
(f) Improvement of performance through updating the assets and facilities of the Ayurvedic Medical Council,(ஊ) ஆயுர்வேத மருத்துவ சபையின் வளங்களையும் வசதிகளையும் நாளதுவரையாக்குவதன் மூலம் அதன் செயலாற்றலை மேம்படுத்துதல்.
(g) Take action to minimize irregularities occurring in Ayurvedic Conservation Councils and to build up a direct relationship with the Council,(எ) ஆயுர்வேத பாதுகாப்புச் சபைகளில் இடம்பெறுகின்ற முறைகேடுகளை குறைத்து சபைகளுடன் நேரடியான தொடர்பினை கட்டியெழுப்புவதற்கு நடவடிக்கை எடுத்தல்.
(h) Professional Development Programmes,(ஏ) தொழில்சார் அபிவிருத்தி நிகழ்ச்சித்திட்டங்கள்
(i) Special programmes,(ஐ) விசேட நிகழ்ச்சித்திட்டங்கள்
(j) Entering the data in respect of the Ayurvedic Medical Practitioners in the Official Web site,(ஒ) உத்தியோகபூர்வ இணையதளத்திற்கு ஆயுர்வேத மருத்துவர்கள் தொடர்பான தரவுகளை உள்ளடக்குதல்.
"Even though the total number of Medical Practitioners registered by 31 December 2012 was 20,713, the number of names of the Medical Practitioners entered in the Official Web site of the Ayurvedic Medical Council was 3,000.","2012ஆம் ஆண்டு திசெம்பர் 31 இல் உள்ளவாறு பதிவு செய்யப்பட்ட மொத்த மருத்துவர்களின் எண்ணிக்கை 20,713 ஆன போதிலும் மருத்துவச் சபையின் உத்தியோகபூர்வ இணையதளத்திற்கு உள்ளடக்கப்பட்டிருந்த மருத்துவர்களின் எண்ணிக்கை 3000 ஆகும்."
This web site has been launched on 27 September 2010.,இவ் இணையதளம் 2010ஆம் ஆண்டு செப்தெம்பர் 27 ஆம் திகதி ஆரம்பிக்கப்பட்டிருந்தது.
3.2. Staff Administration,3.2 பதவியணியினர் நிர்வாகம்
Particulars on the staff of the Medical Council as at 31 December 2012 are given below.,ஆயுர்வேத மருத்துவ சபையின் 2012 ஆம் ஆண்டின் திசெம்பர் 31 ஆம் திகதியில் உள்ளவாறான பதவியணியினர் தொடர்பான தகவல்கள் கீழே காட்டப்பட்டுள்ளன.
Position,பதவி
Approved Cadre,அங்கீகரிக்கப்பட்ட எண்ணிக்கை
Actual Cadre,உள்ளபடியான எண்ணிக்கை
No. of Vacancies,வெற்றிடங்களின் எண்ணிக்கை
Annual Salary,ஆண்டுச் சம்பளம்
Registrar,பதிவாளர்
Management Assistant,முகாமைத்துவ உதவியாளர்
Office Labourers,அலுவலகத் தொழிலாளர்
4. Accountability and Good Governance,4. கணக்களிப் பொறுப்பும் நல்லாளுகையும்
4.1. Internal Audit,4.1 உள்ளகக் கணக்காய்வு
Following observations are made.,பின்வரும் அவதானிப்புகள் மேற்கொள்ளப்பட்டன.
(a) An internal audit unit had not been established in the institution.,(அ) நிறுவகத்தில் உள்ளகக் கணக்காய்வு அலகொன்று ஸ்தாபிக்கப்பட்டிருக்கவில்லை.
"(b) Even though the internal audit of the Ayurvedic Medical Council should be carried out by the Ministry of Indigenous Medicine, an internal audit relevant to the year 2012 had not been carried out.",(ஆ) சுதேச மருத்துவ அமைச்சினால் ஆயுர்வேத மருத்துவச் சபையின் உள்ளகக் கணக்காய்வு மேற்கொள்ளப்பட வேண்டிய போதிலும் 2012 ஆம் ஆண்டிற்காக உள்ளகக் கணக்காய்வு மேற்கொள்ளப்படாதிருந்தது.
"However, an audit had been carried out by the Ministry of Indigenous Medicine only in one instance in the year 2011.","இருந்தபோதிலும், 2011 ஆம் ஆண்டில் ஒரு முறை மாத்திரம் சுதேச மருத்துவ அமைச்சால் கணக்காய்வு மேற்கொள்ளப்பட்டிருந்தது."
4.2. Audit Committees,4.2 கணக்காய்வுக் குழு
Audit committees had not been established in the institution and the Medical Council had participated in the Audit and Management Committee conducted by the Ministry of Indigenous Medicine.,நிறுவகத்தில் கணக்காய்வுக் குழு ஸ்தாபிக்கப்பட்டிராததுடன் சுதேச மருத்துவ அமைச்சின் மூலம் செயற்படுத்தப்படும் கணக்காய்வு மற்றும் முகாமைத்துவக் குழுவில் வைத்திய சபை கலந்துகொண்டிருந்தது.
Deficiencies in systems and controls observed during the course of audit were brought to the notice of the Chairman of the Council from time to time.,கணக்காய்வின் போது அவதானிக்கப்பட்ட முறைமைகள் மற்றும் கட்டுப்பாட்டுக் குறைபாடுகள் அவ்வப்போது சபைத் தலைவரின் கவனத்திற்குக் கொண்டுவரப்பட்டது.
Special attention is needed in respect of the following areas of control.,பின்வரும் கட்டுப்பாட்டுத் துறைகள் தொடர்பாக விசேட கவனம் கோரப்பட வேண்டும்.
(a) Accounting,(அ) கணக்கீடு
(b) Update of the Registration of Ayurvedic Medical Practitioners,(ஆ) ஆயர்வேத மருத்துவ மருத்துவர்கள் பதிவுசெய்யப்படுதலை நாளதுவரையாக்கல்.
P. S. No. 2014/325 - Third Instalment - Part V - Funds - Report of the Auditor General 2012,பா.தொ.இல: 2014/325  3 ஆவது தொகுதி – பகுதி V – நிதியங்கள் - கணக்காய்வாளர் தலைமையதிபதியின் அறிக்கை – 2012
Excise Reward Fund - 2012,மது வரித் திணைக்களத்தின் மது வரி வெகுமதி நிதியம் - 2012
1.1. Qualified Opinion,1.1. முனைப்பழியுள்ள அபிப்பிராயம்
"In my opinion, except for the effects of the matters described in paragraph 1.2 of this report, the financial statements give a true and fair view of the financial position of the Excise Reward Fund as at 31 December 2012 and its financial performance and cash flows for the year then ended in accordance with Generally Accepted Accounting Principles.",இந்த அறிக்கையின் 1.2 ஆம் பந்தியில் காட்டப்பட்டுள்ள விடயங்களின் தாக்கத்தினைத் தவிர்த்து மது வரி வெகுமதி நிதியத்தின்  2012 திசெம்பர் 31 இல் உள்ளவாறான நிதி நிலைமையினையும் அத்திகதியில் முடிவடைந்த ஆண்டிற்கான அதனது நிதிசார் செயலாற்றலினையும் காசுப்பாய்ச்சலினையும் பொதுவாக ஏற்றுக்கொள்ளப்பட்ட கணக்கீட்டுத் தத்துவங்களுக்கு இணங்க நிதிக்கூற்றுக்கள் உண்மையாகவும் நியாயமாகவும் தருகின்றது என்பது எனது அபிப்பிராயமாகும்.
1.2. Comments On Financial Statements,1.2. நிதிக்கூற்றுக்கள் மீதான கருத்துரைகள்
1.2.1. Accounting Deficiencies,1.2.1. கணக்கீட்டுக் குறைபாடுகள்
The following observations are made.,பின்வரும் அவதானிப்புக்கள் மேற்கொள்ளப்பட்டன.
"(a) A Main Journal had not been maintained in accordance with the Generally Accepted Accounting Principles for rectification of accounting errors, adjustments and closing entries.","(அ) பொதுவாக ஏற்றுக்கொள்ளப்பட்ட கணக்கீட்டுத் தத்துவங்களின் பிரகாரம் கணக்கீட்டுப் பிழைகளைத் திருத்துதல், சீராக்குதல் மற்றும் தீர்த்தல் பதிவுகளை உள்ளடக்குவதற்கான பிரதான நாட்குறிப்பு பேணப்பட்டிருக்கவில்லை."
"1.2.2. Non-compliance with Laws, Rules, Regulations and Management Decisions","1.2.2. சட்டங்கள், விதிகள், பிரமாணங்கள் மற்றும் முகாமைத்துவத் தீர்மானங்களுடன் இணங்காமை"
The following non-compliances were observed.,பின்வரும் இணங்காமைகள் அவதானிக்கப்பட்டன.
"Reference to Laws, Rules, Regulations etc.,","சட்டங்கள், விதிகள், பிரமாணங்கள் போன்றவற்றுடனான தொடர்பு"
Non-compliance,இணங்காமை
"(a) Section 17of the Tobacco Tax Act, No. 8 of 1999",(அ) 1999 ஆம் ஆண்டின் 08 ஆம் இலக்க புகையிலை வரி அதிகாரச் சட்டத்தின் 17 ஆம் பிரிவு
"Out of the fines collected under the Tobacco Tax Act, 25 percent can be used for the payment of rewards.","புகையிலை வரி அதிகாரச் சட்டத்தின் கீழ், அறவிடப்படும் தண்டப் பணத்தில் 25 சதவீதம் வெகுமதிகளாக செலுத்துவதற்கு பயன்படுத்த முடியும்."
"Although a Reward Fund according to a scheme proposed by the Minister and under the control of the Commissioner General of Excise should be established as per the Section 17 (ii) of the Act, such Fund had not been established even by 31 October 2013.",இதற்காக அதிகார சட்டத்தின் 17(ii) ஆம் பிரிவின் பிரகாரம் அமைச்சர் பரிந்துரைக்கும் முறைப்படி மது வரி ஆணையாளர் நாயகத்தினது கட்டுபாட்டின் கீழ் பேணப்படும் வெகுமதி நிதியம் ஒன்று நிறுவப்பட வேண்டிய போதிலும் அத்தகைய நிதியம்  2013 ஒக்தோபர் 31 ஆம் திகதி வரையிலும் நிறுவப்பட்டிருக்கவில்லை.
(b) Financial Regulations 756,(ஆ) நிதிப்பிரமாணங்கள் 756
(c) Treasury Circular No. 1A1/2002/02 of 28 November 2002,(இ) 2002 நவம்பர் 28 ஆம் திகதியிடப்பட்ட ஐஏஐ/2002/02 ஆம் இலக்க திறைசேரிச் சுற்றுநிருபம்
"A Register of Fixed Assets had not been maintained for computers, computer accessories, and software.","கணனி, கணனி உப பாகங்கள் மற்றும் மென்பொருட்கள் தொடர்பாக நிலையான சொத்துப்பதிவேடு ஒன்று பேணப்பட்டிருக்கவில்லை."
(d) Management Audit Circular No.  DMA/2009/02 of 01 September 2009,(ஈ) 2009 செப்தெம்பர் 01 ஆம் திகதியிடப்பட்ட டீஎம்ஏ/2009/02 ஆம் இலக்க முகாமைத்துவ கணக்காய்வுச் சுற்றுநிருபம்
A Register of Fixed Assets had not been maintained for the assets purchased under the Excise Reward Fund.,மதுவரி வெகுமதி நிதியத்தின் கீழ் கொண்டுவரப்பட்ட சொத்துக்கள் தொடர்பாக நிலையான சொத்துப்பதிவேடு ஒன்று பேணப்பட்டிருக்கவில்லை.
2.1. Financial Results,2.1. நிதி விளைவுகள்
3.1. Performance,3.1. செயலாற்றல்
4. Accountability and Good Governance,4. கணக்களிப்பொறுப்பும் நல்லாளுகையும்
4.1. Budgetary Control,4.1. வரவுசெலவுக் கட்டுப்பாடு
"The methodology for the payment of rewards for commendable work, acts of bravery, or acts of special recognition in terms of Section 4.5 of the Excise Notification No. 818 of 04 March 1994 had not been made effective even by 31 October 2013.","1994 மார்ச் 04 ஆம் திகதியிடப்பட்ட 818 ஆம் இலக்க மதுவரி அறிவித்தலின் 4.5 ஆம் பந்தியின் பிரகாரம் பாராட்டத்தக்க வேலைகள், துணிச்சலான செயற்பாடுகள் அல்லது விசேட ஏற்றுக்கொள்ளல்களைப் பெறக்கூடிய ஏனைய செயற்பாடுகளுக்கு வெகுமதி நிதியத்திலிருந்து செலுத்தும் முறைமையொன்று 2013 ஒக்தோபர் 31 ஆம் திகதி வரையிலும் அமுல்படுத்தப்பட்டிருக்கவில்லை."
4.2. Corporate Plan‍,4.2. கூட்டிணைந்த திட்டம்
A Corporate Plan had not been prepared for the achievement of the Vision and Mission of the Fund. ‍,நிதியத்தின் நோக்கு மற்றும் குறிக்கோள்களை அடைந்து கொள்வதற்காக கூட்டிணைந்த திட்டமொன்று தயாரிக்கப்பட்டிருக்கவில்லை.
Deficiencies in systems and controls observed during the course of audit were brought to the notice of the Commissioner General of Excise from time to time.,கணக்காய்வின் போது அவதானிக்கப்பட்ட முறைமைகள் மற்றும் கட்டுப்பாட்டுக் குறைபாடுகள் அவ்வப்போது மது வரி ஆணையாளர் நாயகத்தின் கவனத்திற்குக் கொண்டுவரப்பட்டது.
Special attention is needed in respect of the following areas of control.,பின்வரும் கட்டுப்பாட்டுத் துறைகள் தொடர்பாக விசேட கவனம் கோரப்படுகின்றது.
(b) Establishment of the Reward Fund under the Tobacco Tax Act,(ஆ) புகையிலை வரி அதிகாரச்சட்டத்தின் கீழான வெகுமதி நிதியம் ஸ்தாபிக்கப்படுதல்.
(c) Assets Control,(இ) சொத்துக் கட்டுப்பாடு
P. S. No. 2014/310 - Second Instalment – Part XI - State Corporations - Report of the Auditor General 2012,பா.தொ.இ 2014/310 தொகுதி – 02 – பகுதி - XI – அரசாங்க கூட்டுத்தாபனங்கள் கணக்காய்வாளர் தலைமை அதிபதியின் அறிக்கை – 2012
National Design Centre - 2012,தேசிய வடிவமைப்பு நிலையம் - 2012
"In my opinion, except for the effects of the matters described in paragraph 1.2 of this report, the financial statements give a true and fair view of the financial position of the National Design Centre as at 31 December 2012 and its financial performance and cash flows for the year then ended in accordance with Sri Lanka Accounting Standards for Small and Medium Enterprises.",இந்த அறிக்கையின் 1.2 ஆம் பந்தியில் விபரிக்கப்பட்ட விடயங்களின் தாக்கத்தினைத் தவிர்த்து தேசிய வடிவமைப்பு நிலையத்தின் 2012 திசெம்பர் 31 இல் உள்ளவாறான நிதி நிலைமையினையும் அத்திகதியில் முடிவடைந்த ஆண்டிற்கான அதனது நிதிசார் செயலாற்றலினையும் காசுப்பாய்ச்சலினையும் சிறிய மற்றும் நடுத்தரளவு தொழில் முயற்சிகளிற்கான இலங்கை கணக்கீட்டு நியமங்களிற்கு இணங்க நிதிக்கூற்றுக்கள் உண்மையாகவும் நியாயமாகவும் தருகின்றன என்பது எனது அபிப்பிராயமாகும்.
1.2. Comments on Financial Statements,1.2. நிதிக்கூற்றுக்கள் மீதான கருத்துரைகள்
1.2.1. Unreconciled Control Accounts,1.2.1. கணக்கிணக்கம் செய்யப்படாத கட்டுப்பாட்டுக் கணக்குகள்
1.2.3. Accounts Receivable and Payable,1.2.3. பெறவேண்டிய மற்றும் செலுத்தவேண்டிய கணக்குகள்
The following observations are made.,கீழே குறிப்பிடப்பட்ட அவதானிப்புகள் மேற்கொள்ளப்படுகின்றன.
1.2.4. Lack of Evidence for Audit,1.2.4. கணக்காய்விற்கான சான்றின்மை
The evidence indicated against the following items appearing in the financial statements had not been furnished to audit.,நிதிக்கூற்றுக்களில் காண்பிக்கப்பட்டிருந்த பின்வரும் விடயங்களிற்கெதிரே காண்பிக்கப்பட்டுள்ள சான்றுகள் கணக்காய்விற்குச் சமர்ப்பிப்படவில்லை.
Item,பொருள்
Value,பெறுமதி
Evidence not made available,சமர்ப்பிக்கப்படாத சான்று
Rs.,ரூபா
(a) Fixed Assets,(அ) நிலையான சொத்துக்கள்
(i) Register of Fixed Assets,(i) நிலையான சொத்துக்கள் பதிவேடு
(ii) Board of Survey Reports,(ii) கணக்காய்வு அறிக்கைகள் சபை
(iii) Title Deeds,(iii) உரித்தாவணம்
(b) Debtors,(ஆ) கடன்பட்டோர்
Confirmation of Balances,மீதி உறுதிப்படுத்தல்கள்
(c) Creditors,(இ) கடன்கொடுத்தோர்
"1.2.5. Non-compliance with Laws, Rules, Regulations and Management Decisions","1.2.5. சட்டங்கள், விதிகள், பிரமாணங்கள் மற்றும் முகாமைத்துவ தீர்மானங்களுடன் இணங்காமை"
The non-compliances observed during the course of audit are given below.,கணக்காய்வில் அவதானிக்கப்பட்ட இணக்கமின்மைகள் கீழே காட்டப்பட்டுள்ளன.
"Reference to Laws, Rules, Regulations, etc.","சட்டங்கள், விதிகள், பிரமாணங்கள் போன்றவற்றிற்கான தொடர்பு"
Non-compliance,இணக்கமின்மைகள்
(a) Treasury Circular No. 1A1/2002/02 of 28 November 2002,(அ) 2002 நவம்பர் 28 ஆம் திகதியிடப்பட்ட ஐஏஐ/2002/02 ஆம் இலக்க திறைசேரிச் சுற்றறிக்கை
"A Register for Computers, Computer Accessories, and Software had not been maintained.",கணனிகள் மற்றும் கணனி வன்பாகங்கள் மற்றும் மென்பாகங்களிற்காக சொத்துக்கள் பதிவேடொன்று பேணிவரப்பட்டிருக்கவில்லை.
(b) Public Enterprises Circular No. PED/12 of 02 June 2003 Section 6.5.1,"(ஆ) 2003 யூன் 02 ஆம் திகதியிடப்பட்ட பொது தொழில் முயற்சிகள் சுற்றறிக்கை இல. பீஈடீ/12, 6.5.1 ஆம் பிரிவு"
"Even though the financial statements and the draft Annual Report for the year under review should have been presented to the Auditor General within 60 days after the close of the financial year, only the financial statements had been presented on 26 April 2013.","மீளாய்வாண்டிற்கான நிதிக்கூற்றுக்கள் மற்றும் வருடாந்த வரைபு அறிக்கை குறித்த நிதியாண்டு முடிவுற்று 60 நாட்களிற்குள் கணக்காய்வாளர் தலைமை அதிபதிக்குச் சமர்ப்பிக்கப்பட வேண்டிய போதிலும், நிதிக்கூற்றுக்கள் மாத்திரம் 2013 ஏப்ரல் 26 ஆம் திகதி சமர்ப்பிக்கப்பட்டிருந்தன."
The following observations are made.,பின்வரும் அவதானிப்புகள் மேற்கொள்ளப்படுகின்றன.
(a) The number of designs and inventions produced by the Moratuwa and Nattarampotha Project by 31 December of the year under review had been 672 and out of that 381 had been handed over to the Workshop.,(அ) மீளாய்வாண்டின் திசெம்பர் 31 இல் உள்ளவாறு மொறட்டுவை மற்றும் நத்தரம்பொத செயற்திட்டத்தினால் உற்பத்திசெய்யப்பட்ட வடிவமைப்புகள் மற்றும் புதிய ஆக்கங்களின் எண்ணிக்கை 672 ஆக காணப்பட்டதுடன் அவற்றில் 381 வேலைத்தளங்களிற்கு ஒப்படைக்கப்பட்டிருந்தன.
The inventions handed over included 205 inventions needed for the craftsmen and 86 graphic designs.,"ஒப்படைக்கப்பட்டிருந்த ஆக்கங்களில் கைப்பணியாளர்களின் தேவைக்கான 205 ஆக்கங்களும், 86 கிரபிக் வடிவமைப்புக்களும் அடங்கியிருந்தன."
"The number of new designs and inventions of the preceding year had been 679 and number of design samples had been 321, and as compared with that the new designs and the inventions of the year under review had decreased by 1 percent.",முன்னைய ஆண்டில் உற்பத்திசெய்யப்பட்ட வடிவமைப்புகள் மற்றும் புதிய ஆக்கங்களின் எண்ணிக்கை 679 ஆகவும் வடிவமைப்பு மாதிரிகள் 321 ஆகவும் காணப்பட்டதுடன் அவற்றுடன் ஒப்பிடுகையில் மீளாய்வாண்டில் வடிவமைப்புகள் மற்றும் புதிய ஆக்கங்களின் எண்ணிக்கை 1 சதவீதத்தால் குறைவடைந்திருந்தது.
An adequate course of action had been launched with the National Crafts Council to bring all these designs for use by the craftsmen.,மேலும் இந்த வடிவமைப்பு ஆக்கங்கள் அனைத்தையும் கைப்பணியாளர்களின் பயன்பாட்டிற்கு எடுத்துச் செல்வதற்காக போதிய நடவடிக்கையொன்று தேசிய கைப்பணிகள் மன்றத்துடன் ஏற்படுத்திக் கொள்ளப்பட்டிருந்தது.
There were 10 designers with the Centre and a target of a minimum number of 05 designs per month had been set for each designer.,நிலையத்திற்குச் சொந்தமாக 10​ வடிவமைப்பாளர்கள் காணப்படுவதுடன் ஒரு வடிவமைப்பாளர் மாதமொன்றில் குறைந்தது 05 வடிவமைப்புகளை மேற்கொள்ள வேண்டுமென இலக்கு வழங்கப்பட்டிருந்தது
"‍However, three designers had failed to reach that target.","இருப்பினும், அவ்விலக்கினை அடைவதற்கு மூன்று வடிவமைப்பாளர்கள் தவறியிருந்தனர்."
"Furthermore, a methodology to follow up on the number of designs popularised among the craftsmen and the number of designs which had been favoured by the craftsmen had not been identified.",அவ்வாறே எவ்வளவு தொகை வடிவமைப்புகள் பிரபல்யப்படுத்தலிற்காக கைப்பணியாளர்களிடையே கொண்டு செல்லப்பட்டன மற்றும் எவ்வளவு தொகையான வடிவமைப்புகள் கைப்பணியாளர்களினால் விரும்பப்பட்டிருந்தன போன்றவறறை ஆய்ந்தறிவதற்கான முறையொன்று இனங்காணப்பட்டிருக்கவில்லை.
"As such how effective the new designs produced had been, was problematic.",இதன் காரணமாக உற்பத்திசெய்யப்பட்ட புதிய வடிவமைப்புக்களில் எந்தளவு எண்ணிக்கையானவை பயனுள்ளதாக இருந்தன என்பது சிக்கலானதாக காணப்பட்டது.
"(b) Out of the programmes targeted in terms of the Annual Action Plan, 03 programmes had not been executed while the progress of the two remained programmes had been 20 percent and 40 percent.",(ஆ) வருடாந்த செயல்நடவடிக்கைத் திட்டத்தின் படி இலக்கிடப்பட்டிருந்த நிகழ்ச்சித்திட்டங்களில் 03 நிகழ்ச்சித்திட்டங்களை நிறைவேற்றுவதற்கு முடியாது போயிருந்த அதேவேளையில் எஞ்சிய 2 நிகழ்ச்சித்திட்டங்கள் பெற்றுக்கொண்டிருந்த செயன்முன்னேற்றங்கள் 20 சதவீதம் மற்றும் 40 சதவீதமாக காணப்பட்டன.
Details appear below.,விபரங்கள் கீழே காட்டப்பட்டுள்ளன.
Expected Target for the year 2012,2012 ஆம் ஆண்டில் எதிர்பார்த்த இலக்கு
Targets Achieved as at 31 December 2012,2012 திசெம்பர் 31 இல் உள்ளவாறு அடையப்பட்ட இலக்கு
Percentage of Achievement,அடையப் பெற்ற முன்னேற்ற சதவீதம்
Recurrent Activities,மீண்டெழும் செயற்பாடுகள்
Training of Trainers,பயிலுனர்களை பயிற்றுவித்தல்
Number of New Design Training Programmes,புதிய வடிவமைப்புப் பயிற்சி நிகழ்ச்சித்திட்ட எண்ணிக்கை
Number of Participants,பங்குபற்றியோர் எண்ணிக்கை
Providing Training and Technology for Development of Designs,வடிவமைப்பு அபிவிருத்திக்காக பயிற்சி மற்றும் தொழில்நுட்பத்தை வழங்குதல்
Diploma in Higher National Designs,உயர் தேசிய வடிவமைப்பு டிப்ளோமா
Intermediate Diploma in National Designs,தேசிய வடிவமைப்பு இடைக்கால டிப்ளோமா
Providing Marketing Facilities for New Designs,புதிய வடிவமைப்புக்களிற்காக சந்தை வசதிகளைப் பெற்றுக்கொடுத்தல்
Number of Handicrafts Products Prepared for Exhibition,காட்சிப்படுத்துவதற்கு உத்ததேசிக்கப்பட்ட கைப்பணி ஆக்கங்களின் எண்ணிக்கை
Number of Handicrafts Craftsmen Participated,பங்குபற்றிய கைப்பணி ஆக்க கைப்பணியாளர் எண்ணிக்கை
Number of General Public Participated,பங்குபற்றிய சாதாரண பொதுமக்கள்
Number of Meetings of Buyers and Sellers,கொள்வனவு மற்றும் விற்பனையாளர் கூட்டங்களின் எண்ணிக்கை
Number of Beneficiaries,நலனாளிகளின் எண்ணிக்கை
Number of Display Centres Based on Tourists,உல்லாசப் பயணிகளை இலக்காகக் கொண்ட காட்சிக்கூடங்களின் எண்ணிக்கை
Supply of Designs Market Facilities,வடிவமைப்பு சந்தை வசதிகளை வழங்குதல்
(c) The training programmes targeted for holding under 09 sections within the period according to the Action Plan for the year 2012 had not been held as planned.,"(இ) செயல்நடவடிக்கைத் திட்டத்தின் படி, 2012 ஆம் ஆண்டில் 09 துறைகள் தொடர்பில் காலப்பகுதியில் மேற்கொள்வதற்கு இலக்கிடப்பட்டிருந்த பயிற்சி நிகழ்ச்சித்திட்டங்கள் திட்டமிட்டவாறு நிறைவேற்றப்பட்டிருக்கவில்லை."
3.2. Management Inefficiencies,3.2. முகாமைத்துவ செயற்திறனின்மைகள்
New Showroom - Battaramulla,புதிய காட்சியறை – பத்தரமுல்லை.
"Even though popularisation of new designs through the new showroom of the Centre had been the main objective according to the Action Plan, the said objective could not be achieved as the showroom had been closed down in the year under review.","நிலையத்தின் புதிய காட்சியறைகளினூடாக புதிய வடிவமைப்புக்களை பிரபல்யப்படுத்தல், செயல்நடவடிக்கைத் திட்டத்தின் படி நிறைவேற்றப்பட வேண்டிய அடிப்படை நோக்கமாக காணப்பட்ட போதிலும், காட்சியறைகள் மீளாய்வாண்டில் மூடப்பட்டமை காரணமாக இந்நோக்கத்தினை அடைந்துகொள்வதற்கு தவறவிடப்பட்டிருந்தது."
(a) The new showroom commenced in the year 2011 had been closed down since August 2012.,(அ) 2011ஆம் ஆண்டில் ஆரம்பிக்கப்பட்டிருந்த புதிய காட்சியறை 2012 ஆகஸ்ட் மாதம் முதல் மூடிவிடப்பட்டிருந்தது.
3.3. Idle and Underutilised Assets,3.3. விளைவற்ற மற்றும் குறைவாகப் பயன்படுத்திய சொத்துக்கள்
"However, that remained idle over a period of 03 years.","இருப்பினும், 03 ஆண்டு காலமாக அவை விளைவற்றுக் காணப்பட்டன."
"Even though a period of 03 years had elapsed after the break down of about 20 feet of the side wall constructed near the sports ground and the car park, that had not been repaired.","வாகன தரிப்பிடம் மற்றும் விளையாட்டரங்கு என்பவற்றிற்கு அருகில் நிர்மாணிக்கப்பட்டிருந்த பக்கவாட்டு மதகின் ஏறத்தாழ 20 அடிகள் உடைந்து மூன்று ஆண்டுகள் கடந்திருந்த போதிலும், அது முன்னைய நிலைக்கு கொண்டுவரப்பட்டிருக்கவில்லை."
(e) The officer in charge of the laboratory of the Nattarampotha Branch had proceeded abroad at the beginning of the year 2010 and that officer had not taken action to handover the inventory goods.,(உ) நத்தரம்பொத கிளையின் இரசாயண கூடத்திற்குப் பொறுப்பாக செயற்பட்ட உத்தியோகத்தர் 2010 இன் தொடக்கத்தில் வெளிநாடு சென்றிருந்ததுடன் அந்த உத்தியோகத்தரினால் பதிவேட்டுப் பொருட்கள் எதனையும் ஒப்படைப்பதற்கு நடவடிக்கை எடுக்கப்பட்டிருக்கவில்லை.
3.4. Staff Administration,3.4. பதவியணி நிர்வாகம்
The particulars of the staff of the Centre for the year 2012 are given below.,நிலையத்தின் 2012 ஆம் ஆண்டிற்கான பதவியணியினர் தொடர்பான விபரங்கள் கீழே காட்டப்பட்டுள்ளன.
Category of Employees,ஊழியர்களது வகைப்பாடு
Approved,அங்கீகரிக்கப்பட்ட
Actual,உள்ளபடியான
Vacancies,வெற்றிடங்கள்
Executive level,நிறைவேற்றுத் தரத்தினர்
Middle level,மத்திய தரத்தினர்
Secondary level,இரண்டாம் மட்டத்தினர்
Primary level,ஆரம்ப மட்டத்தினர்
Actions had not been taken to fill 09 vacancies in the middle level and 15 vacancies in the secondary level.,மத்திய தரத்திலுள்ள 09 வெற்றிடங்களையும் இரண்டாம் தரத்திலுள்ள  15 வெற்றிடங்களையும் நிரப்புவதற்கு நடவடிக்கை எடுக்கப்பட்டிருக்கவில்லை.
4.1. Action Plan,4.1. செயல்நடவடிக்கைத் திட்டம்
"Even though the Centre had prepared an Action Plan for the year under review, it had failed to achieve the expected objectives.",நிலையத்தினால் மீளாய்வாண்டிற்காக செயல்நடவடிக்கைத் திட்டமொன்று  தயாரிக்கப்பட்டிருந்த போதிலும் எதிர்பார்த்த இலக்குகளை அடைவதற்கு தவறவிடப்பட்டிருந்தது.
Certain training programmes had not executed at all.,சில பயிற்சி நிகழ்ச்சித்திட்டங்கள் முழுமையாக நிறைவேற்றப்பட்டிருக்கவில்லை.
4.2. Procurement Plan,4.2. கொள்வனவுத் திட்டம்
"Even though the Centre had prepared and presented a Procurement Plan for the year 2012, that had not been prepared based on the Action Plan of the Centre in terms of the National Budget Circular.",நிலையத்தினால் 2012 ஆம் ஆண்டிற்காக கொள்வனவுத் திட்டம் தயாரிக்கப்பட்டு சமர்ப்பிக்கப்பட்டிருந்த போதிலும் இது தேசிய வரவுசெலவுத்திட்டச் சுற்றறிக்கையின் பிரகாரம் நிலையத்தின் செயல்நடவடிக்கைத் திட்டத்தினை அடிப்படையாகக் கொண்டு தயாரிக்கப்பட்டிருக்கவில்லை.
4.3. Budgetary Control,4.3. வரவுசெலவுத்திட்டக் கட்டுப்பாடு
"Significant variances were observed between the budgeted and the actual income and expenditure, thus indicating that the budget had not been made use of as an effective instrument of management control.",செய்யப்பட்ட வரவுசெலவுத்திட்டம் மற்றும் உள்ளபடியான வருமானங்களிற்கும் செலவினங்களிற்குமிடையே குறிப்பிடத்தக்க முரண்கள் அவதானிக்கப்பட்டமையால் வரவுசெலவுத்திட்டமானது பயனுள்ள முகாமைத்துவக் கட்டுப்பாட்டுக் கருவியொன்றாக பயன்படுத்திக் கொள்ளப்பட்டிருக்கவில்லை.
4.4. Internal Audit,4.4. உள்ளகக் கணக்காய்வு
"Even though Internal Audit Programmes had been prepared for the year 2012, the internal audit had not been done according to the programmes.","2012 ஆம் ஆண்டிற்காக உள்ளகக் கணக்காய்வு நிகழ்ச்சித்திட்டமொன்று திட்டமிடப்பட்டிருந்த போதிலும், திட்டங்களின் படி உள்ளகக் கணக்காய்வு இடம்பெற்றிருக்கவில்லை."
Deficiencies in systems and control observed during the course of audit were brought to the notice of the Chairman of the Centre from time to time.,கணக்காய்வில் அவதானிக்கப்பட்ட முறைகளினதும் கட்டுப்பாடுகளினதும் குறைபாடுகள் அவ்வப்போது நிலையத்தின் தலைவரின் கவனத்திற்கு கொண்டுவரப்பட்டிருந்தது.
Special attention is needed in respect of the following areas of control.,பின்வரும் கட்டுப்பாட்டுத் துறைகள் தொடர்பாக விசேட கவனம் கோரப்படுகிறது.
(b) Balances Receivable and Payable,(ஆ) பெறவேண்டிய மற்றும் செலுத்தவேண்டிய மீதிகள்
(c) Assets Control,(இ) சொத்துக்கள் கட்டுப்பாடு
(d) Budgetary Control,(ஈ) வரவுசெலவுத்திட்டக் கட்டுப்பாடு
(e) Conduct of Training Programmes,(உ) பயிற்சி நிகழ்ச்சித்திட்டங்களை நடாத்தல்
Ceylon Ceramics Corporation - 2012,இலங்கை மட்பாண்டக்  கைத்தொழில்  கூட்டுத்தாபனம் -  2012
1.1. Adverse Audit Opinion,1.1.  பாதகமான அபிப்பிராயம்
"In my opinion, because of the significance of the matters described in paragraph 1.2  of this report, the financial statements do not give a true and fair view of the financial position of the Ceylon Ceramics Corporation as at 31 December 2012 and its financial performance and its cash flows for the year then ended in accordance with Sri Lanka Accounting Standards.",இந்த அறிக்கையின் 1.2 ஆம் பந்தியில் விபரிக்கப்பட்ட விடயங்களின் முக்கியத்துவத்தின் காரணமாக இலங்கை மட்பாண்டக் கைத்தொழில் கூட்டுத்தாபனத்தின் 2012 திசெம்பர் 31 இல் உள்ளவாறான நிதி நிலைமையினையும் அத்திகதியில் முடிவடைந்த ஆண்டிற்கான அதனது நிதிசார் செயலாற்றலினையும் காசுப்பாய்ச்சலினையும் இலங்கை கணக்கீட்டு நியமங்களுக்கு இணங்க நிதிக்கூற்றுக்கள் உண்மையாகவும் நியாயமாகவும் வழங்கவில்லை என்பது எனது அபிப்பிராயமாகும்.
1.2 Comments on Financial Statements,1.2 நிதிக்கூற்றுக்கள் மீதான கருத்துரைகள்
1.2.1 Sri Lanka Accounting Standards,1.2.1 இலங்கை கணக்கீட்டு நியமங்கள்
The financial statements for the year under review had not been prepared based on the new Sri Lanka Accounting Standards effective from 01 January 2012.,2012 சனவரி 01 ஆம் திகதி முதல் அமுலாகும் புதிய இலங்கை கணக்கீட்டு நியமத்தை அடிப்படையாகக் கொண்டு மீளாய்வாண்டிற்கான நிதிக்கூற்றுக்கள் தயாரிக்கப்பட்டிருக்கவில்லை.
1.2.2 Accounting Deficiencies,1.2.2 கணக்கீட்டு குறைபாடுகள்
"However, it had not been brought to account.","இருந்த போதிலும், இது கணக்கீடு செய்யப்பட்டிருக்கவில்லை."
"However, it had not been brought to account.","இருந்த போதிலும்,  அது கணக்கீடு செய்யப்பட்டிருக்கவில்லை."
The value of 13 motor vehicles currently in use by the Corporation had not been included in the Register of Fixed Assets as well as the financial statements.,கூட்டுத்தாபனத்தின் பயன்பாட்டில் உள்ள 13 பா.தொ.இ 2014/340 தொகுதி – 02 – பகுதி - XVII–அரசாங்க கூட்டுத்தாபனங்கள் கணக்காய்வாளர் தலைமை அதிபதியின் அறிக்கை – 2012 வாகனங்களின் பெறுமதி நிலையான சொத்துப் பதிவேட்டிலும் நிதிக்கூற்றுக்களிலும் உள்ளடக்கப்பட்டிருக்கவில்லை.
1.2.4 Accounts Receivable and Payable,1.2.4 பெறவேண்டிய மற்றும் செலுத்த வேண்டிய கணக்குகள்
(c) Bangadeniya Factory,(இ)  பங்கதெனியா தொழிற்சாலை
(i) The above factory had been closed down over 10 years ago.,(i) மேற்குறித்த தொழிற்சாலை 10 ஆண்டுகளுக்கு முன்பிருந்தே மூடப்பட்டிருந்தது.
"1.2.6 Non-compliance with Laws, Rules, Regulations and Management Decisions","1.2.6 சட்டங்கள், விதிகள், பிரமாணங்கள் மற்றும் முகாமைத்துவ தீர்மானங்களுடன் இணங்காமை."
The following instances of non-compliance were observed during the course of audit.,பின்வரும் இணங்காத சந்தர்ப்பங்கள் கணக்காய்வின் போது அவதானிக்கப்பட்டன.
"Reference to Laws, Rules, Regulations, etc.","சட்டங்கள், விதிகள், பிரமாணங்கள் போன்றவற்றிற்கான தொடர்பு."
Details,விபரங்கள்
(a) Section 8.3 of the Public Enterprises Circulars No. PED/12 of 02 June 2003,(அ) 2003 யூன் 02 ஆம் திகதியுடைய பீஈடீ/12 ஆம் இலக்க பொது முயற்சிகள் சுற்றறிக்கையின் 8.3 ஆம் பந்தி
(b) Nation Building Tax Act  No. 9 of 2009,(ஆ) 2009 இன் 09 ஆம் இலக்க தேசத்தைக் கட்டியெழுப்பும் வரி அதிகாரச்சட்டம்
(c) Value Added Tax Act No. 14 of 2002,(இ) 2002 இன் 14 ஆம் இலக்க பெறுமதி சேர் வரி அதிகாரச்சட்டம்
(d) Economic Service Charges Act No. 13 of 2006,(ஈ) 2006 இன் 13 ஆம் இலக்க பொருளாதார சேவைகள் கட்டண அதிகாரச்சட்டம்
(e) National Defence Levy Act No. 36 of 1995,(உ) 1995 இன் 36 ஆம் இலக்க தேசிய பாதுகாப்பு வரி அதிகாரச்சட்டம்
(f) Goods and Services Tax Act No. 34 of 1996,(ஊ) 1996 இன் 34 ஆம் இலக்க பண்டங்கள் மற்றும் சேவைகள் வரி அதிகாரச்சட்டம்
(g) Inland Revenue Act No. 10 of 2006,(எ) 2006 இன் 10 ஆம் இலக்க வருமான வரி அதிகாரச்சட்டம்
(h) Western Provincial Finance Statute No. 6 of 1990,(ஏ) 1990 இன் 6 ஆம் இலக்க மேல்மாகாண சபையின் நிதி விதி
2.1 Financial Results,2.1 நிதி விளைவுகள்
2.2 Analytical Financial Review,2.2 பகுப்பாய்வு ரீதியான நிதி மீளாய்வு
The following observations are made.,பின்வரும் அவதானிப்புகள் மேற்கொள்ளப்பட்டன.
The retirement of 497 employees in the year under review and the production done on the piece rate basis had affected the decrease of the cost of sales and the total expenditure by 50 per cent and 41 per cent respectively.,மீளாய்வாண்டின் ஊழியர்களில் 497 பேர் சேவையிலிருந்து ஓய்வடைந்து துண்டு அடிப்படையில் உற்பத்தி நடவடிக்கைகள் மேற்கொள்ளப்பட்டு வந்த காரணத்தால் விற்பனைக் கிரயமும் மொத்தச் செலவினமும் முறையே 50 சதவீதத்தாலும் 41 சதவீதத்தாலும் குறைவடைவதற்குத் தாக்கமளித்திருந்தது.
"(b) Even though the Corporation incurred losses continuously up to the year 2011, it was observed that the Corporation earned profits in the year 2012 due to the reforms undertaken.",(ஆ) கூட்டுத்தாபனம் 2011 ஆம் ஆண்டு வரை தொடர்ந்து நட்டத்தை அடைந்திருந்த போதிலும் 2012 ஆம்ஆண்டின் போது மேற்கொள்ளப்பட்ட மீளமைப்புக் காரணமாக இலாபத்தை அடைந்து வருவது அவதானிக்கப்பட்டது.
Year,ஆண்டு
Profit/ (Loss),இலாபம்/ (நட்டம்)
(Rs. Millions),(ரூபா மில்லியன்)
2.3 Analysis of Financial Ratios,2.3 நிதி விகித பகுப்பாய்வு
Current Ratio,நடைமுறை விகிதம்
The Standard Current Ratio of safe institution should be 2.1.,நியம  நடைமுறை விகிதம் 2:1 ஆக இருத்தல் வேண்டும்.
Loan Ratio,கடன் விகிதம்
The Standard Total Assets to External Loan Ratio of a business institution should be 1.1.,வியாபார நிறுவனம் ஒன்றில் நிலவ வேண்டிய நியம மொத்தச் சொத்துக்களுக்கு வெளிக் கடன் விகிதம் 1:1 ஆக இருத்தல் வேண்டும்.
"As a High Gearing Ratio is indicated, the possibility of that affecting the going concern of the Corporation cannot be ruled out.",மிகை திரவத்தன்மை விகிதாசாரத்தில் காண்பிக்கப்படுவதால் கூட்டுத்தாபனத்தின் நிலைப்பாட்டிற்கு பாதகமாக தாக்கமளிக்காது என்பதைத் தவிர்க்க முடியாதுள்ளது.
Debtors Turnover Ratio,கடன்பட்டோர் புரள்வு விகிதம்
The debt recovery period had increased from 91 days to 255 days.,கடன்பட்டோரிடமிருந்து பணத்தை அறவிடும் காலம் 91 நாட்கள் முதல் 255 நாட்கள் வரை அதிகரித்திருந்தது.
Number of Days of Debtors Turnover,கடன்பட்டோர் புரள்வு நாட்களின் எண்ணிக்கை
255 Days,255 நாட்கள்
91 Days,91 நாட்கள்
Stock Turnover Ratio,இருப்பு புரள்வு விகிதம்
Time taken for converting the manufactured stocks to sales had increased from 77 days to 90 days.,விற்பனைகளாக்குவதற்கான காலம் 77 நாட்கள் முதல் 90 வரை அதிகரித்திருந்தது.
Number of days of Stock Turnover,இருப்பு புரள்வு நாட்களின் எண்ணிக்கை
90 Days,90 நாட்கள்
77 Days,77 நாட்கள்
3.1 Performance,3.1 செயலாற்றல்
(a) Seven Tile factories maintaining the production work of the Corporation exist and out of that 05 Factories had incurred losses in the year under review.,(அ) கூட்டுத்தாபனத்திற்குச் சொந்தமான உற்பத்தி நடவடிக்கைகள் மேற்கொள்ளப்பட்டு வரும் 07 ஓட்டுத் தொழிற்சாலைகள் காணப்படுவதுடன் மீளாய்வாண்டில் இவற்றில் 05 தொழிற்சாலைகள் நட்டத்தில் இயங்கியிருந்தன.
The profitability of those in the 05 preceding years had been as follows.,கடந்த 5 ஆண்டுகளில் அவற்றின் இலாப நட்ட நிலைமை வருமாறு.
Tile Factory,ஓட்டுத் தொழிற்சாலை
Profit/ (Loss) for the year 2012,2012 ஆம் ஆண்டிற்கான இலாபம்/ (நட்டம்)
Weuda,வேஉட
Elayapattuwa,எலயாபத்துவ
Bingiriya,பிங்கிரிய
Mahiyangana,மஹியங்கனை
Yatiyana,யடியன
Uswewa,உஸ்வௌ
Eragama,ஏரகம
"(b) The estimated production of tiles, bricks and other material by the 05 operating factories in the year under review had been 9,573,366.","(ஆ) மீளாய்வாண்டின் போது செயற்பாட்டு நடவடிக்கைகள் அமுல்படுத்தப்படும் 5 தொழிற்சாலைகளில் உற்பத்தி செய்வதற்கு மதிப்பிடப்பட்டிருந்த ஓடுகள், செங்கற்கள் மற்றும் ஏனைய பொருள் அலகுகளின் எண்ணிக்கை 9,573,366 ஆகும்."
"The actual production units had been 3,112,050  or 33 per cent of the estimated production.","உள்ளபடியான உற்பத்தி அலகுகளின் எண்ணிக்கை 3,112,050 ஆனமையால் அது மதிப்பிடப்பட்ட உற்பத்தியில் 33 சதவீதம் மாத்திரமாகும்."
Details appear below.,விபரம் பின்வருமாறாகும்.
Factory,தொழிற்சாலை
Estimated Production Units,மதிப்பிடப்பட்டிருந்த உற்பத்தி அலகுகள்
Actual Units Manufactured,உள்ளபடியான உற்பத்தி அலகுகள்
Deficit Units,குறை உற்பத்தி அலகுகள்
Mahiyangaaya,மஹியங்கனை
Total,கூட்டுத்தொகை
3.2 Management Inefficiencies,3.2 முகாமைத்துவ செயற்றிறனின்மைகள்
Ten cases had been filed in the Labour Tribunals and several other Courts relating to the respective factories  by the retired employees of the Corporation against the Corporation in connection with the non-extension of their services and the arrears of gratuity.,கூட்டுத்தாபன சேவையிலிருந்து ஓய்வு பெற்ற ஊழியர்களால் அவர்களது சேவை நீடிக்கப்பட்டிராமையாலும் நிலுவையான பணிக்கொடை தொடர்பாக கூட்டுத்தாபனத்திற்கு எதிராக உரிய தொழிற்சாலைகள் தொடர்பான ஊழியர்கள் நடுநிலை சபை மற்றும் நனாவித பட்டத்தில் கோவையிடப்பட்ட வழக்குகளின் எண்ணிக்கை பத்தாகக் காணப்பட்டது.
Those had not been disclosed in the accounts.,அவை கணக்குகளில் வெளிக்காட்டப்பட்டிருக்கவில்லை.
3.3 Identified Losses,3.3 இனங்காணப்பட்ட நட்டங்கள்
That had not been paid even up to 30 September 2013.,2013 செப்தெம்பர் 30 வரையிலும் இது செலுத்தப்பட்டிருக்கவில்லை.
3.4 Existence of the Corporation,3.4 கூட்டுத்தாபனத்தின் நிலைத்திருப்பு
In view of the following factors it was observed that the existence of the Corporation is uncertain.,கூட்டுத்தாபனத்தின் தொடர்ச்சியான நிலைத்திருப்பில் நிச்சயமற்ற தன்மை காணப்படுவது பின்வரும் காரணிகளின் மூலம் அவதானிக்கப்பட்டது.
(b) The total assets to the total liabilities ratio of the Corporation for the year under review and the preceding year were 1.3.,(ஆ) மீளாய்வாண்டின் போதும் முன்னைய ஆண்டின் போதும் கூட்டுத்தாபனத்தின் மொத்த சொத்துக்களுக்கு மொத்தப் பொறுப்புக்கள் விகிதம் 1:3 ஆகக் காணப்பட்டது.
"(c) During the year under review, 497 employees out of a total of 540 employees of the Corporation were voluntarily compensated and retired.",(இ) மீளாய்வாண்டின் போது கூட்டுத்தாபனத்தின் மொத்த ஊழியர் எண்ணிக்கை 540 பேரில் 497 ஊழியர்கள் சுயேட்சையான நட்டஈட்டை வழங்கி ஊழியர்களை ஓய்வடையச் செய்திருந்தனர்.
"(d) Out of the 09 factories owned by the Corporation, only 07 factories are in production at present and the balance 02 factories had been closed down due to the following reasons.",(ஈ) கூட்டுத்தாபனத்திற்கு சொந்தமாகக் காணப்பட்ட 9 தொழிற்சாலைகளில் தற்போது 7 தொழிற்சாலைகள் மாத்திரம் உற்பத்தி நடவடிக்கைகளை மேற்கொண்டிருந்த போதிலும் எஞ்சிய 2 தொழிற்சாலைகளும் பின்வரும் காரணங்களால் மூடப்பட்டிருந்தன.
Year of Closing Down,மூடப்பட்ட ஆண்டு
Reasons for Closing Down,மூடப்படுவதற்கான காரணங்கள்
Oddusuddan,ஒட்டிசுட்டான்
War situation,போர் நிலைமை
Bangadeniya,பங்கதெனியா
Scarcity of Raw Material,மூலப்பொருள் பற்றாக்குறை
4. Accountability and Good Governance,4. வகைக்கூறுதலும்  நல்லாளுகையும்
4.1. Corporate Plan,4.1 கூட்டிணைந்த திட்டம்
A Corporate Plan for the Corporation had not been prepared.,கூட்டுத்தாபனத்திற்காக கூட்டிணைந்த திட்டம் ஒன்று தயாரிக்கப்பட்டிருக்கவில்லை.
4.2. Action Plan,4.2 செயல்நடவடிக்கைத் திட்டம்
The Corporation had not prepared an Action Plan for the year under review.,கூட்டுத்தாபனத்தினால் மீளாய்வாண்டிற்காக செயல்நடவடிக்கைத் திட்டமொன்று தயாரிக்கப்பட்டிருக்கவில்லை.
4.3 Audit Committees,4.3 கணக்காய்வுக் குழு
"According to paragraph 2 of the Treasury Circular No. PF/PS/04(XII) of 28 August 2006, if Audit Committee of the Corporation is not in operation, such Committee should be established and ensure that the Committee meets regularly and take follow up action on the recommendation of the Committee.",2006 ஆகஸ்ட் 28 ஆம் திகதியுடைய மீஎப்/எப்எஸ்/4(XII) ஆம் இலக்க திறைசேரிச் சுற்றறிக்கையின் 2 ஆம் பிரிவின் பிரகாரம் கூட்டுத்தாபனத்தில் கணக்காய்வுக் குழுக் கூட்டங்கள் செயற்படாதுவிடின் அக் குழு உரியபடி தாபிக்கப்பட்டு அவை முறைப்படி கூடப்படுவதனை உறுதிப்படுத்தி அக்குழுவின் பரிந்துரைகளை அமுல்ப்படுத்துவதற்கு பின்தொடர் நடவடிக்கை எடுக்கப்பட வேண்டியிருந்தது.
"Nevertheless, the management of the Corporation had not paid attention to the appointment of the Committee even up to the end of the year under review.","இருந்தபோதிலும், மீளாய்வாண்டின் இறுதிவரையிலும் அக் குழு நியமனம் தொடர்பாக கூட்டுத்தாபன முகாமைத்துவம் நடவடிக்கை எடுத்திருக்கவில்லை."
4.4 Procurement Plan,4.4 பெறுகைத்திட்டம்
The Corporation had not prepared a Procurement Plan for the year under review.,மீளாய்வாண்டிற்காக கொள்வனவுத் திட்டமொன்று கூட்டுத்தாபனத்தினால் தயாரிக்கப்பட்டிருக்கவில்லை.
4.5 Budgetary Control,4.5 பாதீட்டுக் கட்டுப்பாடு
A budget for the year under review had not been prepared.,மீளாய்வாண்டிற்காக பாதீடொன்று தயாரிக்கப்பட்டிருக்கவில்லை.
"As such, the attention of the Corporation had not been paid to making use of a budget as an instrument of management control.","ஆகையால், பாதீடு முகாமைத்துவக் கட்டுப்பாட்டுச் சாதனமாகப் பயன்படுத்தப்படுவது குறித்து கூட்டுத்தாபனம் கவனம் செலுத்தியிருக்கவில்லை."
Deficiencies in systems and controls observed during the course of audit were brought to the notice of the Chairman from time to time.,கணக்காய்வில் அவதானிக்கப்பட்ட முறைகளினதும் கட்டுப்பாடுகளினதும் குறைபாடுகள் அவ்வப்போது பொறுப்புவாய்ந்த அதிகாரியின் கவனத்திற்கு கொண்டுவரப்பட்டிருந்தன.
(b) Utilization of Assets,(ஆ) சொத்துப் பயன்பாடு
(c) Debtors and Creditors Control,(இ) கடன்பட்டோர் மற்றும் கடன்கொடுத்தோர் கட்டுப்பாடு
(d) Staff Management,(ஈ) பதவியணி முகாமைத்துவம்
(e) Achievement of Production Targets,(உ) உற்பத்தி இலக்கை எய்தல்
P. S. No. 2014/286 - Third Instalment - Part I - Funds - Report of the Auditor General 2012,பா.தொ.இல:2014/286  3 ஆவது தொகுதி – பகுதி I – நிதியங்கள் - கணக்காய்வாளர் தலைமையதிபதியின் அறிக்கை – 2012
Construction Guarantee Fund,நிர்மாண உத்தரவாத நிதியம்
1. Financial Statements,1. நிதிக் கூற்றுக்கள்
1.1. Qualified Opinion,1.1.  தராதரமிக்க  அபிப்பிராயம்
"In my opinion, except for the effects of the matters described in paragraph 1.2 of this report, the financial statements give a true and fair view of the financial position of the Construction Guarantee Fund as at 31 December 2012 and its financial performance and cash flows for the year then ended in accordance with generally accepted accounting principles.",இந்த அறிக்கையின் 1.2 ஆம் பந்தியில் தரப்பட்டுள்ளவிடயங்களைத் தவிர்த்து 2012 திசெம்பர் 31 இல் உள்ளவாறான நிர்மாண உத்தரவாத நிதியத்தின் நிதி நிலைமையினையும் அத் திகதியில் முடிவடைந்த ஆண்டிற்கான அதனது நிதிசார் செயலாற்றலினையும் காசுப்பாய்ச்சலினையும் பொதுவாக ஏற்றுக்கொள்ளப்பட்ட கணக்கீட்டு தத்துவங்களுக்கு இணங்க உண்மையாகவும் நியாயமாகவும் தருகின்றன என்பது எனது அபிப்பிராயமாகும்.
(a) A sum of paid to construction service providers during the year under review as encashment of security bonds had been written off against the profit for the year under review instead of being debited to the debtors account in order to recover it from the contractors.,(அ) மீளாய்வாண்டின் போது பணமாக மாற்றிய பிணை முறிகளாக நிர்மாண சேவை வழங்குனர்கள் பேருக்குச் செலுத்தப்பட்ட தொகையினை உரிய  ஒப்பந்தக்காரர்களிடமிருந்து அறவிடுவதற்காக கடன்பட்டோர் கணக்கிற்கு வரவுவைப்பதற்குப் பதிலாக மீளாய்வாண்டின் இலாபத்திற்கு எதிராகப் பதிவழிக்கப்பட்டிருந்தது.
The Chairman had informed that initial action had been taken at present to discuss with the institution relating to the security bonds concerned and to take appropriate subjects for arbitration.,சம்பந்தப்பட்ட பிணைமுறி தொடர்பாக நிறுவனத்துடன் கலந்துரையாடி பொருத்தமான விடயங்களை இணக்கத்திற்கு உட்படுத்துவதற்கு ஆரம்ப நடவடிக்கைகள் எடுக்கப்பட்டுள்ளதாக தவிசாளர் தெரிவித்திருந்தார்.
"(b) Salaries, wages and other allowances totaling paid based on external services had been classified as research and development expenditure instead of being classified as personnel emoluments.","(ஆ) வெளிவாரி சேவைகளின் அடிப்படையில் செலுத்தப்பட்ட கூட்டுமொத்தமான சம்பளங்கள், வேதனங்கள், ஏனைய படிகள் என்பவற்றை ஆளணி வேதனமாக வகைப்படுத்துவதற்குப் பதிலாக ஆராய்ச்சி மற்றும் அபிவிருத்திச் செலவுகளாக வகைப்படுத்தப்பட்டிருந்தது."
"1.2.2. Non-compliance with Laws, Rules, Regulations","1.2.2 சட்டங்கள், விதிகள், பிரமாணங்கள் என்பவற்றுடனான இணக்கமின்மை"
The following non-compliances were observed in audit.,கணக்காய்வில் பின்வரும்  இணக்கமின்மைகள் அவதானிக்கப்பட்டன.
"Reference to Laws, Rules, Regulations etc.","சட்டங்கள், விதிகள், பிரமாணங்கள் முதலியவற்றுக்கான தொடர்பு."
Non-compliance,இணக்கமின்மை
Paragraph 2.2.1 (a) of the Public Enterprises Circular No. PED 12 dated 02 June 2003,2003 யூன் 02 ஆம் திகதியுடைய பீஈடீ  12ஆம் இலக்க பொது முயற்சிகள் சுற்றுநிருபத்தின் 2.2.1(அ) ஆம் பந்தி
Annual Accounts for the years from 2000 to 2011 had not been tabled in Parliament.,2000 ஆம் ஆண்டிலிருந்து 2011 ஆம் ஆண்டு வரையான வருடாந்த கணக்குகள் பாராளுமன்றத்தில் முன்வைக்கப்பட்டிருக்கவில்லை.
Public Enterprises Circular No. PED 38 dated 14 July 2006,2006 யூலை 14 ஆம் திகதியுடைய  பீஈடீ 38 ஆம் இலக்க பொது முயற்சிகள்.
It had not been registered at the Department of Inland Revenue relating to Value Added Tax whereas tax had not been recovered from the officers and remitted under Pay As You Earn Tax.,திணைக்களத்தின் சுற்றுநிருபம் பெறுமதி சேர் வரிக்காக உள்நாட்டு இறைவரித் திணைக்களத்தில் பதிவுசெய்யப்படாதிருந்ததுடன் உழைக்கும் போதே செலுத்தும் வரியின் கீழ் உத்தியோகத்தர்களிடமிருந்து வரி அறவிடப்பட்டு அனுப்பிவைக்கப்பட்டிருக்கவில்லை.
Public Enterprises Circular No. PED 39 dated 09 October 2006.,2006 ஒக்டோபர் 09 ஆம் திகதியுடைய  பீஈடீ 39 ஆம் இலக்க பொது முயற்சிகள் சுற்றுநிருபம்.
Action had been taken to assign a vehicle to a Consultant which was obtained on the basis of monthly hire of.,நிதியத்தின் ஆலோசகருக்கு மாதாந்த வாடகை அடிப்படையில் பெற்றுக்கொள்ளப்பட்டிருந்த ஒரு வாகனத்தினை ஒப்படைப்பதற்கு நடவடிக்கை எடுக்கப்பட்டிருந்தது.
2. Financial Review,2. நிதிசார் மீளாய்வு
2.1. Financial Results,2.1 நிதிசார் விளைவுகள்
The reasons mainly attributed for the increase of the financial results are given below.,நிதிசார் விளைவுகள் அதிகரிப்பதற்கு பின்வரும் காரணங்கள் முக்கியமாகத் தாக்கமளித்திருந்தன.
Item of Income/ Expenditure,வருமான/ செலவு விடயம்
Favourable/ (Adverse) Effect,சாதகமான/ (பாதகமான) தாக்கம்
Rs.,ரூபா.
Increase of income from Surety Bonds,பிணை முறிகளின் வருமானம் அதிகரித்தல்
Increase of income from the Treasury Bills,திறைசேரி உண்டியல் வருமானம் அதிகரித்தல்
Increase of income from Fixed Deposits,நிலையான வைப்பு வருமானம் அதிகரித்தல்
Increase of income from Loan Interest,கடன்வட்டி வருமானம் அதிகரித்தல்
Decrease in write off of Income from Loan Interest,கடன்வட்டி வருமானம் பதிவழித்தல் குறைவடைதல்
Decrease in Over Provision for Doubtful Loans,ஐயக்கடனுக்காக கூடுதலாக ஏற்பாடுசெய்தல் குறைவடைதல்
Decrease in miscellaneous Income,நானாவித வருமானம் குறைவடைதல்
Increase in Salaries and Wages,சம்பளமும் வேதனமும் அதிகரித்தல்
Increase in other Expenditure,ஏனைய செலவுகள் அதிகரித்தல்
3.1. Transactions of Contentious Nature,3.1 சர்ச்சைக்குரிய தன்மையான கொடுக்கல்வாங்கல்கள்
"(a) Even though preparation of financial statements is a normal duty of the Financial Controller, an additional charges amounting to had been paid to the former Financial Controller for preparing financial statements for the year under review.",(அ) நிதிக்கூற்றுக்களைத்  தயாரித்தல் நிதிக்கட்டுப்பாட்டாளரின் வழக்கமான கடமையாக இருந்த போதிலும் மீளாய்வாண்டிற்கான நிதிக்கூற்றுக்களைத் தயாரித்தல் தொடர்பாக தொகையான மேலதிகக் கட்டணம் நிதியத்தின் முன்னாள் நிதிக்கட்டுப்பாட்டாளருக்குச் செலுத்தப்பட்டிருந்தது.
"(b) A sum of had been paid to the Institute of Construction, Training and Development during the year under review in respect of office rent, Value Added Tax and electricity charges for the years 2013 and 2014 without entering into a formal rent agreement.","(ஆ) 2013 மற்றும் 2014 ஆம் ஆண்டுகளுக்கான அலுவலக வாடகை, பெறுமதிசேர் வரி, மின்சாரக் கட்டணம் என்பவற்றிற்காக தொகை நிர்மாணம், பயிற்சி மற்றும் அபிவிருத்தி நிறுவனத்திற்கு முறைப்படியான வாடகை உடன்படிக்கையின்றி மீளாய்வாண்டின் போது செலுத்தப்பட்டது."
"However, action had not been taken to obtain the additional space up to the end of the month of April 2013.","இருந்தபோதிலும், மேலதிக இடப்பரப்பினை 2013 ஏப்ரல் மாதம் இறுதிவரை பெற்றுக்கொள்வதற்கு நடவடிக்கை எடுக்கப்பட்டிருக்கவில்லை."
"(c) A sum of had been paid to an outside individual, who had been selected without following proper procurement procedure, for preparing Corporate Plan for the period 2012 - 2016.",(இ) முறையான கொள்வனவு நடைமுறைகளின்றி தெரிவுசெய்யப்பட்ட வெளி நபர் ஒருவருக்கு 2012-2016 காலப்பகுதிக்கான கூட்டிணைந்த திட்டத்தினைத் தயாரிப்பதற்காக தொகை செலுத்தப்பட்டிருந்தது.
It was not confirmed that action had been taken to review properly and implement this Corporate Plan or to evaluate the performance.,இந்த கூட்டிணைந்த திட்டத்தினை முறைப்படி மீளாய்வு செய்து அமுல்படுத்துவதற்கு அல்லது செயலாற்றலினை மதிப்பீடு செய்வதற்கு நடவடிக்கை எடுக்கப்பட்டிருந்தமை உறுதிப்படுத்தப்படவில்லை.
"However, action had not been taken up to the date of this report to obtain the final report including the above criteria and publish it.","எனினும், அத்தீர்மானத்தினை உள்ளடக்கிய இறுதி அறிக்கை பெற்றுக்கொள்ளப்பட்டு பிரசுரிப்பதற்கு இந்த அறிக்கைத் திகதி வரையும் நடவடிக்கை எடுக்கப்பட்டிருக்கவில்லை."
"Further, fruitfulness of this expenditure had not been confirmed.","மேலும், அச்செலவின் வினைத்திறன் உறுதிப்படுத்தப்பட்டிருக்கவில்லை."
A official receipt had not been obtained for the charges paid to the tourist hotel whereas bills had not been submitted in respect of actual expenditure spent for transport and incidental expenditure.,சுற்றுலா விடுதிக்குச் செலுத்தப்பட்ட
"Even though the entire had been accounted for as expenditure, information relating to the actual amount spent for the workshop, number of persons participated, and fruitfulness of the workshop had not been submitted for audit.","கட்டணத்திற்காக உத்தியோகப்பூர்வ  பற்றுச்சீட்டு பெற்றுக்கொள்ளப்படாதிருந்ததுடன் போக்குவரத்து மற்றும் அமையச் செலவுகளுக்காகச் செலவு செய்யப்பட்ட உள்ளபடியான செலவுகளுக்காக பட்டியல்கள் சமர்ப்பிக்கப்பட்டிருக்கவில்லை.  முழுத்தொகையும் செலவுகளாக கணக்கீடு செய்யப்பட்ட போதிலும் செயலமர்வுகளுக்காகச் செலவிடப்பட்ட உள்ளபடியான பணம், பங்குபற்றியவர்களின் எண்ணிக்கை செயலமர்வின் விளைதிறன் என்பன தொடர்பான தகவல்கள் கணக்காய்விற்குச் சமர்ப்பிக்கப்பட்டிருக்கவில்லை."
(f) The total hire charges paid during the year 2012 for a motor vehicle obtained on the basis of paying monthly hire charges without following proper procurement procedure amounted.,(ஊ) முறைப்படியான கொள்வனவு நடைமுறைகளின்றி மாதாந்தம் வாடகை செலுத்தும் அடிப்படையில் பெற்றுக்கொள்ளப்பட்டிருந்த ஒரு மோட்டார் வாகனத்திற்காக 2012 ஆம் ஆண்டின் போது செலுத்தப்பட்ட மொத்த வாடகை.
"Further, details of monthly running charts relating to utilization of vehicles had not been prepared showing the distance travelled along with the milometer and utilization of fuel.","மேலும்,வாகனத்தினைப் பயன்படுத்துதல் தொடர்பான மீற்றர் இலக்கத்துடனான ஓடிய தூரத்தின் அளவு மற்றும் எரிபொருள் பயன்பாட்டினைக் காட்டும் மாதாந்த ஓட்டக் குறிப்புக்களின் விபரம் என்பன தயாரிக்கப்பட்டிருக்கவில்லை."
"Accordingly, it was unable to assure the fruitfulness of the utilization of vehicles.","ஆகவே,வாகனப் பயன்பாட்டின் விளைதிறனை உறுதிப்படுத்த முடியாதிருந்தது."
3.2. Personnel Administration,3.2 ஆளணி நிர்வாகம்
Cost of personnel for the year under review is given below.,மீளாய்வாண்டிற்கான ஆளணிக் கிரயம் கீழே தரப்படுகின்றது.
The following observations are made relating to this cost of personnel.,இப்பதவியணியினர் கிரயம் தொடர்பாக பின்வரும் அவதானிப்புக்கள் மேற்கொள்ளப்படுகின்றன.
Contract,ஒப்பந்தம்
External Service,வெளிவாரி சேவை
Number of employees,ஊழியர்களின் எண்ணிக்கை
Basic salary,ஆரம்பச் சம்பளம்
Provident Fund,ஊழியர் சேமலாப நிதியம்
Cost of Living Allowance,வாழ்க்கைச் செலவுப் படிகள்
Incentive,ஊக்குவிப்புப் படிகள்
Total Cost,மொத்த கிரயம்
Cost per person,ஒரு நபருக்கான கிரயம்
"(a) Even though all the public enterprises should restructure their organization structures in accordance with the Management Services Circular No. 30 dated 2006 September 22 and in terms of Letter No. PEDPU dated 08 July 2009 of the Department of Public Enterprises and action should have been taken to revise recruitment/ promotion procedure, cadre and salary scales and to obtain the recommendation of the National Salaries and Cadre Commission and approval of the Department of Management Services, action had not been taken accordingly.","(அ) 2009 யூலை 8 ஆம்திகதியுடைய பீஈடீபீயு இலக்க  பொது முயற்சிகள் திணைக்கள கடிதத்தின் பிரகாரம் மற்றும் 2006 செப்தெம்பர் 22 ஆந் திகதிய 30 ஆம் இலக்க முகாமைத்து சேவைகள் திணைக்களத்தின் சுற்றுநிருபத்திற்கு இணங்க அனைத்து அரசாங்க முயற்சிகளினாலும் தமது தாபன கட்டமைப்பை மீளமைக்கப்பட வேண்டியதுடன் ஆட்சேர்ப்பு/ பதவியுயர்வு நடைமுறை, பதவியணியினர், சம்பள அளவுத்திட்டம் என்பவற்றைத் திருத்தம் செய்து தேசிய சம்பளம் மற்றும் பதவியணியினர் ஆணைக்குழுவின் சிபார்சும் முகாமைத்துவ சேவைகள் திணைக்களத்தின் அங்கீகாரமும் பெற்றுக்கொள்வதற்கு நடவடிக்கை எடுக்கப்பட வேண்டிய போதிலும் அதன் பிரகாரம் நடவடிக்கை எடுக்கப்பட்டிருக்கவில்லை."
The Chairman had informed that the Attorney General had given advice stating that it was not necessary to implement the circular relating to staff and the Board of Trustees had taken action according to their discretion under Item 4 of the Deed of Trust.,பதவியணியினர் தொடர்பான சுற்றுநிருபத்தினை அமுல்படுத்த தேவையில்லை என சட்டமா அதிபர் ஆலோசனை வழங்கியுள்ளார் எனவும் நம்பிக்கைப் பொறுப்பு உறுதியின் 4 ஆம் விடயத்தின் கீழ் நம்பிக்கைப் பொறுப்பாளர் சபை தமது தற்றுணிபின் பேரில் நடவடிக்கை எடுத்துள்ளது எனவும் தவிசாளர் தெரிவித்துள்ளார்.
(b) Extension of service period of the staff recruited on contract basis had not been done according to the proper procedure.,(ஆ) ஒப்பந்த அடிப்படையில் சேர்த்துக்கொள்ளப்பட்ட பதவியணியினர் சேவைக் காலத்தினை நீடித்தல் ஒழுங்கான நடைமுறையின் படி இடம்பெற்றிருக்கவில்லை.
(c) Salaries had been paid to the staff recruited on the basis of external services without assessing the performance.,(இ) வெளிவாரி சேவைகளின் அடிப்படையில் சேர்த்துக்கொள்ளப்பட்ட பதவியணியினருக்காக செயலாற்றல் மதிப்பீடு இன்றி சம்பளம் செலுத்தப்பட்டிருந்தது.
4. Deficiencies in Systems and Controls,4. முறைமைகள் மற்றும் கட்டுப்பாடுகளிலுள்ள குறைபாடுகள்
(a) Applications for security bonds had not been documented and the applications which were rejected had not been filed by pointing out the reasons for such rejections.,(அ) பிணைமுறி விண்ணப்ப படிவங்கள் ஆவணப்படுத்தப்படாதிருந்ததுடன் நிராகரிக்கப்பட்ட விண்ணப்ப படிவங்கள் அவ்வாறு நிராகரிக்கப்படுவதற்கான காரணங்களைக் குறிப்பிட்டு கோவை தயாரிக்கப்பட்டிருக்கவில்லை.
"Therefore, reasons for rejection of applications which were rejected had not been subjected to evaluation according to the proper internal control procedure.",அவ்வாறு நிராகரிக்கப்பட்ட விண்ணப்ப படிவங்கள் நிராகரிப்பதற்கான காரணம் என்ன என்பது உரிய உள்ளகக் கட்டுப்பாட்டு நடைமுறையின் பிரகாரம் மதிப்பீட்டிற்கு உட்படுத்தப்பட்டிருக்கவில்லை.
(b) Internal control procedure had not been followed so as to review or carry out technical audit whether action had been taken with proper responsibilities and transparency by the officers who were received and supervised the security bonds for which the service providers applied requesting payments on the basis of unsuccessful contracts.,"(ஆ) ஒப்பந்தம் வெற்றியளிக்காமையின் அடிப்படையில் பணம் செலுத்தப்பட்டது போல சேவை வழங்குனரினால் வேண்டப்படுகின்ற பிணைமுறிகள், வழங்கப்பட்ட மற்றும் மேற்பார்வை செய்யப்பட்ட உத்தியோகத்தர்களினால் வெளிப்படைத்தன்மையுடன் உரிய பொறுப்புக்களுடன் நடவடிக்கை எடுக்கப்பட்டதா என்பதனை புலனாய்வு செய்வதற்கு அல்லது தொழில்நுட்ப கணக்காய்வினை மேற்கொள்வதற்கு அல்லது முடியுமான அளவில் உள்ளகக் கட்டுப்பாட்டு நடைமுறை கடைப்பிடிக்கப்பட்டிருக்கவில்லை."
The Chairman informed that the failure of contracts so far while granting security bond by the Institution had been limited up to 0.14 per cent even though the minimum percentage of internationally accepted tendency for failure of contracts was from 0.8 per cent to 1 per cent.,ஒப்பந்தம் வெற்றியளிக்காமையின் போக்கானது சர்வதேச ஏற்றுக்கொள்ளலின் ஆகக்குறைந்த அளவான நூற்றுக்கு 0.8 இலிருந்து நூற்றுக்கு 1 வரையான சதவீதமாக இருந்த போதிலும் இது வரை நிறுவனத்தின் மூலம் பிணைகள் வழங்கும் போது ஒப்பந்தம் வெற்றியளிக்காமை நூற்றுக்கு 0.14 சதவீதத்திற்கு மட்டுப்படுத்தப்பட்டிருந்ததாக தலைவர் தெரிவித்திருந்தார்.
(c) The control of petty cash imprest had not been formalized due to the following matters.,(இ) பின்வரும் விடயங்களின் காரணமாக சில்லறைக்காசு கட்டுநிதிக் கட்டுப்பாடு முறைப்படியாக இருக்கவில்லை.
(i) Action had not been taken to maintain a register of petty cash imprest or to carry out adequate supervision for the year under review.,(I) மீளாய்வாண்டிற்காக சில்லறைக் காசு கட்டுநிதிப் பதிவேட்டினைப் பேணுவதற்கு அல்லது போதியளவில் மேற்பார்வையினை மேற்கொள்வதற்கு நடவடிக்கை எடுக்கப்பட்டிருக்கவில்லை.
"(ii) Out of the petty cash imprest amounting to retained during the year under review, a balance exceeding had been retained continuously as cash in hand.",(II) மீளாய்வாண்டின் போது வைக்கப்பட்டிருந்த தொகையானசில்லறைக் காசு கட்டுநிதியிலிருந்து இற்கு மேற்பட்ட மீதி கையிலுள்ள காசாக வைக்கப்பட்டிருந்தது.
"(iii) Even though there were unusual delays in settlement of advances, supervision had not been carried out in this regard.",(III) முற்பணங்களைத் தீர்த்துவைப்பதில் வழமைக்கு மாறான தாமதங்கள் காணப்பட்ட போதிலும் அது தொடர்பான மேற்பார்வை இடம்பெற்றிருக்க வில்லை.
P. S. No. 2014/311 Third Instalment - Part III - Funds - Report of the Auditor General 2012,பா.தொ.இல:2014/311  மூன்றாவது தொகுதி – பகுதி III – நிதியங்கள் - கணக்காய்வாளர் தலைமையதிபதியின் அறிக்கை  2012
Customs Officers Reward Fund - 2012,சுங்க உத்தியோகத்தர்களது வெகுமதி நிதியம் - 2012
1.1. Opinion,1.1 கருத்து
"In my opinion, except for the effect of the matter described in paragraph 1.2 of this report, the financial statements give a true and fair view of the financial position of the Customs Officers Reward Fund as at 31 December 2012 and its financial performance and cash flows for the year then ended in accordance with Generally Accepted Accounting Principles.",நிதிக்கூற்றுக்களிலிருந்து 2012 திசெம்பர் 31 இல் உள்ளவாறான சுங்க உத்தியோகத்தர்களது வெகுமதி நிதியத்தின் நிதி நிலைமையினையும் அத்திகதியில் முடிவடைந்த ஆண்டிற்கான அதனது நிதிசார் செயலாற்றலினையும் காசுப்பாய்ச்சலினையும் பொதுவாக ஏற்றுக்கொள்ளப்பட்ட கணக்கீட்டு தத்துவங்களுக்கு இணங்க உண்மையாகவும் நியாயமாகவும் தருகின்றது என்பது எனது அபிப்பிராயமாகும்.
1.2.1. Lack of Evidence for Audit,1.2.1 கணக்காய்விற்கான சான்றுகள் இன்மை
3.1. Performance,3.1  செயலாற்றல்
"A 50 per cent portion of the Government tax revenue, penalties imposed, confiscated money, and proceeds of the sale of confiscated goods, etc. imposed on illegal actions such as the Customs tax frauds, illegal imports, breach of regulations on import control detected by the Customs Officers are credited to this Fund for the payment of rewards of the officers and the informants.","சுங்க வரி மோசடிகள், சட்டவிரோதமான இறக்குமதிகள் மற்றும் இறக்குமதிக் கட்டுப்பாட்டு ஒழுங்குவிதிகளை மீறல் போன்ற சட்டவிரோதமான செயற்பாடுகள் சுங்க உத்தியோகத்தர்களினால் கண்டுபிடிக்கப்படும் சந்தர்ப்பங்களில் அறவிடப்படும் அரசாங்க வரி வருமானம், விதிக்கப்படும் தண்டனைத் தொகை, அரசுடமையாக்கப்பட்ட பணம் மற்றும் அரசுடமையாக்கப்பட்ட பொருட்களை விற்றமையினால் கிடைக்கப்பெற்ற பணம் முதலியவற்றில் இருந்து 50 சதவீதமான பங்கு உத்தியோகத்தர்களுக்கும் தகவல் தெரிவிப்பவர்களுக்கும் வெகுமதியாக வழங்குவதற்காக இந்நிதியத்திற்கு செலவு வைக்கப்படுகின்றது."
"According to the information furnished, the particulars of income, expenditure, and the net operating results for the year ended 31 December 2012 and the 6 preceding years are given below.","சமர்ப்பிக்கப்பட்ட தகவல்களின் பிரகாரம்,  2012 திசெம்பர் 31 ஆம் திகதியில் முடிவுற்ற ஆண்டு மற்றும் முன்னைய ஆறு ஆண்டுகளுக்கு உரித்தான நிதியத்தின் வருமானம், செலவினம் மற்றும் தேறிய செயற்பாட்டு விளைவுகள் தொடர்பான தகவல்கள் கீழே காட்டப்பட்டுள்ளன."
Income,வருமானம்
Expenditure,செலவினம்
Total Expenditure Surplus/ (Deficit),மொத்த செலவினம் மிகை/ (பற்றாக்குறை)
Payments to Officers,உத்தியோகத்தர்களுக்குக்கான  கொடுப்பனவுகள்
Payments to Informants,தகவல் தெரிவிப்பவர்களுக்கான  கொடுப்பனவுகள்
Withholding Tax/ Department of Inland Revenue,பிடித்து வைத்தல் வரி/ உள்நாட்டு இறைவரி திணைக்களம்
Others,ஏனையவை
The money not collected by the officers from the lists of rewards issued by the Department from time to time is credited to this account.,அவ்வப்போது திணைக்களத்தால் வழங்கப்பட்ட வெகுமதிப் பட்டியலில் இருந்து உரிய வெகுமதித் தொகையை பெற்றுக்கொள்ளாத உத்தியோகத்தர்களின் பணம் இக்கணக்கிற்கு மாற்றப்படுகின்றது.
"When those officers make subsequent claims for the money, such payments are debited to this account.",அவ்வாறு அந்த உத்தியோகத்தர்களுக்குரிய பணத்தை மீளக்கோரப்படும் சந்தர்ப்பத்தின் போது உரிய கொடுப்பனவு இக்கணக்கிற்கு வரவு வைக்கப்படும்.
"Nevertheless, it was observed that proper steps had not been taken on the unsettled amounts remaining over long periods relating to the re-deposited rewards.","எவ்வாறாயினும், மீள் வைப்புக்கள் வெகுமதி நிதியக் கணக்கின் மீதி பல வருட காலமாக திரண்டு முன்கொண்டுவரப்பட்ட மீதியாக அவதானிக்கப்பட்டதுடன் அந்த முன்கொண்டுவரப்பட்ட மீள் வைப்புக்கள் வெகுமதி நிதியங்களிற்குரிய நீண்ட காலமாக தீர்க்கப்படாதவைக்காக முறையான படிமுறைகள் எடுக்கப்படாதிருந்தமையும் அவதானிக்கப்பட்டது."
3.2. Transactions of Contentious Nature,3.2 சர்ச்சைக்குரிய தன்மையிலான கொடுக்கல்வாங்கல்கள்
(a) Sri Lanka Customs had not taken the instructors of the Commissioner General of Inland Revenues into consideration in deducting the Pay As You Earn Tax on the rewards paid to the officers.,(அ) உத்தியோகத்தர்களுக்குச் செலுத்தப்படுகின்ற வெகுமதி நிதியத்திற்காக உழைக்கும் போது செலுத்தும் வரி கழிக்கும் போது இலங்கை சுங்கத்தினால் உள்நாட்டு இறைவரி ஆணையாளரின் அறிவுரைகள் கவனத்திற்கு எடுக்கப்பட்டிருக்கவில்லை.
"Actions had been taken by considering the rewards paid as one off payment, but in the cases of payment in several instances, those had not been accumulated and the final amount of tax that should be charged had not been computed.",உத்தியோகத்தர்களுக்குச் செலுத்தப்படுகின்ற வெகுமதிப் பணம் ஒரே தடவையில் செலுத்தப்படுகின்ற கொடுப்பனவாகக் கருதி நடவடிக்கை எடுக்கப்படாதிருந்த போதிலும் சில சந்தர்ப்பங்களின் போது செலுத்தப்படுகின்ற கொடுப்பனவுகள் திரட்டப்பட்டு இறுதியாக அறவிட வேண்டிய வரிக் கணப்பீடு மேற்கொள்ளப்பட்டிருக்கவில்லை.
A large amount of tax revenue receivable by the Government had been deprived of to the Government due to the separate computation of the Pay As You Earn Tax and recovering only the relevant amount of that payment in the case of payment of rewards in several instances.,பல்வேறு சந்தர்ப்பங்களில் செலுத்தப்படுகின்ற வெகுமதி நிதிக்காக தனித்தனியாக உழைக்கும் போதான வரி கணிக்கப்பட்டு அதற்குரிய பங்கு மாத்திரம் அறவிடப்பட்ட காரணத்தினால் பாரியளவில் அரசாங்கத்திற்குக் கிடைக்க வேண்டிய வரி வருமானம் இழக்கப்பட்டிருந்தது.
The unavailability of a proper procedure for the accurate computation of the tax to the Government from the Customs officers receiving a number of allowances is a contentious matter.,பல்வேறு படிகளைப் பெறுகின்ற சுங்க  உத்தியோகத்தர்களிடமிருந்து அரசாங்கத்திற்கு அறவிட வேண்டிய வரித்தொகையை  சரியாக கணிப்பதற்கான வேலைத்திட்டமொன்று ஈடுபடுத்தப்படாமை சர்ச்சைக்குரிய விடயமாகும்.
"(b) In terms of the section 153(2) of the Customs (Amendment) Act, No. 83 of 1988, regulations have been made in such manner to enable the allocation of 50 per cent of the balance of fines income for the Reward Fund once all expenses are deducted and to distribute them to officers and informants as gifts.",(ஆ) 1988 இன் 83 ஆம் இலக்க சுங்க (திருத்திய) அதிகாரச்சட்டத்தின் 153(2) ஆம் பிரிவின் பிரகாரம் தண்டனை வருமானத்தில் ஏற்க வேண்டிய சகல செலவினம் கழிக்கப்பட்டதை அடுத்து மிகுதித் தொகையில் 50  சதவீதம் வெகுமதி நிதியத்திற்கு ஒதுக்கப்பட்டு உத்தியோகத்தர்களுக்கும்  தகவல் தெரிவிப்பவர்களுக்கும்  இடையே வெகுமதியாக பகிர்ந்தளிக்கக் கூடியவகையில் ஒழுங்குவிதிகள் வகுக்கப்பட்டிருந்தன.
"Accordingly, though the overtime paid from the Fund to all officers who conducted the investigation should be deducted from the fines income, it had not been so done and brought to account as an expenditure of the Customs Overtime Fund.","அதன் பிரகாரம், புலனாய்வு நடவடிக்கைகளை மேற்கொள்ளும் சகல உத்தியோகத்தர்களுக்கும் அக்காலத்திற்காக சுங்க மேலதிக நேரக் கொடுப்பனவு நிதியத்தினால் செலுத்தப்பட்டிருந்த மேலதிக நேரக் கொடுப்பனவு இவ்வாறு தண்டப்பண வருமானத்தில் இருந்து கழிக்கப்பட வேண்டிய போதிலும், அவ்வாறு செய்யப்படாது மேலதிக நேரக் கொடுப்பனவை நிதியத்தின் செலவினமாக கணக்கீடு செய்யப்பட்டிருந்தது."
"As records of the overtime cost on the investigations had not been separately maintained, the overtime cost incurred on investigations could not be computed.",அவ்வாறே புலனாய்வு நடவடிக்கைகளுக்காக செலவிடப்பட்ட மேலதிக நேரத்திற்கான கிரயம் தொடர்பான வேறாக அறிக்கை பேணப்பட்டிராமையால் புலனாய்வு நடவடிக்கைகளுக்காக செலவிடப்பட்டிருந்த மேலதிக நேரக் கிரயத்தினை கணிப்பிட முடியாதிருந்தது.
"(c) According to the prevailing Customs Rewards Scheme, the payment of rewards to the officers is not made only from the fines imposed on the parties involved in Customs Duty frauds, but also from 50 per cent of the tax receivable by the Government from those parties.",(இ) தற்போது காணப்படுகின்ற சுங்க வெகுமதித் திட்டத்தின் பிரகாரம் உத்தியோகத்தர்களுக்கு சுங்க மோசடிகளுக்கு உள்ளாகின்ற தரப்பினருக்கு விதிக்கப்படுகின்ற தண்டப்பணத்தில் மாத்திரமல்லாமல்  அத்தரப்பினர்களிடமிருந்து அரசாங்கத்திற்கு அறவிடவேண்டிய பணத்திலும் ஐம்பது சதவீதப் (50%) பகுதியையும் உள்ளடங்கும்.
"Therefore, the responsible parties have not paid their attention to the contribution for the protection of the public Revenue.","ஆகையினால், அரசாங்க வருமானத்தைப் பாதுகாப்பதற்காக மேற்கொள்ளப்பட வேண்டிய பங்களிப்பு தொடர்பாக பொறுப்புவாய்ந்த தரப்பினர்கள் கவனம் செலுத்தியிருக்கவில்லை."
(d) It has been pointed out from time to time in the audit that there have been numerous instances where Customs officers have been rewarded with tax revenues and penalties levied from various parties without special customs investigation.,(ஈ) விசேட சுங்கப் புலனாய்வுகளின்றி பல்வேறு தரப்பினர்களிடமிருந்தும் அறவிடப்பட்ட வரி வருமானம் மற்றும் தண்டப் பணங்களிலிருந்து சுங்க உத்தியோகத்தர்களுக்கு வெகுமதிகளைச் செலுத்திய சந்தர்ப்பங்கள் அனேகமாகக் காணப்படுகின்றமை கணக்காய்வின் போது அவ்வப்போது சுட்டிக்காட்டப்பட்டிருந்தது.
"Therefore, such heavy expenditure incurred by the Fuel Fund for the Departmental fuel expenditure under such circumstances is a contentious matter in the audit.","ஆகையினால், திணைக்களத்தின் எரிபொருள் செலவினங்களுக்காக இவ்வாறு பாரிய தொகையை எரிபொருள் நிதியத்தால் ஏற்கப்படுவது கணக்காய்வின் போது சர்ச்சைக்குரிய விடயமாக இருந்தது."
4.1. Budgetary Control,4.1 பாதீட்டுக் கட்டுப்பாடு
"Significant variances were observed between the budgeted and the actual income and expenditure for the year under review, thus indicating that the budget had not been made use of as an effective instrument of control.",மீளாய்வாண்டில் பாதிடப்பட்ட மற்றும் உள்ளவாறான வருமானம் மற்றும் செலவினத்திற்கிடையேயும் முரண்கள் அவதானிக்கப்பட்டமையால் பாதீடு சிறந்த முகாமைத்துவக் கட்டுப்பாட்டுக் கருவியாக பயன்படுத்தப்பட்டிருக்காமை அவதானிக்கப்பட்டது.
Deficiencies observed during the course of the audit were brought to the notice of the Director General of Customs from time to time.,கணக்காய்வின் போது அவதானிக்கப்பட்ட குறைபாடுகள் அவ்வப்போது சுங்கப் பணிப்பாளர் நாயகத்தின் கவனத்திற்குக் கொண்டுவரப்பட்டது.
Special attention is needed in respect of the following areas of control.,பின்வரும் கட்டுப்பாட்டு அம்சங்கள் தொடர்பாக விசேட கவனம் கோரப்படுகின்றது.
(a) Accounting,(ஆ) கணக்கீடு
(b) Distribution of Rewards and Expenditure Control,(ஆ) வெகுமதிப் பண பகிர்வும் செலவினக் கட்டுப்பாடும்
P. S. No. 2014/317 Third Instalment - Part IV - Funds - Report of the Auditor General 2012,பா.தொ.இல:2014/349  3 ஆவது தொகுதி – பகுதி IV – நிதியங்கள் - கணக்காய்வாளர் தலைமையதிபதியின் அறிக்கை – 2012
Customs Overtime and Cargo Examination Fees Fund - 2012,சுங்க மேலதிக நேர மற்றும் கப்பல் சரக்குப் பரீட்சிப்புக் கட்டண நிதியம் - 2012
1.1. Qualified Opinion,1.1 தகைமைபெற்ற கருத்து
"In my opinion, except for the effects of the matters described in paragraph 1.2 of this report, the financial statements give a true and fair view of the financial position of the Customs Overtime and Cargo Examination Fees Fund as at 31 December 2012 and its financial performance and cash flows for the year then ended in accordance with Generally Accepted Accounting Principles.",இந்த அறிக்கையின் 1.2 ஆம் பந்தியில் காட்டப்பட்டுள்ள விடயங்களின் தாக்கத்தினைத் தவிர்த்து சுங்க மேலதிக நேர மற்றும் கப்பல் சரக்குப் பரீட்சிப்புக் கட்டண நிதியத்தின்  2012 திசெம்பர் 31 இல்  இல் உள்ளவாறான நிதி நிலைமையினையும் அத்திகதியில் முடிவடைந்த ஆண்டிற்கான அதனது நிதிசார் செயலாற்றலினையும் காசுப்பாய்ச்சலினையும் பொதுவாக ஏற்றுக்கொள்ளப்பட்ட கணக்கீட்டுத் தத்துவங்களுக்கு இணங்க நிதிக்கூற்றுக்கள் உண்மையாகவும் நியாயமாகவும் தருகின்றது என்பது எனது அபிப்பிராயமாகும்.
1.2.1.  Presentation of Financial Statements,1.2.1. நிதிக்கூற்றுக்களைச் சமர்ப்பித்தல்
1.2.2. Unidentified Transactions,1.2.2 இனங்காணப்படாத கொடுக்கல் வாங்கல்கள்
This had been continuously pointed out in the audit reports for the years 2008 to 2011.,இது தொடர்பாக 2008 முதல் 2011 ஆம் ஆண்டு வரை தொடர்ச்சியாக கணக்காய்வு அறிக்கைகளின் மூலமும் சுட்டிக்காட்டப்பட்டிருந்தன.
"Though the Director General of Customs stated that action will be taken to rectify that in the subsequent year, no action had been taken even during the year 2012 to settle the matter.",அது தொடர்பாக அடுத்த ஆண்டில் சீராக்குவதற்கான நடவடிக்கை எடுப்பதாக சுங்கப் பணிப்பாளர் நாயகம்  தெரிவித்திருந்த போதிலும் 2012 ஆம் ஆண்டிலும் அதனை  சீராக்குவதற்கான நடவடிக்கை எடுக்கப்பட்டிருக்கவில்லை.
1.2.3. Accounts Receivable,1.2.3 பெறவேண்டிய கணக்குகள்
Adequate provisions for bad debts had not been made for those balances that were uncertain to recover.,அறவீடுகள் நிச்சயமற்ற நிலையில் இருந்த அம்மீதிகளுக்காக போதிய அறவிடமுடியாக் கடன் ஏற்பாடுகள் மேற்கொள்ளப்பட்டிருக்கவில்லை.
A formal course of action had not been taken even during the year under review for the recovery of the money from the debtors existing for more than 07 years.,7 ஆண்டுகளுக்கும் மேற்பட்ட  காலப்பகுதியிலிருந்து காணப்படுகின்ற கடன்பட்டோரிடமிருந்து குறித்த தொகையை அறவிடுவதற்காக நடப்பாண்டிலும் முறையான நடவடிக்கைகள் எடுக்கப்பட்டிருக்கவில்லை.
"Similarly, action had not been taken to ascertain the existence of certain institution shown as debtors.","அவ்வாறே, கடன்பட்டோராகக் காட்டப்பட்டிருந்த சில நிறுவனங்களின் உள்ளமை தொடர்பாக ஆராய்ந்து பார்க்கப்படவும் இல்லை."
Attention had not been paid to the possibility of identifying and settling those balances.,அந்த மீதியினை இனங்கண்டு தீர்த்து வைப்பது தொடர்பாகக் கவனம் செலுத்தப்பட்டிருக்கவில்லை.
(c) Security deposits had not been obtained in connection with certain debtors' balances.,(இ) சில கடன்பட்டோர் மீதிகளுக்குரிய பிணை வைப்புக்கள் பெறப்பட்டிருக்கவில்லை.
1.2.4. Special Deposits and Investments,1.2.4 விசேட வைப்புக்களும் முதலீடுகளும்
The following observations are made in this connection.,இது தொடர்பாக பின்வரும் அவதானிப்புக்கள் மேற்கொள்ளப்படுகின்றன.
(a) The documentary information in support of the purpose of obtaining the deposits had not been furnished to audit.,(அ) வைப்புக்களைப் பெற்றுக்கொள்வதற்கு காரணியாக இருந்த நோக்கங்கள் தொடர்பாக எழுத்து மூலத் தகவல்கள் கணக்காய்விற்குச் சமர்ப்பிக்கப்பட்டிருக்கவில்லை.
(b) Action had not been taken to find out whether the depository institutions are in existence and those deposits had not been confirmed as refundable deposits.,(ஆ) வைப்புக்கள் பெறப்பட்ட நிறுவனங்களின் உளமை தொடர்பாக ஆராய்ந்து பார்ப்பதற்கான நடவடிக்கை எடுக்கப்பட்டிராததுடன் அவ் வைப்புக்கள் மீளச் செலுத்தப்பட வேண்டியவையா என்பதும் உறுதிப்படுத்தப்படவில்லை.
"(c) As this money had been invested in saving accounts over a long period, a very low interest had been earned and attention had not been paid to deploy the money in other suitable investments.",(இ) பல வருட காலமாக இப்பணம் சேமிப்புக் கணக்குகளில் முதலீடு செய்யப்பட்டிருந்த காரணத்தினால் மிகவும் குறைவான வட்டி வருமானம் உழைக்கப்பட்டிருந்ததுடன் உரிய பணம் ஏனைய பொருத்தமான முதலீடுகளில் ஈடுபடுத்துவதற்காக கவனம் செலுத்தப்பட்டிருக்கவில்லை.
1.2.5. Lack of Evidence for Audit,1.2.5 கணக்காய்விற்கான சான்றுகளின்மை
Evidence indicated against the following items had not been furnished to audit.,பின்வரும் விடயங்கள் அவற்றிற்கு முன்னால் காண்பிக்கப்பட்ட சான்றுகள் கணக்காய்விற்குச் சமர்ப்பிக்கப்பட்டிருக்கவில்லை.
Item,விடயம்
Amount,தொகை
Evidence not made available,சமர்ப்பிக்கப்படாத சான்றுகள்
Sundry Debtors,சில்லறைக் கடன்பட்டோர்
Confirmation of Balances relating to outstanding debts of 158 institutions,158 நிறுவனங்களில் நிலுவையாகக் காணப்பட்ட கடன்பட்டோர் மீதிகளுக்கு உரித்தான மீதி  உறுதிப்படுத்தல்கள்
Eight Items of Accounts,எட்டு கணக்கு விடயங்கள்
"1.2.6. Non-compliance with Laws, Rules, Regulations and Management Decisions","1.2.6 சட்டங்கள், விதிகள், பிரமாணங்கள் மற்றும் முகாமைத்துவத் தீர்மானங்கள் என்பவற்றுடன் இணங்காமை"
"Reference to Laws, Rules, Regulations and Management Decision","சட்டங்கள், விதிகள், பிரமாணங்கள் மற்றும் முகாமைத்துவத் தீர்மானங்கள் என்பவற்றுடனான தொடர்பு"
(a) Financial Regulations,(அ) நிதிப் பிரமாணம்
Financial Regulation 175(2),நிதிப் பிரமாணம் 175(2)
Action for recovery of arrears amounting to as at 31 December 2012 had not been taken.,2012 திசெம்பர் 31 ஆம் திகதியில் உள்ளவாறு நிலுவைத் தொகையை அறவிடுவதற்கான நடவடிக்கை எடுக்கப்பட்டிருக்கவில்லை.
(b) Public Administration Circular No. 9/2009 of 16 April 2009 and the Sri Lanka Customs Circular No. 01/2010 of 19 February 2010,(ஆ) 2009 ஏப்ரல் 16 ஆம் திகதியுடைய 9/2009 ஆம் இலக்க பொது நிர்வாக சுற்றறிக்கை மற்றும் 2010 பெப்ரவரி 19 ஆம் 01/2010 ஆம் இலக்க இலங்கை சுங்க திணைக்களத்தின் சுற்றறிக்கை
"Even though the punch card machines had been introduced by Sri Lanka Customs, none of the officers of Sri Lanka Customs had used the punch card machine during the year under review and no action whatsoever had been taken in that connection.","இலங்கை சுங்கத்தினால் நேரப் பதிவு இயந்திரம் அறிமுகப்படுத்தப்பட்டிருந்த போதிலும், மீளாய்வாண்டின் போது இலங்கை சுங்கத் திணைக்களத்தின் எந்த உத்தியோகத்தரும் நேரப் பதிவு இயந்திரத்தைப் பயன்படுத்தியிராததுடன் அது தொடர்பாக எந்த நடவடிக்கையும் எடுக்கப்பட்டிருக்கவில்லை."
1.2.7. Transactions not Supported by Authority,1.2.7 அதிகார பலத்தினால் உறுதிப்படுத்தப்படாத கொடுக்கல்வாங்கல்கள்
Internal regulations had been made for enabling the Customs Officers to claim overtime exceeding 600 hours per month at 12 to 27 hours per day and the formal approval obtained for that had not been furnished to audit.,இலங்கை சுங்கத்தின் உத்தியோகத்தர்களக்கு நாளொன்றிற்கு  12 முதல் 27 மணித்தியாலங்கள் வரையான காலப்பகுதிக்காக மாதமொன்றிற்கு 600 மணித்தியாலங்களை மிகைத்து மேலதிக கொடுப்பனவுகள் கிடைக்கப்பெறும் வகையில் முறையற்ற விதத்தில் உள்ளகப் பிரமாணங்கள் ஏற்படுத்தப்பட்டிருந்ததுடன் இதற்காகப் பெறப்பட்ட அங்கீகாரம் கணக்காய்விற்காக வழங்கப்பட்டிருக்கவில்லை.
This deterioration had been mainly due to the decrease of the income of the Fund by 2.7 per cent and the increase of the expenditure by 2.4 per cent as compared with the preceding year.,முன்னைய ஆண்டுடன் ஒப்பிடும் போது நிதியத்தின் வருமானம் 2.7 சதவீதத்தினால் குறைவடைந்தமையும் செலவினங்கள் 2.4 சதவீதத்தினால் அதிகரித்தமையும் இவ்வீழ்ச்சிக்கு பிரதானமாகத் தாக்கமளித்திருந்தது.
(a) Overtime Fund,(அ) மேலதிக நேர நிதியம்
The money collected as overtime from the external clearance centres and the other institutions to defray the expenditure incurred in the performance of duties during the time in addition to the normal duty times of the Customs Officers and for the performance of duties on the dates in which the Customs is closed for duties is credited to this Fund and the payments made to the customs staff for such overtime service performed are considered as the expenditure of the Fund.,சுங்க உத்தியோகத்தர்களின் வழமையான கடமைநேரத்திற்கு மேலதிக காலத்தின் போதும் கடமைக்காக சுங்கம் மூடப்பட்டிருக்கும் நாட்களில் கடமைகளை மேற்கொள்வதற்காக செலவிடப்படும் செலவினத்தை ஈடு செய்வதற்கு வெளியிலுள்ள பகிர்வு நிலையங்கள் மற்றும் ஏனைய நிறுவகங்களில் மேலதிக நேரமாக அறவிடப்படும் பணம் இந் நிதியத்திற்கு செலவு வைக்கப்படுவதுடன் இதில் மேலதிக நேர சேவைகளுக்காக சுங்கப் பதவியணியினருக்கு மேற்கொள்ளப்படும் கொடுப்பனவுகள் இந் நிதியத்தின் செலவினமாக கருதப்படும்.
An analysis of the financial results of the Overtime Fund for the year ended 31 December 2012 and the 09 preceding years is given below.,2012 திசெம்பர் 31 இல் முடிவுற்ற ஆண்டு மற்றும் முன்னைய 09 ஆண்டுகளுக்கு உரிய மேலதிக நேர நிதியத்தின் நிதி விளைவுகள் தொடர்பான பகுப்பாய்வு கீழே காண்பிக்கப்படுகின்றது.
3.2. Transactions of Contentious Nature,3.2 சர்ச்சைக்குரிய தன்மையிலான கொடுக்கல் வாங்கல்கள்
(a) The contentious nature of the overtime payment process of Sri Lanka Customs was continuously pointed out in the previous years' audit reports and overtime had been paid in an unrealistic manner even during the year under review.,(அ) இலங்கை சுங்கத்தின் மேலதிக நேரக் கொடுப்பனவு நடைமுறைகள் சர்ச்சைக்குரிய தன்மையில் இருந்தமை முன்னைய ஆண்டுகளின் கணக்காய்வாளர் தலைமை அதிபதியின் அறிக்ககைளின் மூலம் சுட்டிக் காட்டப்பட்டிருந்ததுடன் மீளாய்வாண்டின் போதும் பொருத்தமற்ற வகையில் மேலதிக நேரக் கொடுப்பனவுக் மேற்கொள்ளப்பட்டிருந்தது.
A sample audit check relating to 06 officers of the Export Division for the three months from January to March 2012 revealed that each officer had been on overtime duty in the ranges of 600 hours to 663 hours in each of the three months.,2012 சனவரி முதல் மார்ச் வரையான 03 மாத காலப்பகுதியில் இறக்குமதிப் பிரிவில் 06 உத்தியோகத்தர்கள் தொடர்பாக மேற்கொள்ளப்பட்ட தெரிவுக் கணக்காய்வுப் பரிசோதனையின் போது ஒவ்வொரு மாதத்திற்காகவும் சகல உத்தியோகத்தர்களுக்கும் 600 மணித்தியாலங்கள் முதல் 663  மணித்தியாலங்கள் வரையான வீச்சில் மேலதிக நேர சேவையில் ஈடுபடுத்தப்பட்டிருந்தனர்.
"Further, the average overtime duty of these officers per day per officer had exceeded 20 hours.","மேலும், இந்த உத்தியோகத்தர்கள் மாதத்தின் சகல நாட்களிலும் செய்கின்ற மேலதிக நேரத்தின் அளவு சராசரியாக நாளொன்றிற்கு 20 மணித்தியாலத்தை விஞ்சியிருந்தது."
(b) Those officers had been paid cargo examination fees in an unusual manner in respect of the period for which the above overtime had been paid.,(ஆ) மேற்கூறப்பட்டதன் பிரகாரம் மேலதிக நேரக் கொடுப்பனவு மேற்கொள்ளப்பட்ட காலப்பகுதிகளுக்காகவும் அந்த உத்தியோகத்தர்களுக்கு கப்பல் சரக்குப் பரீட்சிப்புக் கட்டணமும் அசாதாரணமான முறையில் கொடுப்பனவு செய்யப்பட்டிருந்தது.
"(c) Even though requests were made to produce the documents to audit in support of the payment of cargo examination fees relating to the Bonds and Baggage Division during February to April 2012, such information was not produced even up to October 2013.",(இ) பிணைமுறிகள் மற்றும் பிரயாணப் பொதிகள் போன்ற பிரிவுகளில் 2012 பெப்ரவரி மாதம் முதல் ஏப்ரல் வரையான மாதங்களில் கப்பல் சரக்குப் பரீட்சிப்புக் கட்டணக் கொடுப்பனவுகளை உறுதிப்படுத்தும் ஆவணங்கள் கணக்காய்விற்கு சமர்ப்பிக்கப்பட வேண்டுமென சுட்டிக்காட்டப்பட்டிருந்த போதிலும் 2013 ஒக்தோபர் வரை உரிய தகவல்கள் சமர்ப்பிக்கப்பட்டிருக்கவில்லை.
"Though it was reported that the information relating to the Exports Division for the years 2008 and 2009 had been deleted, such information for the year 2010 and 2011 had not been also produced to audit.",2008 ஆம் 2009 ஆம் ஆண்டுகளில் இறக்குமதிப் பிரிவிற்குரிய  தகவல்கள்  கணனியில் இருந்து அழிந்ததாக அறிக்கையிடப்பட்டிருந்ததுடன் 2010 மற்றும் 2011 ஆம் ஆண்டுகளின் போதும் இந்த தகவல்கள் சமர்ப்பிக்கப்பட்டிருக்கவில்லை.
"(d) The above overtime and cargo examination fees had been paid in addition to the monthly salaries, incentives, and rewards paid to the officers.","(ஈ) மேற்கூறப்பட்டதன் பிரகாரம் உத்தியோகத்தர்களின் மாதாந்த சம்பளம், ஊக்குவிப்புக் கொடுப்பனவு மற்றும் வெகுமதித் தொகை என்பவற்றிற்கு மேலதிகமாகவே மேலதிக நேரப் படிகள் மற்றும் கப்பல் சரக்குப் பரீட்சிப்புக் கட்டணக் கொடுப்பனவுகள் என்பன செலுத்தப்பட்டிருந்தன."
The overtime earnings of most officers had exceeded their consolidated salaries.,அநேகமான உத்தியோகத்தர்களின் மேலதிக நேர உழைப்பு மாதாந்த திரட்டிய சம்பளத்திற்கு மேற்பட்டே காணப்பட்டது.
These payments made to the officers on the basis on being on duty throughout the year without obtaining leave is an unrealistic situation.,அநேகமான உத்தியோகத்தர்கள் வருடம் முழுவதும் விடுமுறை பெற்றுக் கொள்ளாமல் சேவையாற்றியதன் அடிப்படையில் கொடுப்பனவு செய்யப்பட்டிருந்ததுடன் அது சாத்தியமற்றதாகும்.
(e) Even though the outdated regulations on overtime and external examination fees should be amended to rectify the above situation no action whatsoever had been taken in that connection.,(உ) மேலே காண்பிக்கப்பட்ட நிலைமைகளை முறைமைப்படுத்துவதற்காக மேலதிக நேரக் கொடுப்பனவு மற்றும் கொள்கலன் பரிசோதனைக் கட்டணம் தொடர்பாக காலங்கடந்த பிரமாணங்கள் திருத்தப்பட வேண்டியிருந்த போதிலும் அது தொடர்பாக எவ்வித நடவடிக்கைகளும் எடுக்கப்பட்டிருக்கவில்லை.
3.3. Management Inefficiencies,3.3 முகாமைத்துவ செயற்றிறனின்மைகள்
The following observation is made.,பின்வரும் அவதானிப்புகள் மேற்கொள்ளப்படுகின்றன.
The unutilized money of the Fund had been brought forward from year to year as Treasury deposits.,நிதியத்தின் பயன்படுத்தப்படாத பணத்தொகை திறைசேரி வைப்பாக ஒவ்வொரு ஆண்டின் போதும் முன்கொண்டு வரப்பட்டிருந்தது.
The balances of the Deposit Account and the balance of the Fund indicated improvement as shown below.,இவ் வைப்புக்கணக்கின் மீதி மற்றும் நிதியத்தின் மீதி என்பன கீழே காண்பிக்கப்பட்டவாறு விருத்தியடைவதைக் காட்டுகின்றது.
It was observed that necessary steps had not been taken by discussing the matter with the Treasury.,இம்மீதி தொடர்பாக திறைசேரியுடன் கலந்துரையாடி தேவையான நடவடிக்கை எடுக்கப்பட்டிராமை அவதானிக்கப்பட்டது.
Overtime Fund,மேலதிக நேர நிதியம்
Cargo Examination Fees Fund,கப்பல் சரக்கு பரீட்சிப்புக் கட்டண நிதியம்
Balance of the Treasury Deposit,திறைசேரி வைப்புக் கணக்கு மீதி
4. Accountability and Good Governance,4.  வகைக்கூறுதலும் நல்லாளுகையும்
Budgetary Control,பாதீட்டுக் கட்டுப்பாடு
"Material variances were observed between the income and expenditure according to the budget and the actual income and expenditure, thus indicating that the budget had not been made use of as an effective instrument of management control.",பாதீட்டின் பிரகாரமான வருமானம் மற்றும் செலவினம் என்பவற்றிற்கும் உள்ளபடியான வருமானம் மற்றும் செலவினத்திற்கும் இடையே குறிப்பிடத்தக்களவு முரண்கள்  கண்டறியப்பட்டமையால்  பாதீடு அக்கபூர்வமான முகாமைத்துவக் கட்டுப்பாட்டுச் சாதனமாகப் பயன்படுத்தியிருக்கவில்லை என்பது அவதானிக்கப்பட்டது.
Deficiencies in systems and controls observed during the course of audit were brought to the notice of the Director General of Customs from time to time.,கணக்காய்வின் போது அவதானிக்கப்பட்ட குறைபாடுகள் தொடர்பாக அவ்வப்போது சுங்கப் பணிப்பாளர் நாயகத்தின் கவனத்திற்கு கொண்டு வரப்பட்டிருந்தது.
(a) Arrears of Income,(அ) நிலுவை வருமானம்
(b) Overtime Payments,(ஆ) மேலதிக நேரக் கொடுப்பனவு
(c) Accounting,(இ) கணக்கீடு
(d) Container Examinations,(ஈ) கொள்கலன் பரீட்சிப்பு நடவடிக்கைகள்
(e) Staff Administration,(உ) பதவியணியினர் கட்டுப்பாடு
P. S. No. 2014/324 - Second Instalment – Part XV - State Corporations - Report of the Auditor General 2012,பா.தொ.இ 2014/324 தொகுதி – 02 – பகுதி - XV – அரசாங்க கூட்டுத்தாபனங்கள் கணக்காய்வாளர் தலைமை அதிபதியின் அறிக்கை – 2012
Defence Services Command and Staff College - 2012,பாதுகாப்புச் சேவை கட்டளை மற்றும் பதவிநிலைக் கல்லூரி - 2012
"In my opinion, except for the effects of the matters described in paragraph 1.2 of this report, the financial statements give a true and fair view of the financial position of the Defence Services Command and Staff College as at 31 December 2012 and its financial performance and cash flows for the year then ended in accordance with Sri Lanka Public Sector Accounting Standards.",இந்த அறிக்கையின் 1.2 ஆம் பந்தியில் விபரிக்கப்பட்ட விடயங்களின் தாக்கத்தினைத்  தவிர்த்து 2012 திசெம்பர் 31 இல் உள்ளவாறான பாதுகாப்புச் சேவை கட்டளை மற்றும் பதவிநிலைக் கல்லூரியின்  நிதி நிலைமையினையும் அத் திகதியில் முடிவடைந்த ஆண்டிற்கான அதனது நிதிசார் செயலாற்றலினையும் காசுப்பாய்ச்சலினையும் இலங்கை பொதுத்துறை கணக்கீட்டு நியமங்களுக்கு இணங்க உண்மையாகவும் நியாயமாகவும் தருகின்றன என்பது எனது அபிப்பிராயமாகும்.
(a) Inclusion of Motor Vehicles not belonging to the College in the Financial Statements,(அ) கல்லூரிக்கு உரித்தற்ற வாகனங்கள் நிதிக்கூற்றுக்களில் உள்ளடக்கப்பட்டிருத்தல்
(b) Deposit Account,(ஆ) வைப்புக் கணக்கு
The retention money payable to the contractors and the deductions made from the staff for no-pay leave had been credited to the Deposit Account under non-current liabilities.,ஒப்பந்தகாரர்களிற்குச் செலுத்தப்பட வேண்டிய பிடி காசு மற்றும் பதவியணியினரின் சம்பளமற்ற விடுமுறைகளிற்காக மேற்கொள்ளப்பட்ட கழிப்பனவுகள் நடைமுறையல்லாச் சொத்துக்களின் கீழ் வைப்புக் கணக்கிற்கு செலவு வைக்கப்பட்டிருந்தது.
"As a sum of deducted in connection with no-pay leave from February 2010 in January 2012 had been credited to the Deposit Account referred to above, the non-current liabilities had been overstated by that amount.",2010 பெப்ரவரி மாதம் முதல் 2012 சனவரி மாதம் வரை சம்பளமற்ற விடுமுறைகளாக கழிக்கப்பட்டிருந்த மேற்படி வைப்புக் கணக்கிற்கு செலவு வைக்கப்பட்டிருந்தமை காரணமாக நடைமுறையல்லாச் சொத்துக்கள் அத்தொகையால் கூட்டிக் காட்டப்பட்டிருந்தன.
"1.2.2. Non-compliance with Laws, Rules, Regulations and Management Decisions","1.2.2 சட்டங்கள், விதிகள், பிரமாணங்கள் முகாமைத்துவ தீர்மானங்கள் என்பவற்றுடனான இணக்கமின்மை"
"Instances of non-compliance with laws, rules, regulations and management decisions observed during the course of audit are given below.","கணக்காய்வில் அவதானிக்கப்பட்ட சட்டங்கள், விதிகள், பிரமாணங்கள் மற்றும் முகாமைத்துவத் தீர்மானங்கள் முதலியவற்றடன் இணங்காத சந்தர்ப்பங்கள் கீழே தரப்படுகின்றன."
"Reference to Laws, Rules, Regulations, etc.","சட்டங்கள், விதிகள், பிரமாணங்கள் என்பவற்றுக்கான தொடர்பு."
(a) Section 8(1) of the Finance Act No. 38 of 1971,(அ) 1971 இன் 38 ஆம் இலக்க நிதி அதிகாரச்சட்டத்தின் 8 (1) ஆம் பிரிவு
"Even though the budget for every financial year should be prepared and approved by the Governing Body not later than three months prior to the beginning of the relevant financial year, the budget for the year 2012 had been approved on 27 February 2013.","ஒவ்வொரு நிதியாண்டிற்கும் பாதீடு தயாரிக்கப்பட்டு குறித்த நிதியாண்டு தொடங்குவதற்கு மூன்று மாதங்களிற்கு முன்னர் பணிப்பாளர் சபையால் அங்கீகரிக்கப்பட வேண்டிய போதிலும், 2012 ஆம் ஆண்டின் பாதீடு 2013 பெப்ரவரி 27 ஆம் திகதியன்றே அங்கீகரிக்கப்பட்டிருந்தது."
(b) Section 5.2.1 of the Public Enterprises Circular No. PED/12 of 02 June 2003,(ஆ) 2003 யூன் 02 ஆந் திகதிய பீஈடீ 12 ஆம் இலக்க அரசாங்க முயற்சிகள் சுற்றுநிருபத்தின் 5.2.1 ஆம் பிரிவு
"The budgeted balance sheet, the budgeted income and expenditure statement, and the budgeted cash flow statement had not been included in the budget prepared for the year under review.","மீளாய்வாண்டிற்காக தயாரிக்கப்பட்டிருந்த பாதீட்டில் பாதிடப்பட்ட ஐந்தொகை, பாதிடப்பட்ட வருமானச் செலவினக் கூற்று மற்றும் பாதிடப்பட்ட காசோட்டக் கூற்று என்பன உள்ளடக்கப்பட்டிருக்கவில்லை."
"According to the financial statements presented, the financial results generated from the operations for the year under review amounted to a deficit of as compared with the corresponding deficit of for the preceding year, thus indicating a deterioration of in the financial results.",சமர்ப்பிக்கப்பட்ட நிதிக்கூற்றுக்களின் பிரகாரம் மீளாய்வாண்டிற்கான செயற்பாடுகளிலிருந்து உருவாகிய நிதி விளைவுகள் பற்றாக்குறையாக இருந்ததுடன் அதற்கு நேரொத்த முன்னைய ஆண்டிற்கான பற்றாக்குறை ஆக இருந்தமையால் நிதி விளைவுகளில் தொகையான பின்னடைவு அவதானிக்கப்பட்டது.
2.2. Analytical Financial Review,2.2 பகுப்பாய்வு ரீதியான நிதி மீளாய்வு
The increase in certain items of expenditure as compared with the preceding year by a sum of had been the main reason for the deterioration of in the financial results.,நிதி விளைவுகள் தொகையான பின்னடைவிற்கு கடந்த ஆண்டுடன்  ஒப்பிடுகையில் சில செலவுகள் ஆல் அதிகரித்திருந்தமை பிரதானமாக தாக்கமளித்திருந்தது.
The number of students who participated in the degree courses conducted by the Staff College in the year under review had been 102 as compared with the participation of 83 students in the preceding year.,பதவிநிலைக் கல்லூரி நடாத்திவருகின்ற பட்டப்படிப்பு கற்கை நெறிக்கு மீளாய்வாண்டில் பங்குபற்றிய மாணவர்களின் எண்ணிக்கை 102 ஆக இருந்ததுடன் அதற்கு நேரொத்த வகையில் முன்னைய ஆண்டில் பங்குபற்றிய மாணவர்களின் எண்ணிக்கை 83 ஆக இருந்தது.
"According to the comprehensive income statement, the total expenditure for the year under review amounted to and as such the cost per graduate amounted to Management Inefficiencies",விரிவான வருமானக் கூற்றின் படி மீளாய்வாண்டின் மொத்தச் செலவினம் ஆக காணப்பட்டதுடன் அதற்கமைய பட்டதாரி ஒருவருக்காக செலவிடப்பட்டிருந்தது.
The following observations are made.,3.2 முகாமைத்துவ செயற்றிறனின்மை
(a) Inspection of warehouse items,பின்வரும் அவதானிப்புகள் மேற்கொள்ளப்படுகின்றன.
(i) The accuracy of the balance of stocks shown in the balance sheet as at 31 December 2012 could not be established as the stock books had not been maintained externally from the stores.,(அ) களஞ்சியப் பொருட்களை செவ்வைப்பார்த்தல்
(ii) Separate Inventory Registers had not been maintained for recording the particulars on assets used by each Division of the College.,(i) இருப்புப் பதிவேடுகள் களஞ்சியத்திற்கு வெளியே பேணப்படாமையால் 2012 திசெம்பர் 31 இல் உள்ளவாறான ஐந்தொகையில் காண்பிக்கப்பட்டிருந்த இருப்பு மீதியின் சரியான தன்மையை உறுதிப்படுத்த முடியவில்லை.
3.3. Operating Inefficiencies,(ii) கல்லூரியின் ஒவ்வொரு பிரிவினாலும் பயன்பாட்டிற்கு எடுக்கப்படுகின்ற சொத்துக்கள் தொடர்பான விபரங்களை உள்ளடக்குவதற்கு தனியான பொருட் பதிவேடு பேணப்பட்டிருக்கவில்லை.
The following observations are made.,3.3 செயற்பாட்டுச் செயற்றிறனின்மைகள்
million due to cost escalations and delays.,விலைகள் அதிகரித்திருந்தமை மற்றும் காலதாமதம் காரணமாக மூல மதிப்பீடு ரூபா 86.5 மில்லியன் வரை அதிகரிக்கப்பட்டிருந்தது.
"Due to the delay in the construction works, it had not been possible to expand the courses expected for commencement in the year 2013.","மேலும், நிர்மாண நடவடிக்கைகள் தாமதமடைந்திருந்தமை காரணமாக 2013 ஆம் ஆண்டில் தொடங்குவதற்கு உத்தேசிக்கப்பட்டிருந்த பாடநெறிகளை எதிர்பார்த்த அளவில் விரிவுபடுத்துவதற்கு முடியாது போயிருந்தது."
3.4. Underutilisation of Funds,3.4 நிதிகளைப் பயன்படுத்தல்
"As the capital grants provided annually by the General Treasury was not utilized by the college, it was continuously credited again to the Treasury at the end of the year.",வருடாந்தம் பொதுத் திறைசேரியினால் வழங்கப்பட்டிருந்த மூலதன ஏற்பாடுகள் கல்லூரியினால் பயன்படுத்தப்பட்டிருக்காமை காரணமாக ஆண்டின் இறுதியில் திறைசேரிக்கு செலவு வைக்கப்படுதல் தொடர்ச்சியாக  இடம்பெற்று வந்திருந்தது.
3.5. Utilization of Motor Vehicles,3.5 வாகனப் பயன்பாடு
The Ministry of Defence and the Sri Lanka Army had made available 17 and 14 motor vehicles respectively to the College and the ownership of the motor vehicles had not been transferred to the College.,கல்லூரிக்காக பாதுகாப்பு அமைச்சால் 17 வாகனங்களும் தரைப்படையால் 14 வாகனங்களும் வழங்கப்பட்டிருந்ததுடன் இவ்வாகனங்களின் உரித்தினை கல்லூரிக்கு கையேற்றிருக்கவில்லை.
A three wheeler motor vehicles condemned had been left parked since 17 December 2011.,முற்சக்கர வண்டியொன்று 2011 திசெம்பர் 17 ஆம் திகதி முதல் பயன்பாடின்றி நிறுத்தி வைக்கப்பட்டிருந்தது.
"Even though all the motor vehicles used by the College should be controlled by one Division, it had been decentralized in the way of that the motor vehicles of Sri Lanka Army and the Ministry of Defence were being controlled by the Transport Division and the 04 motor vehicles supplied by Sri Lanka Air force and 02 motor vehicles supplied by Sri Lanka Navy were being controlled by their respective Wings.","கல்லூரியினால் பயன்படுத்தப்பட்டு வருகின்ற வாகனங்கள் ஒரு பிரிவினால் கட்டுப்படுத்தப்பட வேண்டிய போதிலும், இராணுவம் மற்றும் பாதுகாப்பு அமைச்சின் வாகனங்கள் போக்குவரத்துப் பிரிவாலும் விமானப் படையால் வழங்கப்பட்ட 04 வாகனங்களும் கடற்படையால் வழங்கப்பட்ட 02 வாகனங்களும் அவற்றின் பிரிவுகளாலும் (Wing) கட்டுப்படுத்தக்கூடிய விதத்தில் கட்டுப்பாட்டு நடவடிக்கைகள் பன்முகப்படுத்தப்பட்டிருந்தன."
3.6. Staff Management,3.6 பதவியணியினர் முகாமைத்துவம்
"Even though the approved staff of the college had been 100, only a staff of 92 had been deployed.",கல்லூரியின் அங்கீகரிக்கப்பட்ட பதவியணியினர் எண்ணிக்கை 100 ஆக காணப்பட்டதுடன் சேவையில் ஈடுபட்டிருந்த பதவியணியினர் எண்ணிக்கை 92 ஆக இருந்தது.
4.1. Annual Action Plan,4.1 வருடாந்த செயல்நடவடிக்கைத் திட்டம்
An Action Plan for the identification of the financial targets and the physical targets according to the respective periods had not been prepared.,இது தொடர்பான நிதிசார் இலக்குகளையும் பௌதீக இலக்குகளையும் அந்தந்தக் காலத்திற்கேற்ப இனங்காணக்கூடிய வகையில் செயல்நடவடிக்கைத் திட்டம் தயாரிக்கப்பட்டிருக்கவில்லை.
The Performance Reports had not been prepared in a manner to facilitate comparison with the Action Plan.,செயல் நடவடிக்கைத் திட்டத்துடன் ஒப்பிடக்கூடிய வகையில் செயலாற்றல் அறிக்கை தயாரிக்கப்பட்டிருக்கவில்லை.
4.2. Budgetary Control,4.2 பாதீட்டுக் கட்டுப்பாடு
It was observed that the budget had not been used as an effective instrument of management control because of a significant variance between the estimated provision and actual expenditure.,பாதிடப்பட்ட ஏற்பாடுகளிற்கும் உள்ளபடியான செலவினங்களிற்குமிடையே குறிப்பிடத்தக்க முரண்கள் அவதானிக்கப்பட்டமையால் பாதீடானது பயனுள்ள முகாமைத்துவ கட்டுப்பாட்டுக் கருவியொன்றாக பயன்படுத்திக் கொள்ளப்பட்டிருக்கவில்லை என்பது அவதானிக்கப்பட்டது.
4.3. Tabling of Annual Reports in the Parliament,4.3. ஆண்டறிக்கையினை பாராளுமன்றத்தில் முன்வைத்தல்
"In terms of Section 6.5.3 of the Public Enterprises Circular No. PED/12 of 02 June 2003, the Annual Report on the activities of the Defence Services Command and Staff College and the accounts should be tabled in Parliament within 150 days after the closure of the financial year.",2003 யூன் 02 ஆம் திகதியுடைய பீஈடீ 12 ஆம் இலக்க அரசாங்க முயற்சிகள்     சுற்றறிக்கையின் 6.5.3 ஆம் பிரிவின் பிரகாரம் கணக்காண்டு முடிவடைந்து 150 நாட்களிற்குள் பாதுகாப்புச் சேவை கட்டளை மற்றும் பதவிநிலைக் கல்லூரியின் நடவடிக்கைகள் தொடர்பிலான வருடாந்த அறிக்கை மற்றும் கணக்குகள் பாராளுமன்றித்திற்கு முன்வைக்கப்பட வேண்டும்.
"Nevertheless, the Annual Reports for the years 2010 and 2011 had not been tabled in Parliament even by 09 November 2013.","இருந்தபோதிலும், 2010 மற்றும் 2011 ஆம்   ஆண்டுகளிற்கான வருடாந்த அறிக்கைகள் 2013 நவம்பர் 09 ஆந் திகதி வரை பாராளுமன்றத்திற்கு முன்வைக்கப்பட்டிருக்கவில்லை."
Deficiencies in Systems and Controls observed during the course of audit were brought to the notice of the Chairman of the Defence Services Command and Staff College from time to time.,கணக்காய்வில் அவதானிக்கப்பட்ட முறைகளினதும் கட்டுப்பாடுகளினதும் குறைபாடுகள் அவ்வப்போது பாதுகாப்புச் சேவை கட்டளை மற்றும் பதவிநிலைக் கல்லூரியின் தலைவரது கவனத்திற்கு கொண்டுவரப்பட்டிருந்தன.
(a) Utilization of Capital Provision,(அ) மூலதன ஏற்பாடுகளைப் பயன்படுத்துதல்
(b) Staff Control,(ஆ) பதவியணியினர் கட்டுப்பாடு
(c) Construction Works,(இ) நிர்மாண நடவடிக்கைகள்
(d) Stores Control,(ஈ) களஞ்சியக் கட்டுப்பாடு
P. S. No. 2014/321 - Second Instalment – Part XII - State Corporations - Report of the Auditor General 2012,பா.தொ.இ 2014/321 தொகுதி – 02 – பகுதி - XII – அரசாங்க கூட்டுத்தாபனங்கள் கணக்காய்வாளர் தலைமை அதிபதியின் அறிக்கை – 2012
General Sir John Kotalawala Defence University - 2012,ஜெனரல் சேர் ஜோன் கொத்தலாவல பாதுகாப்பு பல்கலைக்கழகம் 2012
1.1 Qualified Opinion,1.1 முனைப்பழியுள்ள அபிப்பிராயம்
"In my opinion, except for the effects of the matters described in paragraph 1.2 of this report, the financial statements give a true and fair view of the financial position of the General Sir John Kotalawala Defence University as at 31 December 2012 and its financial performance and cash flows for the year then ended in accordance with Sri Lanka Accounting Standards.",இந்த அறிக்கையின் 1.2 ஆம் பந்தியில் விபரிக்கப்பட்ட விடயங்களின் தாக்கத்தினைத்  தவிர்த்து 2012 ஆம் ஆண்டு திசெம்பர் 31 இல் உள்ளவாறான ஜெனரல் சேர் ஜோன் கொத்தலாவல பாதுகாப்பு பல்கலைக்கழகத்தின்  நிதி நிலைமையினையும் அத்திகதியில் முடிவடைந்த ஆண்டிற்கான அதனது நிதிசார் செயலாற்றலினையும் காசுப்பாய்ச்சலினையும் இலங்கை கணக்கீட்டு நியமங்களுக்கு இணங்க உண்மையாகவும் நியாயமாகவும் தருகின்றன என்பது எனது அபிப்பிராயமாகும்.
1.2 Commenting on Financial Statements,1.2 நிதிக் கூற்றுக்கள் மீதான கருத்துரைகள்
Actions in terms of Sri Lanka Accounting Standard No. 16 had not been taken to revalue and account for those assets.,இச்சொத்துக்கள் இலங்கை கணக்கீட்டு நியம இல. 16 இன் படி மீள விலைமதிக்கப்பட்டு கணக்கீடு செய்வதற்கு நடவடிக்கை எடுக்கப்பட்டிருக்கவில்லை.
1.2.2 Accounting Deficiencies,1.2.2 கணக்கீட்டுக் குறைபாடுகள்
(a) Understatements and Overstatements,(அ) குறைத்துக் காட்டல்களும் அதிகரித்தும் காட்டல்களும்
The Vice-Chancellor informed the audit that Sri Lanka Army had agreed for the write off of this amount.,இலங்கை இராணுவம் இத்தொகையை பதிவழிப்பதற்கு இணங்கப்பட்டுள்ளதாக உபவேந்தர் கணக்காய்விற்கு அறிவித்திருந்தார்.
(b) Inappropriate Disclosures,(ஆ) பொருத்தமற்ற வெளிப்படுத்தல்கள்
1.2.3 Lack of Evidence for Audit,1.2.3 கணக்காய்விற்கான சான்றின்மை
The value of the following constructions shown under the “work-in-progress’ from the year 2011 remained unchanged even by 31 December 2012.,2011 ஆம் ஆண்டு முதல் முடிவுறா வேலைகளின் கீழ் காண்பிக்கப்பட்டிருந்த பின்வரும் நிர்மாணங்களின் பெறுமதிகள் 2012 ஆம் ஆண்டு திசெம்பர் 31 ஆம் திகதியிலும் கூட மாற்றமின்றிக் காணப்பட்டன.
Account Balance,கணக்கு மீதி
Balance as at 31 December 2011 and as at 31 December 2012,2011 ஆம் ஆண்டு திசெம்பர் 31 மற்றும் 2012 ஆம் ஆண்டு திசெம்பர் 31 இல் உள்ளவாறான மீதிகள்
"Buildings - 6,388,934","கட்டிடங்கள் - 6,388,934"
"Official Quarters of Married Officers - 230,870","விவாகமானோருக்கான உத்தியோகபூர்வ இல்லங்கள் - 230,870"
"Construction of Quarters of Married Officers - 5,033,574","விவாகமானோருக்கான உத்தியோகபூர்வ இல்லங்களின் நிர்மாணம் - 5,033,574"
The evidence required for the identification of these amounts had not been furnished to audit.,இத்தொகைகளை அடையாளம் காண்பதற்கு தேவையான சான்று கணக்காய்விற்கு கையளிக்கப்பட்டது.
"1.2.4 Non-compliances with Laws, Rules, Regulations and Management Decisions","1.2.4. சட்டங்கள், விதிகள், பிரமாணங்கள், முகாமைத்துவத் தீர்மானங்களுடன் இணக்கமின்மைகள்"
The following non-compliances were observed during the course of the audit.,கணக்காய்வில் பின்வரும் இணக்கமின்மைகள் அவதானிக்கப்பட்டன.
"Reference to Laws, Rules, Regulations and Management Decisions","சட்டங்கள், விதிகள், பிரமாணங்கள் மற்றும் முகாமைத்துவத் தீர்மானங்களிற்கான தொடர்பு"
Procurement Guidelines 2006,பெறுகை வழிகாட்டல்கள் - 2006
"(i) Guidelines 2.14.1, 3.4.1 and 4.3","(i) 2.14.1, 3.4.1 மற்றும் 4.3 ஆம் வழிகாட்டல்கள்"
It was observed that those advances had ranged between 50 per cent to 100 per cent of the value of each purchase.,அம்முற்பணங்கள் ஒவ்வொரு கொள்வனவுப் பெறுமதியிலும் 50 சதவீதம் முதல் 100 சதவீதம் வரை இருந்தமை அவதானிக்கப்பட்டது.
(iii) Guideline 8.9.1,(iii) 8.9.1 (ஆ) ஆம் வழிகாட்டல்
The improvement of the financial results for the year under review as compared with the preceding year was observed as due to the increase of income in the year under review.,முன்னைய ஆண்டுடன் ஒப்பிடுகையில் மீளாய்வாண்டிற்கான நிதி விளைவுகளில் முன்னேற்றம் ஏற்பட்டதற்கு காரணம் மீளாய்வாண்டில் வருமானம் அதிகரித்தமையாகும் என்பது அவதானிக்கப்பட்டது.
2.2 Legal Actions initiated against or by the Institution,2.2. நிறுவனத்திற்கு எதிராக அல்லது நிறுவனத்தினால் ஆரம்பிக்கப்பட்டுள்ள சட்டரீதியான நடவடிக்கைகள்
(a) Three external parties had filed three cases in Courts against the University by claiming ownership to the properties of the University.,(அ) மூன்று வெளிவாரி தரப்பினரால் பல்கலைக்கழகத்தின் ஆதனங்களில் உரித்துக் கோரி பல்கலைக்கழகத்திற்கு எதிராக நீதிமன்றங்களில் மூன்று வழக்குகள் தொடரப்பட்டிருந்தன.
3.1 Performance,3.1 செயலாற்றுகை
Actions had not been taken in the year under review for the execution of the following activities included under the infrastructure development in the Corporate Plan for execution in the year 2012.,உட்கட்டமைப்பு அபிவிருத்தியின் கீழ் 2012 ஆம் ஆண்டில் அமுலாக்குவதாக கூட்டிணைந்த திட்டத்தில் காண்பிக்கப்பட்டிருந்த பின்வரும் செயற்பாடுகளை மீளாய்வாண்டில் நிறைவேற்றிக் கொள்வதற்காக நடவடிக்கை எடுக்கப்பட்டிருக்கவில்லை.
(a) Construction of a separate building complex for the Postgraduate Academic Division,(அ) பட்டப்பின்படிப்பு நிறுவகத்திற்காக தனியான கட்டிடத் தொகுதியொன்றை நிர்மாணித்தல்
(b) Construction of a six storeyed laboratory for the Faculty of Engineering,(ஆ) பொறியியல் பீடத்திற்காக ஆறு மாடி ஆய்வுகூடமொன்றை நிர்மாணித்தல்
3.2 Operating Inefficiencies,3.2 செயற்பாட்டுச் செயற்திறனின்மை
Advances for purchases amounting to 100 per cent had been granted surpassing the circular provisions in the procurement of goods and services to ensure obtaining goods and services quickly and efficiently.,பொருட்கள் மற்றும் சேவைகளைக் கொள்வனவு செய்கையில் பொருட்கள் சேவைகளை விரைவாகவும் வினைத்திறனாகவும் பெற்றுக்கொள்வதற்காக சுற்றறிக்கை ஏற்பாடுகளை மீறி கொள்வனவு செய்வதற்காக 100 சதவீத முற்பணம் வழங்கப்பட்டிருந்தது.
Instances of non-supply of goods for the advances granted in the year 2011 even by September 2013 were observed.,2011 ஆம் ஆண்டில் வழங்கப்பட்டிருந்த முற்பணங்கள் தொடர்பான பொருட்கள் 2013 ஆம் ஆண்டு செப்தெம்பர் மாதம் வரை வழங்கப்படாதிருந்த சந்தர்ப்பங்கள் அவதானிக்கப்பட்டன.
Actions had not been taken for the recovery of such money while advances had been further granted to those suppliers.,அத்தொகையினை மீள அறவிட்டுக் கொள்வதற்கு நடவடிக்கை எடுக்கப்படாதிருந்ததுடன் அவ்வழங்குனர்களிற்கு மீண்டும் முற்பணத் தொகைகள் வழங்கப்பட்டிருந்தன.
3.3 Transactions of Contentious Nature,3.3 சர்ச்சைக்குரிய கொடுக்கல்வாங்கல்கள்
3.4 Deficiencies in Contract Administration,3.4 ஒப்பந்த நிர்வாகக் குறைபாடுகள்
(a) The following items installed in the Building No. 3 of the Building of the Faculty of Medicine had been rusted before the expiry of one year since the use of the building.,(அ) மருத்துவ பீடத்தின் 03 ஆம் இலக்க கட்டிடத்தில் பொருத்தப்பட்டிருந்த பின்வரும் விடயங்கள் கட்டிடம் பயன்படுத்தப்பட்டதிலிருந்து ஒரு ஆண்டிற்கு முன்னரே துருப்பிடித்திருந்தன.
(ii) Sanitary Equipment 04,(ii) சுத்திகரிப்பு உபகரணங்கள்  04
"(b) Even though the handrail of the stairway and the exterior security fences of the above building had been constructed with iron and painted with galvanizing, those had rusted by the time of inspection.",(ஆ) மேற்படி கட்டிடத்திலுள்ள ஏறும்படிகளின் கைப்பிடிகள் மற்றும் வெளிப் பாதுகாப்புவேலிகள் இரும்பினைப் பயன்படுத்தி கல்வனைஸ் பூசப்பட்டு நிர்மாணிக்கப்பட்டிருந்த போதிலும் பரிசோதனைச் சந்தர்ப்பத்தில் துருப்பிடித்திருந்தன.
4. Systems and Controls,4. முறைமைகளும் கட்டுப்பாடுகளும்
Deficiencies in systems and controls observed during the course of the audit were brought to the notice of the Vice-Chancellor of the University from time to time.,கணக்காய்வின் போது அவதானிக்கப்பட்ட முறைமைகள் மற்றும் கட்டுப்பாடுகளிலுள்ள குறைபாடுகள் அவ்வப்போது பல்கலைக்கழகத்தின் உப வேந்தரின் கவனத்திற்கு  கொண்டுசெல்லப்பட்டன.
Special attention is needed in respect of the following areas of control.,பின்வரும் கட்டுப்பாட்டு அம்சங்கள் தொடர்பாக விசேட அவதானம் தேவைப்படுகின்றது.
(b) Budgetary Control,(ஆ) வரவுசெலவுத்திட்டக்கணக்குக் கட்டுப்பாடு
(c) Advances Control,(இ) முற்பணங்கள் கட்டுப்பாடு
(d) Assets Control,(ஈ) சொத்துக்கள் கட்டுப்பாடு
(e) Construction Control,(உ) நிர்மாணங்கள் கட்டுப்பாடு
"The Department of Hindu Religious and Cultural Affairs was established on 1st of January 1986, to preserve, promote and propagate, Hindu Religion and Hindu Culture of Sri Lanka.","இலங்கையில் இந்து சமயத்தினையும், கலாசாரத்தினையும் பாதுகாத்தல், விருத்திசெய்தல் மற்றும் பரப்புதலுக்காக இந்து சமய கலாசார அலுவல்கள் திணைக்களம் 1986 ஆம் ஆண்டு ஜனவரி மாதம் 01 ஆம் திகதி ஸ்தாபிக்கப்பட்டது."
"At present, this Department functions under the Ministry of Resettlement, Reconstruction and Hindu Religious Affairs.","தற்போது இத்திணைக்களமானது மீள்குடியேற்றம், புனர்நிர்மாணம் மற்றும் இந்துமத விவகாரங்கள் அமைச்சின் கீழ் இயங்குகின்றது."
I take this opportunity to add a few words to the Performance Report and Annual Accounts for 2014 of the Department of Hindu Religious and Cultural Affairs.,இந்து சமய கலாசார அலுவல்கள் திணைக்களத்தினது 2014 ஆம் ஆண்டுக்குரிய முன்னேற்ற அறிக்கை மற்றும் வருடாந்த கணக்குகள் பற்றி ஒரு சில விடயங்களை இவ்விடத்தில் நான் தெரிவித்தல் பொருத்தமானதாகும்.
I am proud to state that we were able to achieve the significant role expected from our department according to the government policies during 2014 in an efficient and productive manner.,2014 ஆம் ஆண்டில் எமது திணைக்களமானது அரசாங்கக் கொள்கைகளுக்கு அமைவாக எதிர்பார்க்கப்பட்ட திணைக்களத்தின் முக்கியமான பங்கினை வினைத்திறனுடனும் பயனுறுதிவாய்ந்ததாகவும் அடைய முடிந்ததையிட்டு பெருமை கொள்கின்றேன்.
The efficiency of performance of the department has been increased due to the hard work and dedication of all the staff members including newly recruited development officers.,திணைக்களத்தின் வினைத்திறனான செயற்பாடுகள் முன்னேற்றமடைந்துள்ளமைக்குப் புதிதாக உள்ளீர்க்கப்பட்ட அபிவிருத்தி உத்தியோகத்தர்கள் உள்ளடங்கலாக சகல உத்தியோகத்தர்களினதும் கடின உழைப்பும் அர்ப்பணிப்புமே காரணமாக அமைந்துள்ளது.
"I hereby wish to express my deepest gratitude and sincere thanks to all Hon. Ministers, Hon. Members of Parliament, Hon. Members of Provincial Council, and all Government Intuitions and other stakeholders including Hindu religious monks, priests, scholars, institutions, temple trustees and Aranery Schools for extending their fullest support and cooperation to the activities of our department.","எமது திணைக்களத்தின் செயற்பாடுகளுக்கு முழுமையான ஆதரவினையும் ஒத்துழைப்பினையும் நல்கிய கௌரவ அமைச்சர்கள், கௌரவ மாகாணசபை உறுப்பினர்கள், அரச நிறுவனங்கள் மற்றும் ஏனைய பங்காளிகளான இந்துசமய துறவிகள், குருமார்கள், கல்விமான்கள், நிறுவனங்கள், ஆலய அறங்காவலர்கள் மற்றும் அறநெறிப் பாடசாலைகளுக்கும் எனது ஆழமானதும் உண்மையானதுமான நன்றியைத் தெரிவித்துக் கொள்கிறேன்."
In fact I am well fortunate to receive the fullest cooperation from the Secretary and the staff of the Ministry of Buddhasasana and Religious Affairs in our efforts to perform the responsibilities of the Department of Hindu Religious and Cultural Affairs very successfully.,"உண்மையில், இந்துசமய கலாசார அலுவல்கள் திணைக்களத்தின் பொறுப்புக்களை மிகவும் வெற்றிகரமாகச் செயற்படுத்தும் எமது முயற்சிகளுக்கு புத்தசாசன மற்றும் மத அலுவல்கள் அமைச்சின் செயலாளரிடமிருந்து முழுமையான ஒத்துழைப்பு  கிடைத்தமையையிட்டு நான் மிகவும் அதிஷ்டசாலியாவேன்."
Hence I wish to extend my thankfulness to the Secretary and all staff members of the Ministry of Buddhasasana and Religious Affairs for their great support.,"மேலும் புத்தசாசன மற்றும் மத அலுவல்கள் அமைச்சின் செயலாளர் மற்றும் அனைத்து உத்தியோகத்தர்களுக்கும், அவர்களது உயர்ந்த ஆதரவினை நல்கியதற்காக நன்றியைத் தெரிவித்துக் கொள்கின்றேன்."
"I, whilst appreciating the services of all management staff and members of the staff of our department who had extended their cooperation for providing admirable contribution for our efforts to achieve the targets in 2014, No doubt they deserve my gratitude.","2014 இல் எமது இலக்கினை அடைவதற்கான முயற்சிகளுக்கு தமது வியக்கத்தக்க பங்களிப்பினை வழங்கி ஒத்துழைத்த சகல முகாமை மட்ட மற்றும் ஏனைய திணைக்களத்தின் உத்தியோகத்தர்களுக்கும் பாராட்டினைத் தெரிவித்துக் கொள்கின்றேன், எனது நன்றியினைத் தெரிவிப்பதற்கு இவர்கள் தகுதியுள்ளவர்கள் என்பதில் எவ்வித சந்தேகமுமில்லை."
Director,பணிப்பாளர்
Department of Hindu Religious and Cultural Affairs,"இந்துசமய, கலாசார அலுவல்கள் திணைக்களம்."
"The Department of Hindu Religious and Cultural Affairs was established on 1st of January 1986 to preserve, promote and propagate Hindu Religion and Hindu Culture.","இந்துசமய, கலாசார அலுவல்கள் திணைக்களம், இந்து சமயத்தை மேம்படுத்துதல், பெருக்குதல், பேணிப்பாதுகாத்தல் போன்ற நோக்கங்களை அடிப்படையாகக் கொண்டு 1986 ஜனவரி 01 ஆம் திகதியன்று ஸ்தாபிக்கப்பட்டது."
Vision,தொலை நோக்கு
"Preservation, Promotion and Propagation of Hindu Religion and Culture.","இந்துசமயத்தையும் பண்பாட்டையும் பேணிப் பாதுகாத்தலும், மேம்படுத்திப் பரப்புதலும்"
Mission,செயற்பணி
"Preservation, Promotion and Propagation of Hindu Religion, Hindu Religious Education, Hindu Culture and Arts and Renovation of Hindu Temples.","இந்துசமயம், இந்துசமயக் கல்வி, இந்து கலாசாரம், கலைகள் ஆகியவற்றின் பேணுகை, ஊக்குவிப்பு, பெருக்குதல் மற்றும் கோவில்களின் புனரமைப்பு."
Objectives,குறிக்கோள்கள்
Promoting Hindu Religious education to practice moral characters and Religious values among Hindu youths,"ஒழுக்க விழுமியங்களையும், சமயப் பெறுமானங்களையும் இந்துச் சிறார்களுக்கிடையே ஊக்குவிப்பதற்காக இந்துசமயக் கல்வியை ஊக்குவித்தல்"
Preserving Hindu Religious practices for sustaining and developing Hindu Religion and Culture.,இந்துசமயத்தையும் கலாசாரத்தையும் அபிவிருத்தி செய்து பேணுவதற்காக இந்துசமய ஆசாரங்களைப் பேணுதல்.
Promoting Research on Hindu Religion and Culture.,இந்துசமயம் மற்றும் கலாசார ஆராய்ச்சியை அபிவிருத்தி செய்தல்.
Sensitizing the public about the noble character of Hindu Culture and magnificence of Hindu Art and Architecture.,"இந்துசமய, கலை மற்றும் கட்டிடக்கலை தொடர்பான உயர்ந்த எண்ணத்தினை பொதுமக்களிடையே பரப்புதல்."
Key Functions,பிரதான செயற்பாடுகள்
Rehabilitation of Hindu Temples,இந்து ஆலயங்கள் புனரமைப்பு
Providing Training for Hindu Priest,இந்துக் குருமார்களுக்கான பயிற்சி
"Observing Guru Poojas of Hindu Saints, conducting Hindu Lectures and preserving the traditions by conducting Hindu Festivals.",நாயன்மார்களின் குருபஜனைகளை அனுஷ்டித்தல் மற்றும் இந்து சமயச் சொற்பொழிவுகள் மற்றும் பாரம்பரிய மரபுகளைப் பேணிக்காத்தல்
Promoting Hindu Religious education and encouraging to preserve moral values in Aranery Schools,இந்து அறநெறிப் பாடசாலைகளில் இந்துசமயக் கல்வியை மேம்படுத்தலும் சமய விழுமியங்களைப் பேணுவதற்கு ஊக்கமளித்தலும்
Compilation of Hindu Encyclopedia,இந்துக் கலைக் களஞ்சியங்களின் தொகுப்பு
Administration of Hindu Research Library,இந்து ஆராய்ச்சி நூலகத்தின் நிர்வாகம்
Conducting Research on Hindu Religion and Tami Culture,இந்துசமய மற்றும் தமிழ்க் கலாசார ஆய்வுகளை மேற்கொள்ளல்
Preserving Hindu Religious Tamil Culture,இந்துசமய தமிழ்க் கலைகளைப் பேணுதல்
Administration of Hindu Pilgrim’s Rest House in Kataragama,கதிர்காமம் இந்து யாத்திரிகர் விடுதியின் நிர்வாகம்
"Administration of Hindu Culture Centre, Batticaloa",மட்டக்களப்பு இந்து கலாசார நிலையத்தின் நிர்வாகம்
"Administration of Anaipanthi Gurukula Building, Jaffna","யாழ்ப்பாணம், ஆணைப்பந்தி குருகுலக் கட்டட நிர்வாகம்"
"Administration of Navalar Mani Mandapam, Jaffna","யாழ்ப்பாணம், நல்லூர் நாவலர் மணிமண்டபத்தின் நிர்வாகம்"
Preserving Hindu Culture and Arts,இந்து கலை மற்றும் கலாசாரத்தை பேணிப் பாதுகாத்தல்
Implementation of Provisions of the Hindu Cultural Fund Act,இந்துப்பண்பாட்டு நிதியச் சட்டத்தின் ஏற்பாடுகளை அமுலாக்கம் செய்தல்
Programmes and Performance Report,நிகழ்ச்சி மற்றும் செயலயாற்றுகை அறிக்கை
from 01.01.2014 to 31.12.2014,01.01.2014 – 31.12.2014 வரை
The following Projects are being implemented by the Department of Hindu Religious and Cultural Affairs in keeping line with the Government Policy towards the creation of a Virtuous Society.,"ஒழுக்க விழுமியங்கள் நிறைந்த சமூகத்தைக் கட்டியெழுப்புவதற்காக, அரசாங்கக் கொள்கைகளுக்கிணங்க இந்து சமய மற்றும் கலாசார அலுவல்கள் திணைக்களத்தினால் பின்வரும் நிகழ்ச்சித் திட்டங்கள் செயற்படுத்தப்பட்டு வருகின்றன."
Programmes,நிகழ்ச்சித் திட்டங்கள்
Development of Hindu Aranery Schools,இந்து அறநெறிப் பாடசாலைகளின் அபிவிருத்தி
Promotion of Hindu Religious Activities,இந்துசமய நடவடிக்கைகளை முன்னிறுத்தல்
Research on Hindu Religion and Culture,இந்துசமய கலாசார ஆராய்ச்சி
Promotion of Hindu Culture and Arts,"இந்துசமய, கலை கலாசார முன்னிறுத்துகை"
Development of Hindu Temples and Organizations,இந்து ஆலயங்கள் மற்றும் நிறுவனங்களின் அபிவிருத்தி
The following projects were implemented by the Department up to 31st December 2014.,2014 ஆம் ஆண்டு டிசெம்பர் 31ஆம் திகதி வரையான காலப் பகுதிக்குள் திணைக்களத்தின் மூலம் பின்வரும் செயற்திட்டங்கள் நிறைவேற்றப்பட்டுள்ளன.
"The Hindu Aranery Schools are functioning with the objectives of to impress the values of moral character and making them to have faith in the almighty, prayers and worshipping at temples and preaching them Hinduism.","இளம் இந்துச்சிறார் மனதில், ஒழுக்க விழுமியங்கள்,மற்றும் நற்பண்புகளை வளர்த்தல், கடவுள் நம்பிக்கையுடன் பிரார்த்தனைகளை மேற்கொள்ள வழிகாட்டல், சமய அறிவை வளர்;த்துக் கொள்வதற்கான போதனை என்பவற்றை அடிப்படை நோக்கங்களாகக் கொண்டு இந்து அறநெறிப் பாடசாலைகள் இயங்குகின்றன."
Several projects have been designed to develop the Aranery Schools and implemented by the Department.,இவற்றை அபிவிருத்தி செய்வதற்காக பல்வேறு செயற்திட்டங்கள் வடிவமைக்கப்பட்டு திணைக்களத்தின் மூலம் செயற்படுத்தப்படுகின்றன.
"The main activities are; conducting seminars for teachers, supplying books to the Aranery Schools, supplying uniform materials to the students, and providing financial assistance to fulfill the basic requirement of furniture to the Aranery Schools.","ஆசிரியர்களுக்கான கருத்தரங்குகளை நடத்துதல், அறநெறிப் பாடசாலைகளுக்கான நூல் விநியோகம், மாணவர்களுக்குரிய சீருடைகளை வழங்குதல், அறநெறிப் பாடசாலைகளின் அடிப்படைத் தளபாடத் தேவைகளை நிறைவேற்றிக் கொள்ள நிதியுதவி வழங்குதல் போன்றன பிரதான செயற்பாடுகளாகும்."
Seminars and Workshops for Aranery School Teachers,"அறநெறிப் பாடசாலை ஆசிரியர்களுக்கான கருத்தரங்குகளும், பயிற்சிப்பட்டறைகளும்"
"The seminars and workshops are being conducted in the districts to regularize the teaching method of Aranery School Teachers, explain the concept of the syllabus and conduct practicals for the students.","அறநெறிப் பாடசாலை ஆசிரியர்களின் போதனை முறையை நெறிப்படுத்துவதற்காகவும், பாடத்திட்டத்தின் அடிப்படையைத் தெளிவுபடுத்துவதற்காகவும், மாணவர்களுக்கான செயல்முறைக் கற்பித்தலை மேற்கொள்வதற்காகவும்   மாவட்டங்கள் தோறும் பயிற்சிக் கருத்தரங்குகள் நடத்தப்படுகின்றன."
Up to 31st December 2014 in the Department,2014 டிசெம்பர் மாதம் 31 ஆம் திகதி வரை திணைக்களத்தில்
"No. of Registered Aranery schools	- 1,887","பதிவு செய்யப்பட்டுள்ள அறநெறிப்பாடசாலைகளின் எண்ணிக்கை  -  1,887"
"No. of Aranery School Students - 285,067","அறநெறிப் பாடசாலை மாணவர்களின் எண்ணிக்கை   -  285,067"
"No. of Aranery School Teachers- 9,407","அறநெறிப் பாடசாலை ஆசிரியர்களின் எண்ணிக்கை   -   9,407"
07 Dharmachariyar Residential Seminars have been conducted.,தர்மாசாரியர் வதிவிடக் கருத்தரங்குகள் 07 நடைபெற்றுள்ளன.
"Colombo,","கொழும்பு,"
"Gampaha,","கம்பஹா,"
"Galle,","காலி,"
"Kegalle,","கேகாலை,"
"Matale,","மாத்தளை,"
"Kaluthara,","களுத்துறை,"
"Puttalam,","புத்தளம்,"
"Kurunagala,","குருணாகல்,"
"Kandy,","கண்டி,"
"Ratnapura,","இரத்தினபுரி,"
"Nuwara Eliya,","நுவரெலியா,"
"Matara,","மாத்தறை,"
"Badulla,","பதுளை,"
"Batticaloa,","மட்டக்களப்பு,"
"Trincomalee,","திருகோணமலை,"
"Ampara,","அம்பாறை,"
"Polonnaruwa,","பொலன்னறுவை,"
"Jaffna,","யாழ்ப்பாணம்,"
"Kilinochchi,","கிளிநொச்சி,"
"Mullaitivu,","முல்லைத்தீவு,"
"Mannar,","மன்னார்,"
Vaviniya.,வவுனியா.
707 Hindu Dharnachariyars have been benefitted,707 இந்து தர்மாசிரியர்கள் பயன்பெற்றனர்.
03 Seminars on Residential Teaching Method have been conducted for Aranery Teachers.,அறநெறி ஆசிரியர்களுக்கான வதிவிடக் கற்பித்தல் முறைக் கருத்தரங்கு 03 நடத்தப்பட்டுள்ளன
Jaffana,யாழ்ப்பாணம்
682 Hindu Aranery Teachers have been benefitted.,682 இந்து அறநெறி ஆசிரியர்கள் பயன்பெற்றனர்.
13 seminars for final exam for Aranery Teachers have been conducted.,அறநெறி ஆசிரியர்களுக்கான 13 இறுதிநிலைப் பரீட்சைக் கருத்தரங்குகள் நடத்தப்பட்டுள்ளன.
"Batticaloa,",மட்டக்களப்பு
1196 Hindu Aranery Teachers participated and benefitted,1196 இந்து அறநெறி ஆசிரியர்கள் பங்குபற்றி பயன் பெற்றனர்
"Dharmasariyar Residential Seminar, Colombo","தர்மாசாரியர் வதிவிடக் கருத்தரங்கு, கொழும்பு"
"Dharmasariyar Residential Seminar, Batticaloa","தர்மாசாரியர் வதிவிடக் கருத்தரங்கு, மட்டக்களப்பு"
General Knowledge Competitive Examination for Aranery School Students.,அறநெறிப் பாடசாலை மாணவர்களுக்கான பொது அறிவுப் போட்டிப் பரீட்சை.
Certificates and cash are awarded for the students who got the highest marks in National level and District level.,"பரீட்சையில் தேசிய மட்டம், மாவட்ட மட்டங்களில் உயர் புள்ளிகள் பெற்று வெற்றியடைந்த  மாணவர்களுக்கு பணப் பரிசில்களும், சான்றிதழ்களும் வழங்கி கௌரவிக்கப்படுகின்றது."
"A General Knowledge Competitive Examination was conducted on 28th June 2014 in 160 exam centers Island wide for the students of Aranery School and around 69,783 students sat for this examination.","2014, ஜுன் 28 ஆம் திகதி 160 பரீட்சை நிலையங்களில் அகில இலங்கை ரீதியாக நடைபெற்ற பொது அறிவுப் போட்டிப் பரீட்சையில் 69,783 மாணவர்கள் தோற்றியுள்ளனர்."
"Prize Giving Ceremony for the students who passed the examination was held on 18th October 2014 at New Kathiresan Hall, Bambalapity.",இப் பரீட்சையில் உயர் புள்ளிகள் பெற்று வெற்றியடைந்த  மாணவர்களுக்குகான பரிசளிப்பு விழா 2014 ஒக்டோபர் மாதம் 18 ஆம் திகதி பம்பலப்பிட்டி புதிய கதிரேசன் மண்டபத்தில் நடைபெற்றது.
Special magazine on Hindu Religious General Knowledge examination prize giving has also been published.,இத்துடன் இந்துசமய பொது அறிவுப் பரீட்சை பரிசளிப்பு விழா சிறப்பு மலரும் வெளியிடப்பட்டது.
"1000 Students of Aranery Schools, their parents and the teachers of Aranery Schools participated for in this ceremony.","இவ் வைபவத்தில் அறநெறி பாடசாலைகளைச் சேர்ந்த 1000 மாணவர்கள், அவர்களின் பெற்றோரகள், மற்றும் அறநெறி பாடசாலைகளைச் சேர்ந்த ஆசிரியர்களும் பங்குபற்றினர்."
Allowance for Aranery School Teachers for Library Books,இந்து அறநெறிப் பாடசாலை ஆசிரியர்களுக்கான நூலகக் கொடுப்பனவு.
"3250 Teachers from 773 Aranery Schools in 22 Districts namely Jaffna, Batticaloa, Kandy, Nuwara Eliya, Kilinochchi, Mullaitivu, Ampara, Kegalle, Matale, Badulla, Puttalam, Trincomalee, Ratnapura, Kaluthara, Polonnaruwa, Colombo, Kurunagala, Galle, Matara, Gampaha, Mannar and Vavuniya have been paid the allowance this year.","இதற்கமைவாக யாழ்ப்பாணம், மட்டக்களப்பு, கண்டி, நுவரெலியா, கிளிநொச்சி, முல்லைத்தீவு, அம்பாறை, கேகாலை, மாத்தளை, பதுளை, புத்தளம், திருகோணமலை, இரத்தினபுரி, களுத்துறை, பொலன்னறுவை, கொழும்பு, குருநாகல், காலி, மாத்தறை, கம்பஹா, மன்னார், வவுனியா ஆகிய 22 மாவட்டங்களிலுள்ள  773 அறநெறிப் பாடசாலைகளின் 3250 ஆசிரியர்களுக்கு இக் கொடுப்பனவு இவ்வாண்டில் வழங்கப்பட்டுள்ளது."
Purchasing of Musical Instrument,இசைக்கருவிக் கொள்வனவும விநியோகமும்.
81 Suruthy Boxes and 80 Thalams were purchased this year.,இந்த ஆண்டு அறநெறிப் பாடசாலைகளுக்கு  வழங்குவதற்கென கொள்வனவு செய்யப்பட்ட 81 சுருதிப்பெட்டிகள் மற்றும் 80 தாளங்கள் கொள்வனவு செய்யப்பட்டன.
"These were provided to 79 Aranery Schools in Districts Jaffna, Batticaloa, Nuwara Eliya, Kilinochchi, Ratnapura, Kaluthara and Galle.","இவை யாழ்ப்பாணம், மட்டக்களப்பு, நுவரெலியா, கிளிநொச்சி, இரத்தினபுரி, களுத்துறை, காலி, ஆகிய மாவட்டங்களிலுள்ள 79 அறநெறிப் பாடசாலைகளுக்கு வழங்கப்பட்டுள்ளன."
Purchasing of Uniform Materials for Aranery School Students,அறநெறிப் பாடசாலை மாணவர்களுக்கான சீருடைக் கொள்வனவு.
Uniform materials are provided to Aranery School Students annually with free of charge by this Department.,இத் திணைக்களத்தின் மூலம்  அறநெறிப் பாடசாலை மாணவ மாணவியர்களுக்கு வருடந்தோறும் இலவசமாக சீருடைத் துணிகள் வழங்கப்படுகின்றன.
"Accordingly, 65,050 meters uniform materials have been purchased in 3 stages and provided to 22, 857 Aranery School Students including 10,968 male students and 11, 889 female students of 13 Districts of Kandy, Matale, Nuwara Eliya, Batticaloa, Kaluthara, Jaffna, Mannar, Kilinochchi, Mullaitivu,Badulla, Colombo, Galle and Ratnapura.","இதற்கமைவாக மூன்று கட்டமாக 65,050 மீற்றர் சீருடைத்துணி கொள்வனவு செய்யப்பட்டு இதில் கண்டி, மாத்தளை, நுவரெலியா, மட்டக்களப்பு, களுத்துறை, யாழ்ப்பாணம், மன்னார், கிளிநொச்சி, முல்லைத்தீவு  பதுளை, கொழும்பு, காலி, இரத்தினபுரி ஆகிய 13 மாவட்டங்களிலுள்ள 311 அறநெறிப் பாடசாலைகளின்  10,968 ஆண்பிள்ளைகளுக்கும், 11,889 பெண்பிள்ளைகளுக்கும் வழங்கப்பட்டுள்ளதுடன் இத்திட்டத்தின் மூலம் மொத்தமாக 22,857 இந்து அறநெறிப் பாடசாலைகளைச் சேர்ந்த மாணவர்கள் பயனடைந்துள்ளனர்."
Pannisai Classes,பண்ணிசை வகுப்புக்கள்
Pannisai classes are conducted at District level every year to encourage the talent of Aranrery School Students in pannasai.,அறநெறிப் பாடசாலை மாணவர்களின் பண்ணிசை ஆற்றலை ஊக்குவிக்கும் வகையில் ஒவ்வோர் ஆண்டிலும் மாவட்ட மட்டங்களில் பண்ணிசை வகுப்புக்கள் நடத்தப்படுகின்றன.
"437 Pannisai classes have been conducted in Kaluthara, Jaffna, Batticaloa and Badulla Districts.","இவ்வாண்டில் 437 பண்ணிசை வகுப்புக்கள் களுத்துறை, யாழ்ப்பாணம், மட்டக்களப்பு, பதுளை, ஆகிய மாவட்டங்களில் நடைபெற்றுள்ளன."
Seminars on pannisai was conducted at Bulathsinhala on 20.12.2014 for Aranery school students of Kaluthara District,களுத்துறை மாவட்ட அறநெறிப் பாடசாலை  மாணவர்களுக்கான பண்ணிசைக் கருத்தரங்கு 20.12.2014 புளத்சிங்கள வில் நடைபெற்றது.
For Aranery school students of Badulla and Batticaloa Districts seminars on pannisai was conducted at Lunugala on 20.12.2014.,பதுளை மற்றும் மட்டக்களப்பு மாவட்ட அறநெறிப் பாடசாலை மாணவர்களுக்கான பண்ணிசைக் கருத்தரங்கு 20.12.2014 லுணுகலையில்  நடைபெற்றது.
Provision for Capital for the Development of Aranery Schools.,அறநெறிப் பாடசாலை அபிவிருத்திக்கான மூலதனத்துக்கான ஏற்பாடு
"In this basis, the fund was provided to 67 Aranery Schools of 18 Districts of Kandy, Kegalle, Colombo, Ratnapura, Kilinochchi, Batticaloa, Trincomalee, Jaffna, Vavuniya, Puttalam, Kaluthara, Mullaitivu, Badulla, Nuwara Eliya, Matale, Kurunagala, Galle and Polonnaruwa.","அதனடிப்படையில் கண்டி, கேகாலை, கொழும்பு, இரத்தினபுரி, கிளிநொச்சி, மட்டக்களப்பு, திருகோணமலை, யாழ்ப்பாணம், வவுனியா, புத்தளம், களுத்துறை, முல்லைத்தீவு, பதுளை, நுவரெலியா, மாத்தளை, குருநாகல், காலி, பொலன்னறுவை  ஆகிய 18 மாவட்டங்களைச் சேர்ந்த 67 அறநெறிப் பாடசாலைகளுக்கு நிதியுதவி வழங்கப்பட்டது."
Seminar on Pannisai - Kaluthara,பண்ணிசைக் கருத்தரங்கு - களுத்துறை
The following Hindu Religious Books were purchased for the reference purpose of Aranery School Students,அறநெறிப் பாடசாலை மாணவர்களின் துணை நூற் பயன்பாட்டிற்கெனப் பின்வரும் இந்து சமய நூல்கள் கொள்வனவு செய்யப்பட்டன
Spiritual Leadership Training for Hindu Youths,இந்து இளைஞர்களுக்கான ஆன்மீக தலைமைத்துவப் பயிற்சி
The spiritual leadership training and capacity building programme which improve the spiritual and capacity building of youth are conducted every year.,இந்து இளைஞர்களின் ஆன்மீக மற்றும் ஆளுமைப் பண்புகளையும் தலைமைத்துவத்தையும் வளர்க்கும் நோக்குடன் வருடந்தோறும் நடத்தப்படும்.
"It has been conducted on 19th and 20th of April in Badulla for the Hindu Aranery Schools youth in Badulla and Nuwara Eliya Districts, 5th and 6th of September in Kilinochchi Hindu College for Aranery Schools youths in Kilinochchi, October at Mankulam Sivasatkunanathar Achrama for Aranery Schools youth in Mullaitivu, Vavuniya and Mannar and 22nd and 23rd December in Ramakrishna Mission Hall, Colombo for Aranery Schools youths in Kegalle.","இப்பயிற்சி இவ்வாண்டு ஏப்ரல் மாதம் 19, 20 ஆம் திகதிகளில் பதுளை, நுவரெலியா மாவட்ட  இந்து அறநெறிப் பாடசாலை இளைஞர்களுக்கு பதுளையிலும்  செப்டம்பர் மாதம் 5, 6 ஆம் திகதிகளில் கிளிநொச்சி மாவட்ட இந்து அறநெறிப் பாடசாலை இளைஞர்களுக்கு கிளிநொச்சி இந்துக் கல்லூரியிலும், ஒக்டோபர் மாதம் முல்லைத்தீவு, வவுனியா, மன்னார் மாவட்ட இந்து அறநெறிப் பாடசாலை இளைஞர்களுக்கு  மாங்குளம் சிவசற்குணநாதர் ஆச்சிரமத்திலும் மற்றும் 22, 23 டிசம்பர் மாதம் கோகாலை மாவட்ட இந்து அறநெறிப் பாடசாலை இளைஞர்களுக்கு கொழும்பு இராமகிருஷ்ண மிஷன் மண்டபத்திலும் நடத்தப்பட்டுள்ளன."
527 Hindu youths participated and benefitted.,இப்பயிற்சி நெறியில் மொத்தமாக 527 இந்து இளைஞர்கள் பங்கு கொண்டு பயன் பெற்றனர்.
Financial Assistance for Aranery School Building under “Deyata Kirula” Programme,"""தேசத்திற்கு மகுடம்"" திட்டத்தின் கீழ் அறநெறிப் பாடசாலைகளுக்கான கட்டட நிதியுதவி"
Promotion of Hindu Religion,இந்துசமய மேம்பாடு
Department arranges and sponsors to conduct festivals in several Districts in order to promote Hindu religious activities and festivals.,"இந்துசமயப் பண்பாடு மற்றும் சமய விழாக்களை ஊக்குவிக்கும் நோக்குடன், திணைக்களம் பல்வேறு மாவட்டங்களிலும் விழாக்களை ஒழுங்கு செய்வதோடு, அனுசரணையையும் வழங்குகின்றது."
Lecture series on Hindu Religion,இந்துசமய விரிவுரைகள்
Hindu religious lectures have been conducted in temples and Hindu religious institutions by the religious Scholars.,ஆலயங்கள் மற்றும் இந்துசமய நிறுவனங்களில் சமயச் சொற்பொழிவாளர்கள் மூலம்  இந்து சமயச் சொற்பொழிவுகள் மற்றும் விரிவுரைகள் நடத்தப்படுகின்றன.
"121 religious lectures have been conducted up to now in 14 Districts namely Jaffna, Puttalam, Batticaloa, Ratnapura, Matala, Kandy, Ampara, Badulla, Colombo, Nuwara Eliya, Mullaitivu, Kilinochchi, Kaluthara and Galle.","இதுவரை யாழ்ப்பாணம், புத்தளம், மட்டக்களப்பு, இரத்தினபுரி, மாத்தளை, கண்டி, அம்பாறை, பதுளை, கொழும்பு, நுவரெலியா, முல்லைத்தீவு, கிளிநொச்சி, களுத்துறை, காலி ஆகிய 14 மாவட்டங்களில் 121 சமய விரிவுரைகள் நடாத்தப்பட்டுள்ளன."
Over 7500 public benefitted.,இதன் மூலம் 7500 ற்கும் மேற்பட்ட இந்துப் பொது மக்கள் பயன்பெற்றுள்ளனர்.
Guru Poojas,குருபூஜைகள்
Special programmes are conducted in temples to celebrate Guru Pooja Days of Hindu Saints.,இந்து சமய நாயன்மாரின் குருபூஜைத் தினங்களை அனுஷ்டிக்கும் முகமாக ஆலயங்களில் விசேட நிகழ்ச்சிகள் நடத்தப்படுகின்றன.
"Guru Poojas for 90 Hindu Saints have been conducted in 16 Districts namely Jaffna, Galle, Ratnapura, Colombo, Badulla, Nuwara Eliya, Mullaitivu, Kandy, Trincomalee, Mannar, Ampara, Batticaloa, Matale, Gampaha, Puttalam and Polonnaruwa","இவ்வாண்டு  யாழ்ப்பாணம்,காலி, இரத்தினபுரி, கொழும்பு, பதுளை, நுவரெலியா, முல்லைத்தீவு,கண்டி, திருகோணமலை, மன்னார், அம்பாறை, மட்டக்களப்பு, மாத்தளை, கம்பஹா, புத்தளம், பொலன்னறுவை  ஆகிய 16 மாவட்டங்களில் 90 நாயன்மார் குருபூஜைகள் இடம்பெற்றுள்ளன."
over 7200 Hindu people got benefits.,இதன் மூலம் 7200ற்கும் மேற்பட்ட இந்துப் பொது மக்கள் பயன்பெற்றுள்ளனர்.
Hindu Religious Festival,இந்து சமய விழாக்கள்
Thaippongal – Stamp Release,தைப்பொங்கல்- முத்திரை வெளியீடு
"Thaippongal special stamp was released with the sponsorship of Postal Department by Honorable Prime Minister on 2014.01.14 at Dhurkka Mani Mandapam, Jaffna.",2014.01.14 யாழ்ப்பாணம் துர்க்கா மணி மண்டபத்தில் தபால் திணைக்களத்தின் அனுசரணையுடன் கௌரவ. பிரதமர் அவர்களினால் தைப்பொங்கல் விஷேட முத்திரை வெளியீடு நடைபெற்றது.
Thaippongal Festival,தைப்பொங்கல் விழா
"Thaippongal celebration was arranged by the Department and celebrated in Jaffna Navalar Manimandapam, Vavuniya, Kilinochchi, Kaluthara, Colombo, Nuwara Eliya, Puttalam, Trincomalee and Batticaloa Districts on 2014.01.14.","2014.01.14 அன்று யாழ் நாவலர் மணி மண்டபம், வவுனியா, கிளிநொச்சி, களுத்துறை, கொழும்பு, நுவரெலியா, புத்தளம், திருகோணமலை, மட்டக்களப்பு, ஆகிய மாவட்டங்களில் திணைக்களத்தின் ஏற்பாட்டில் பொங்கல் விழா நடைபெற்றது"
Maha Sivarathri Pooja,மகா சிவராத்திரி விழா
"Special Pooja and Spiritual Cultural Programmes were conducted with the assistance of the Department on 20th March at Sivan Temple, Ratnapura in order to celebrate Maha Sivarathri Fasting.",திணைக்களத்தின் அனுசரணையுடன் இவ்வாண்டு மார்ச் 20ஆம் திகதி மஹா சிவராத்திரி விரதத்தை முன்னிட்டு விசேட பூஜைகள் மற்றும் ஆன்மீக கலைநிகழ்ச்சிகள் இரத்தினபுரி சிவன் ஆலயத்தில் நடைபெற்றன.
"Deputy Minister of Budhasasana and Religious Affairs, Members of Parliament from Ratnapura District, District Secretary,Director from Department and several guests participated in this occasion.","இவ் விழாவில் புத்தசாசன மற்றும் மத அலுவல்கள் அமைச்சின் பிரதி அமைச்சர், இரத்தினபுரி மாவட்ட பாராளுமன்ற உறுப்பினர்கள், மாவட்ட செயலாளர், திணைக்கள பணிப்பாளர் உட்பட பல பிரமுகர்கள் கலந்து கொண்டனர்."
"Further to this, special pooja and cultural programmes were conducted in the temples in Galle, Mullaitivu, Jaffna, Puttalam, Badulla, Trincomalee, Batticaloa, Kilinochchi and Polonnaruwa Districts with the assistance of the Department.","மேலும் சிவராத்திரியை முன்னிட்டுகாலி, முல்லைத்தீவு, யாழ்ப்பாணம், புத்தளம், பதுளை, திருகோணமலை, மட்டக்களப்பு, கிளிநொச்சி, பொலன்னறுவை ஆகிய மாவட்டங்களின் ஆலயங்களில் விசேட பூஜைகளும், கலை நிகழ்வுகளும் திணைக்களத்தின் அனுசரணையுடன் நடாத்தப்பட்டன."
"Sivarathri Festival conducted at Sivan Temple, Ratnapura",இரத்தினபுரி சிவன் ஆலயத்தில் நடைபெற்ற சிவராத்திரி விழா
Navarathri Function,நவராத்திரி விழா
"50 Navarathri Poojas were conducted at District level from 24th Sep to 03rd October in 19 Districts namely Jaffna, Batticaloa, Kandy, Nuwara Eliya, Kilinochchi, Mullaitivu, Ampara, Matale, Badulla, puttalam, Trincomalee, Matara, Ratnapura, Kaluthara, Polonnaruwa, Colombo, Galle, Gampaha, and Vavuniya","திணைக்களத்தின் அனுசரணையுடன் செப்டெம்பர் மாதம் 24 திகதி தொடக்கம் ஒக்டோபர் மாதம் 03 ம் திகதி வரை யாழ்ப்பாணம், மட்டக்களப்பு, கண்டி, நுவரெலியா, கிளிநொச்சி, முல்லைத்தீவு, அம்பாறை, மாத்தளை, பதுளை, புத்தளம், திருகோணமலை, மாத்தறை, இரத்தினபுரி, களுத்துறை, பொலன்னறுவை, கொழும்பு, காலி, கம்பஹா, வவுனியா19 மாவட்ட மட்டங்களில் 50 நவராத்திரி விழா வைபவமும் இடம்பெற்றது."
"Sivarathri was also celebrated in the Parliament on 25.09.2014 with the presence of Members of Parliament, Secretaries to the Ministries, Directors of the Departments and other Officers.","25.09.2014 அன்று பாராளுமன்றத்தில் நடைபெற்ற விழாவில் பாராளுமன்ற உறுப்பினர்கள், அமைச்சின் செயலாளர், திணைக்களப் பணிப்பாளர்கள் மற்றும் உத்தியோகத்தர்களும் பங்குபற்றினர்."
Cultural Programmes were also conducted by the school students from Jaffna and Mullaitivu Districts.,இதில் யாழ்ப்பாணம் மற்றும் முல்லைத்தீவு பாடசாலை மாணவர்களின் கலை நிகழ்ச்சிகளும் இடம்பெற்றன.
“Punya Grama” Programme,புண்ணிய கிராம நிகழ்ச்சித் திட்டம்
"In order to gather vulnerable people and teach them about Hindu moral characters, this progrmme was arranged in selected vulnerable areas.","தெரிவு செய்யப்பட்ட, மிகவும் பின்தங்கிய பிரதேசங்களில் பொது மக்களை ஒன்று கூட்டி இந்துமத ஒழுக்கப் பண்புகளைப் போதிக்கும் வகையிலான நிகழ்வுகள் நடாத்தப்பட்டன."
"from 09 Districts namely Jaffna, Kilinochchi, Batticaloa, Galle, Badulla, Vavuniya and Ratnapura 14 Programmes were conducted.","இத்திட்டத்தின் கீழ் யாழ்ப்பாணம், கிளிநொச்சி,  மட்டக்களப்பு, காலி, பதுளை, வவுனியா, இரத்தினபுரி, முதலான 09 மாவட்டங்களில் 14  புண்ணிய கிராம நிகழ்வுகள் நிகழ்த்தப்பட்டன."
over 2050 public and school students participated and got benefits.,"2050க்கும் மேற்பட்ட பொது மக்கள், மற்றும் பள்ளி மாணவர்கள் இவற்றில் பங்குகொண்டு பயன் பெற்றனர்."
Classes conducted in Nallur Navalar Manimandapam,நல்லூர் மணிமண்டபத்தில் இடம்பெறும் வகுப்புக்கள்
"To improve the physical, mental, religious and cultural interest of Aranery School Students, 174 Yoga classes, 64 Miruthanka classes, 75 Violin classes, 102 Pannisai classes and 03 Hindu Saints Guru Poojas and Thiruvasaka festival were conducted at Nallur Navalar Manimandapam which is administrated by the Department.","திணைக்கள நிர்வாகத்திலுள்ள யாழ்ப்பாணம் நல்லூர் நாவலர் மணிமண்டபத்தில் அறநெறிப் பாடசாலை மாணவர்களின் உடல், உள, ஆரோக்கியத்தினையும் கலாசார வளர்ச்சியினையும் நோக்காகக் கொண்டு 174 யோகாசன வகுப்புகளும் 64 மிருதங்கம் வகுப்புகளும், 75 வயலின் வகுப்புக்களும் 102 பண்ணிசை வகுப்புக்களும் மற்றும் 03 நாயன்மார்களின் குருபூசைகள், நவராத்திரிவிழா மற்றும் திருவாசகவிழா ஆகியனவும் நடத்தப்பட்டுள்ளன."
"54 Yoga classes, 430 Dance classes and Navarathri Pooja have been conducted to improve the Physical, Mental, Religious and Cultural interest of Aranery School students of Navatkuda Hindu Cultural Centre in Batticaloa which is administrated by the Department.","திணைக்கள நிர்வாகத்திலுள்ள மட்டக்களப்பு நாவற்குடா இந்து கலாசார நிலையத்தில் அறநெறிப் பாடசாலை மாணவர்களின் உடல் உள ஆரோக்கியம் மற்றும் கலை ஆர்வத்தினை மேம்பாடடைவதை நோக்காகக் கொண்டு 54 யோகாசன வகுப்புக்களும்,430 நடன வகுப்புக்களும் மற்றும் நவராத்திரிவிழா ஆகியன நடத்தப்பட்டுள்ளன."
Deyata Kirula – Exhibition,தேசத்திற்கு மகுடம் - கண்காட்சி
"With the concept of Crown to Nation, an exhibition was taken place from 21st January to 2nd February 2014 in Vayamba University, Kurunagala.","2014 ஆம் ஆண்டு ஜனவரி 21 ம் திகதியிலிருந்து 2014 பெப்ரவரி 02 ஆம் திகதி வரை “தேசத்திற்கு மகுடம்"" எனும் கருப்பொருளிலான  கண்காட்சியொன்று குருணாகல் வயம்ப பல்கலைக்கழகத்தில் நடைபெற்றது."
All Ministries and Departments of Sri Lanka participated and arranged exhibition stalls.,இக்கண்காட்சியில் இலங்கையின் அனைத்து அமைச்சுக்களும் திணைக்களங்களும் பங்குபற்றி காட்சிக்கூடங்களை அமைத்திருந்தன.
"Action Plan, Information related to Programmes and Photographs were exhibited in the exhibition stall allocated for the Department of Hindu Religious and Cultural Affairs and the books published by the Department, exhibits which reveals Hindu tradition were also exhibited.","இந்துசமய கலாசார அலுவல்கள் திணைக்களத்திற்காக ஒதுக்கப்பட்டிருந்த காட்சிக் கூடத்தில் திணைக்களத்தால் நடாத்தப்படும், செயற்திட்டங்கள், நிகழ்வுகள் தொடர்பான விபரங்கள் மற்றும் புகைப்படங்கள்  என்பன விளக்கங்களுடன் காட்சிப்படுத்தப்பட்டிருந்ததுடன்  திணைக்களம் வெளியிட்ட நூல்கள் மற்றும் இந்துப் பாரம்பரியத்தை உணர்த்தும் வகையிலான காட்சிப் பொருட்கள் போன்றவையும் காட்சிக்கு வைக்கப்பட்டிருந்தன."
Other Festivals,ஏனைய விழாக்கள்
Special Poojas were taken place at Sri Kathirvelautha Temple in Kegalle in order to celebrate 66th Independence Day of Sri Lanka.,"இலங்கையின் 66 ஆவது சுதந்திர தினத்தை முன்னிட்டு 04.02.2014 ஆம் திகதி இந்துசமய, கலாசார அலுவல்கள் திணைக்களத்தின் ஏற்பாட்டில் கேகாலை ஸ்ரீ கதிர்வேலாயுத சுவாமி ஆலயத்தில் விசேட பூஜைகள்  இடம்பெற்றன."
"Sabragamuwa Provincial Council Members, Kegalle District Secretary, Additional Secretary of this Ministry, Director and Officers of this Department and public participated at the event.","இப் பூஜையில் சப்ரகமுவ மாகாண சபை உறுப்பினர்கள், கோகாலை மாவட்ட செயலாளர், அமைச்சின் மேலதிகச் செயலாளர், இத் திணைக்களத்தின் பணிப்பாளர், உத்தியோகத்தர்கள் மற்றும் பொது மக்களும் கலந்து சிறப்பித்தார்கள்."
"Further, Tamil literature and cultural festival was also conducted in Polonnaruwa and Badulla Districts and over 365 public participated and benefitted.","அத்துடன் பொலன்னறுவை, பதுளை மாவட்டங்களில் நடைபெற்ற தமிழ் இலக்கிய கலாசார விழாவில் 365க்கும் மேற்பட்டோர் கலந்து கொண்டு பயன் பெற்றனர்."
Language ability for Hindu Priest and Aranery School Teachers,இந்துக் குருமார்கள் மற்றும் அறநெறி ஆசிரியர்களுக்கான பிற மொழிப் புலமை
Training classes to improve language ability of Hindu priest and Aranery School Teachers were started in August 2014 in Batticaloa and Jaffna Districts.,இந்துக் குருமார்கள் மற்றும் அறநெறி ஆசிரியர்களுக்குப் பிற மொழிகளிலும் புலமையினை மேம்படுத்தும் நோக்கில் இப் பயிற்சி நெறியானது மட்டக்களப்பு மற்றும் யாழ்ப்பாணம் மாவட்டங்களில் ஆகஸ்ட் மாதம் 2014 இல் ஆரம்பித்து வைக்கப்பட்டது.
"24 Sinhala classes, 24 English classes in Jaffna District and 41 Sinhala classes, 24 English classes in Batticaloa District have been conducted.",அதனடிப்படையில் இப் பயிற்சிநெறி யாழ்ப்பாணத்தில் 24 சிங்கள வகுப்புகளும் மற்றும் 24 ஆங்கில வகுப்புகளும் அதேபோன்று மட்டக்களப்பில் 41 சிங்கள வகுப்புகளும் நடைபெறறுள்ளன.
Independence Day Special Pooja - Kegalle,சுதந்திரதின விஷேட பூஜை - கேகாலை
“Iniya Vasamtham”- Hindu Buddhist integrated programme (from Ministry Allocation),"""இனிய வசந்தம்"" இந்து பௌத்த ஒருங்கிணைப்பு நிகழ்ச்சி (அமைச்சினூடாக  ஒதுக்கீட்டிலிருந்து)"
Department of Buddha Religious Affairs joined with Department of Hindu Religious and Cultural Affairs is conducting Hindu Buddhist integrated programme with the guidance of the Ministry of Buddhasasana and Religious Affairs.,"புத்தசாசனம் மற்றும் மத அலுவல்கள் அமைச்சின் வழிகாட்டலுடன் பௌத்த மத அலுவல்கள் திணைக்களமும், இந்து சமய கலாசார அலுவல்கள் திணைக்களமும் இணைந்து இந்து பௌத்த ஒருங்கிணைப்பு நிகழ்ச்சியினை நடாத்தி வருகின்றன."
This programme was organized to make unity and understanding between Hindu and Buddhists.,"இந் நிகழ்வானது இந்து மற்றும் பௌத்த மக்களிடையே ஒற்றுமையையும், புரிந்துணர்வையும் ஏற்படுத்தும் நோக்குடன் ஒழுங்கு செய்யப்பட்டுள்ளது."
"Students, teachers, parents and priests of both Hindu and Buddhist get together in a place and exchange their opinions which lead to know about the arts, culture and traditions of each community.","இந் நிகழ்வில் இந்து பௌத்த மாணவர்கள், ஆசிரியர்கள், பெற்றோர்கள், மத குருமார்களை ஓர் இடத்தில் ஒன்று கூடச்செய்வதோடு, பரஸ்பரம் கருத்துப் பரிமாற்றங்களைச் செய்வதுடன், இரு இனங்களுக்கிடையிலான கலை, கலாசார, பாரம்பரிய விழுமியங்களைத் தெரிந்து கொள்வதற்கு வழி வகுக்கும் ஓரு நிகழ்ச்சித் திட்டமாக அமைகின்றது."
08 Programmes were conducted this year.,2014 இல் 08 நிகழ்ச்சிகள் இடம்பெற்றுள்ளன.
"Conducted at Kallady Hindu Culture Centre, Batticaloa from 03.05.2014 to 04.05.2014.","03.05.2014 முதல் 04.05.2014 வரை மட்டக்களப்பு, கல்லடியிலுள்ள இந்து கலாசார நிலையத்தில் நடைபெற்றது."
"Conducted at Welikanda, Alsepura, Maithirugama Sri Sutharshnarama Vihara, Polonnaruwa from 31.05.2014 to 01.06.2014.","31.05.2014 முதல் 01.05.2014 வரை பொலன்னறுவையிலுள்ள வெலிகந்த, அசேலபுர, மைத்திரிகம, ஸ்ரீ சுதர்ஷணாராம விஹாரையில் நடைபெற்றது."
"Conducted at Kopay Christian College, Jaffna from 20.06.2014 to 22.06.2014.",20.06.2014 முதல் 22.06.2014 வரை யாழ்ப்பாணம் கோப்பாய் கிறிஸ்தவ கல்லூரியில் நடைபெற்றது.
"Conducted at Mahawa, Ehala Sri SutharnaramaVihara, Puttalam from 26.07.2014 to 27.07.2014.","26.07.2014 முதல் 27.07.2014 வரை புத்தளம், மகவ, இகல ஸ்ரீ சுதர்ஷணாராம விஹாரையில் நடைபெற்றது"
"Conducted at Bhothikshinarama Vihara, Vavuniya from 23.08.2014 to 24.08.2014.",23.08.2014 முதல் 24.08.2014 வரை வவுனியா போதிதக்ஷினாராம விஹாரையில் நடைபெற்றது.
"Conducted at Thirukketheeswaram, Mannar from 13.09.2014 to 14.09.2014.",13.09.2014 முதல் 14.09..2014 வரை மன்னார் திருக்கேதீச்சரத்தில் நடைபெற்றது
"Conducted at Mahadeva Achchirama, Kilinochchi from 04.10.2014 to 05.10.2014.",04.10.2014 முதல் 05.10.2014 வரை கிளிநொச்சி மகாதேவ ஆச்சிரமத்தில் நடைபெற்றது.
"Conducted at Kokkeralla Uthurupavva Vihara, Kurunagala from 08.11.2014 to 9.11.2014.",08.11.2014 முதல் 09.11.2014 வரை குருநாகல் கொக்கரல்ல உதுறுபவ்வ விகாரையில் நடைபெற்றது.
For the program in Batticaloa,மட்டக்களப்பில் நடைபெற்ற நிகழ்வில்
"Siththi Vinayakar Aranery School,","சித்திவிநாயகர் அறநெறிப் பாடசாலை,"
"Sri Veeraiyadi Aranery School,","ஸ்ரீ வீரையடி விநாயகர் அறநெறிப் பாடசாலை,"
"Sivasakthi Aranery School,","சிவசக்தி அறநெறிப் பாடசாலை,"
"Sri Nagalinga Vairavar Aranery School,","ஸ்ரீ நாலிங்க வைரவர் அறநெறிப் பாடசாலை,"
"Sri Muthumaariyamman Aranery School,","ஸ்ரீ முத்துமாரியம்மன் அறநெறிப் பாடசாலை,"
Vivekanada Aranery School,"விவேகாநந்தா அறநெறிப் பாடசாலை,"
"Bharathiyar Aranery School,",பாரதியார் அறநெறிப் பாடசாலை
For the programmes in Jaffna,யாழ்ப்பாணத்தில் நடைப்பெற்ற நிகழ்வில்
"Sri Pararaja Pillaiyar Aranery School,","ஸ்ரீ பரராஜ பிள்ளையார் அறநெறிப் பாடசாலை,"
"Sivagami Aranery School,","சிவகாமி அறநெறிப் பாடசாலை,"
"Sri Selvakkathirgama Mrugan Aranery School,","ஸ்ரீ செல்வக்கதிர்காம முருகன் அறநெறிப் பாடசாலை,"
"Nellandaiyamman Aranery School,","நெல்லண்டை அம்மன் அறநெறிப் பாடசாலை,"
Sivaththamil Aranery School,"சிவத்தமிழ் அறநெறிப் பாடசாலை,"
"Sivan Aranery School,","சிவன் அறநெறிப் பாடசாலை,"
"Sri Muthumariyamman Aranery School,","ஸ்ரீ முத்துமாரியம்மன் அறநெறிப் பாடசாலை,"
"Poompuhar Siththivinayakar Aranery School,","பூம்புகார் சித்திவிநாயகர் அறநெறிப் பாடசாலை,"
Sri Murugan Aranery School,"ஸ்ரீ முருகன் அறநெறிப் பாடசாலை,"
"Siththi Vinayakar Aranery School in Mannar,","சித்திவிநாயகர் அறநெறிப் பாடசாலை,"
For programmes in Kilinochchi,கிளிநொச்சியில் நடைபெற்ற நிகழ்வில்
"Sittoondi Vinayakar Aranery School,","சிற்றூண்டி விநாயகர் அறநெறிப்பாடசாலை,"
"Arulmigu Kandasamy Aranery School,",அருள்மிகு கந்தசுவாமி அறநெறிப்பாடசாலை மற்றும்
Swamy Vivekanadar Aranery School and,சுவாமி விவேகானந்தர் அறநெறிப்பாடசாலை மற்றும்
Sri Naagapoosaniyamman Aranery School were participated.,ஸ்ரீ நாகபூசணி அம்மன் அறநெறிப் பாடசாலை ஆகியனவும் பங்குப்பற்றிக் கொண்டன.
"Iniya Vasamtham Programme, Batticaloa","இனியவசந்தம் நிகழ்ச்சி, மட்டக்களப்பு"
Research on Hindu Religious Culture,இந்து சமய கலாசார ஆராய்ச்சி
Hindu Religious Research Conference,இந்து சமய ஆராய்ச்சிக் கருத்தரங்கு
"Department arranges research related to Hindu Religion annually with This year research on the heading of “Thiruvathavurarum Saivaththirunerium” was conducted from last 18th July to 20th July at Saraswathy Mandapam, Bamblapitiya.","திணைக்களம் வருடம்தோறும் ஏற்பாடு செய்கின்ற இந்து சமயம் தொடர்பான ஆய்வரங்கின் ஓர் அம்சமாக இவ்வாண்டு “திருவாதவூரரும் சைவத்திருநெறியும்” எனும் தலைப்பிலான ஆய்வரங்கு கடந்த ஜுலை மாதம் 18 ஆம் திகதி முதல் 20 ஆம் திகதி வரை பம்பலபிட்டி, சரஸ்வதி மண்டபத்தில் நடைபெற்றது."
Two items were taken place as research session and stage programmes.,"ஆய்வரங்கு அமர்வுகள், கலையரங்கு நிகழ்வுகள் என இரு அம்சங்களாக நடைபெற்றன."
45 essays were submitted as research essays in 15 sessions of these 3 days.,இம் மூன்று தினங்களிளும் 15 அமர்வுகளில் 45 கட்டுரைகள் ஆய்வுக்கட்டுரைகளாகச் சமர்பிக்கப்பட்டன.
"In the second day evening programme,the Prime Minister of Government of Republic Socialist of Sri Lanka and also Secretary to the Ministry of Buddhasasana and Religious Affairs participated as the Chief Guest and released research book and cassette.","இரண்டாம் நாள் மாலை நிகழ்வில் இலங்கை ஜனநாயக சோசலிசக் குடியரசின் பிரதமரும், புத்தசாசன மற்றும் மத அலுவலகள் அமைச்சர் பிரதம விருந்தினராகக் கலந்து கொண்டு ஆய்வு நூலினையும் ஒலிப்பேழையினையும் வெளியிட்டு வைத்தார்."
"In these 3 days event, every day 200 public including university students, school students and interested public on Hindu Religion participated and benefitted.","இம் மூன்று தினங்களிலும் பல்கலைக்கழக, பாடசாலை மாணவர்கள் மற்றும் இந்து சமய ஆர்வலர்கள் அடங்கலாக  ஒவ்வொரு நாளும் தலா 200 பேர் வரையில் கலந்து கொண்டு பயன் பெற்றனர்."
"Release of Cassette consisting Essays submitted in the Research Seminar, Suvioner,12th compilation of Hindu Encylopedia and Thiruvasaka songs.","ஆய்வரங்கு கட்டுரைத்தொகுப்பு, சிறப்பு மலர், இந்துக் கலைக் களஞ்சியம் - 12 ம் தொகுதி மற்றும் திருவாசக பாடல்கள் அடங்கிய ஒலிப்பேழை வெளியீடு."
"The book “Moovar Thamilum Saivanerium” which was submitted in the previous year Research Seminar, 12th compilation of Hindu Encyclopedia and Thiruvasaka songs cassette were released.","முன்னைய ஆண்டு நடத்தப்பட்ட ஆய்வரங்கின் போது சமர்ப்பிக்கப்பட்ட கட்டுரைத் தொகுப்பான “மூவர் தமிழும் சைவ நெறியும்” எனும் நூலும் “இந்துக் கலைக் களஞ்சியம் 12ம் தொகுதி"" நூலும் மற்றும் திருவாசகப் பாடல்கள் அடங்கிய ஒலிப்பேழையும் வெளியிடப்பட்டன."
750 copies of the book “Moovar Thamilum Saivanerium” consisting 40 research essays in 644 pages were printed and published.,“மூவர் தமிழும் சைவ நெறியும்” எனும் 40 ஆய்வுரைக் கட்டுரைகளுடன் 644 பக்கங்களைக் கொண்ட நூலில் 750 பிரதிகள் அச்சிடப்பட்டு வெளியிடப்பட்டுள்ளன.
"During the first day of this event, “Thiruvathavurarum Saivanerium”, 1000 published copies of this souvenir was printed and distributed to the participants with free of charge.",ஆய்வரங்கின் தொடக்க வைபவத்தின் போது இவ்வாண்டின் தலைப்பினை ஒட்டியதாக “திருவாதவூரரும் சைவத்திருநெறியும்” எனும் தலைப்பில் சிறப்பு மலர் 1000 பிரதிகள் அச்சிடப்பட்டு ஆய்வரங்கில் பங்கேற்றவர்களுக்கு இலவசமாக விநியோகிக்கப்பட்டது.
This book contains 10 essays in 182 pages.,இந் நூல் 10 ஆய்வுரைக் கட்டுரைகளுடன் 182 பக்கங்களைக் கொண்டு அமைந்துள்ளது.
"Publication of New Year Panchangam, Gopuram, Panpadu Information Books","புதுவருட பஞ்சாங்கம்,கோபுரம், பண்பாடு தகவல் இதழ்கள்; வெளியீடு."
3000 Copies of each1st and 2nd edition of “ Gopuram” which consists of information about the Department have been published and distributed and 1000 copies of each 1st and 2nd edition of “Panpadu” which is department research book have also been printed and distributed.,"திணைக்களத் தகவல்களை உள்ளடக்கிய இதழான “கோபுரம்” முதலாவது, இரண்டாம் பதிப்பில் தலா3000 பிரதிகள் அச்சிடப்பட்டு விநியோகிக்கப்பட்டுள்ளன அத்துடன் திணைக்கள ஆய்வு இதழான “பண்பாடு” இதழின் முதலாவது, இரண்டாம் பதிப்பில் தலா 1000 பிரதிகள் அச்சிடப்பட்டு விநியோகிக்கப்பட்டுள்ளன."
"12,000 Copies of “Hindu Pnachangam” were published and provided to people, temples and Hindu Organizations","“இந்துப் பஞ்சாங்கம்” 12,000 பிரதிகள் அச்சிடப்பட்டு பொதுமக்களுக்கும், ஆலயங்களுக்கும், இந்து நிறுவனங்களுக்கும் வழங்கப்பட்டன."
4000 copies of Pillaiyaar Kathai was published and distributed.,அத்துடன் பிள்ளையார் கதை 4000 பிரதிகள் அச்சிடப்பட்டு பொதுமக்களுக்கு விநியோகிக்கப்பட்டது
15 Kinds of books were distributed to 150 schools and public libraries in all Islands in order to celebrate the month of reading.,வாசிப்பு மாதத்தினை முன்னிட்டு 15 வகையிலான நூல்கள் நாடு பூராகவுள்ள 150 பாடசாலை மற்றும் பொது நூலகங்களுக்கு விநியோகிக்கப்பட்டுள்ளன.
Sanskrit Language Classes,சமஸ்கிருத மொழி வகுப்புக்கள்
3 Months Sanskrit classes started in Jaffna and Colombo.,"மூன்று மாத கால சமஸ்கிருத மொழி வகுப்புக்கள் யாழ்ப்பாணத்திலும், கொழும்பிலும் ஆரம்பிக்கப்பட்டன."
28 classes with 25 students in Colombo and 29 classes with 12 students in Jaffna have been conducted.,இதில் கொழும்பில் 25 மாணவர்களுடன் 28 வகுப்புக்களும் யாழ்ப்பாணத்தில் 12 மாணவர்களுடன் 29 வகுப்புக்களும் நடைபெற்றுள்ளன.
"Certificates awarding ceremony was conducted under the chairmanship of Mrs.Shanthi Navukarasan, Director of the Department on 21.06.2014 at Gurukulam, Jaffna and on 20.06.2014 at Conference Hall of the Department, Colombo.","இதன் இறுதி நிகழ்வு, சான்றிதழ் வழங்கும் வைபவம் 21.06.2014 அன்று யாழ்ப்பாணம் குருகுலத்திலும் 29.06.2014 அன்று திணைக்கள கேட்போர் கூடத்திலும், திணைக்கள பணிப்பாளர் திருமதி சாந்தி நாவுக்கரசன் அவர்களின் தலைமையில் நடைபெற்றதுடன் பயிற்சி பெற்ற மாணவர்கள் சான்றிதழ்களைப் பெற்றுக் கொண்டனர்."
Saiva Siththantha Classes,சைவசித்தாந்த வகுப்புக்கள்
Department arranged and conducted Saiva Siththantha Classes for the people who are interested in it.,சைவசித்தாந்த ஆர்வலர்களுக்கென திணைக்களத்தினால் வகுப்புக்கள் ஒழுங்கு செய்யப்பட்டு நடத்தப்பட்டது.
"It was conducted on 04th and 05th of April 2014 at Vivekananda College, Orr’s Hill, Trincomalee.","இந்த ஆண்டு சைவசித்தாந்த வகுப்புக்கள் 2014 ஏப்ரல் 04ம், 05 ம் திகதிகளில் திருகோணமலை, உவர்மலை விவேகானந்தா கல்லூரியில் இடம்பெற்றது."
"As per the request of school teachers, and students, the classes were conducted for the students who learn Hindu Religion and Hinduism.","இம்முறை பாடசாலை ஆசிரியர்கள், மாணவர்களின் வேண்டுகோளுக்கிணங்க பாடசாலைகளில் இந்து சமயம், இந்து நாகரீகம் கற்கும் மாணவர்களுக்கு இவ் வகுப்புக்கள் நடைபெற்றன."
Over 350 teachers and students participated and benefitted.,இதில் 350 ற்கும் மேற்பட்ட ஆசிரியர்கள் மற்றும் மாணவர்கள் கலந்து கொண்டு பயன்பெற்றனர்.
Research meetings and Discussions,ஆராய்ச்சிக் கூட்டங்களும் கலந்துரையடல்களும்
08 Discissions were conducted by the Advisory Committee relating 12th compilation of Hindu Encyclopedia and printing of rare books.,"இந்துக் கலைக்களஞ்சிய 12 ம் தொகுப்பு மற்றும் அரிய நூல் பதிப்பு தொடர்பாக, ஆலோசனைக் குழு இதுவரையில் 08 கலந்துரையாடற் கூட்டங்களை நடத்தியுள்ளது."
Seminar on Sculpture and Architecture,சிற்பக்கலை மற்றும் கட்டடக்கலை தொடர்பான கருத்தரங்கு.
Residential seminar on Sculpture and Architecture were conducted in 3 stages 1st and 2nd of July in Vavuniya 03rd and 04th of July in Kilinochchiand 06th and 07th of July in Mullaitivu.,"ஆலயங்களின் கட்டட மற்றும் சிற்பக் கலை தொடர்பான வதிவிடக் கருத்தரங்கு யூலை 01,02 ஆம் திகதிகளில் வவுனியாவிலும், 03,04 ஆம் திகதிகளில் கிளிநொச்சியிலும் 05,06 ஆம் திகதிகளில் முல்லைத்தீவிலுமாக மூன்று கட்டங்களாக நடைபெற்றன."
"250 public in Vavuniya, 175 public in Kilinochchi and 175 public in Mullaitivu including A/L students and teachers participated in these seminars.","இதன்போது உயர்தர வகுப்பு மாணவர்கள், ஆசிரியர்கள் உட்பட வவுனியாவில் 250 பேரும், கிளிநொச்சியில் 175 பேரும், முல்லைத்தீவில் 175 பேரும் கலந்து கொண்டு பயன் பெற்றனர்."
Seminars to Government School Teachers who Teach Hindu Religion,அரச பாடசாலைகளில் இந்து சமயம் கற்பிக்கும் ஆசிரியர்களுக்கான கருத்தரங்கு.
"80 Government school teachers who are engaged in teaching Hindu religion benefitted by the seminar conducted from 15.09.2014 to 17.09.2014 in Ratnapura, Galle, Kegalle, Matara, Colombo and Kaluthara Districts.","அரச பாடசாலைகளில் இந்துசமய பாடம் கற்பிக்கும் ஆசிரியருக்கான கருத்தரங்கு திணைக்கள கேட்போர் கூடத்தில் 15.09.2014 ஆம் திகதி தொடக்கம் 17.09.2014 ஆம் திகதி வரை நடைபெற்றது. இதில் இரத்தினபுரி, காலி, கேகாலை, மாத்தறை, கொழும்பு மற்றும் களுத்துறை மாவட்டங்களைச் சேர்ந்த 80 ஆசிரியர்கள் கலந்து கொண்டு பயன் பெற்றனர்."
Manual for Famous Temples and Guideline Books for Hindu Temples,பிரசித்தி பெற்ற கோவில்களின் கையேடு மற்றும் இந்து ஆலயங்களுக்கான வழிகாட்டி நூல்
It has been decided to publish a manual consisting historical specialities of famous Hindu temples in Sri Lanka for the benefits of local and foreign devotees.,"இலங்கையின் பிரசித்தி பெற்ற இந்துக் கோவில்களின் வரலாற்றுச் சிறப்புக்களையும் விளக்கும் ஒரு கையேட்டினை வெளிநாட்டு, உள்நாட்டு பக்தர்களின் நலன் கருதி வெளியிடத் தீர்மானிக்கப்பட்டுள்ளது."
"The temples in Jaffna, Mullaitivu, Batticaloa, Ampara, Trincomalee and further 76 temples have been selected and started to write essays until now.","இதுவரையில் கையேட்டில் அடங்கும் ஆலயங்களில், யாழ்ப்பாணம், முல்லைத்தீவு, மட்டக்களப்பு, அம்பாறை, திருகோணமலை ஆகிய மாவட்டங்களின் ஆலயங்களும், மேலதிகமாக 76 ஆலயங்களும் தெரிவு செய்யப்பட்டு கட்டுரைகள் எழுதப்படுகின்றன."
"Further, photographs of 10 famous temples in Jaffna have also been taken.",அத்துடன் யாழ்ப்பாணத்திலுள்ள பிரசித்தி பெற்ற 10 ஆலயங்களின் புகைப்படங்கள் எடுக்கப்பட்டுள்ளன.
Dictionary for Tamil Words used in Eelam,ஈழத்து தமிழ்ச் சொல் அகராதி
This program is implemented to prepare a dictionary gathering Tamil words used by Sri Lankan Tamils.,இலங்கைத் தமிழ் மக்களின் வழக்கிலுள்ள தமிழ்ச் சொற்களை ஒன்று திரட்டி ஓர் அகராதியினை உருவாக்கும் நோக்கில் இத் திட்டம் நடைமுறைப்படுத்தப்படுகின்றது.
"On this basis, 1300 words have been arranged in electronic version and provided for the 1st printing.","இதனடிப்படையில், இதுவரையில் கணினியில் 1300 சொற்கள் பதிக்கப்பட்டு 1வது பிரதி அச்சுப்பதிப்பிற்கு வழங்கப்பட்டுள்ளது."
Promotion of Hindu-Tamil Arts & Culture,இந்து-தமிழ்க் கலை கலாசார முன்னிறுத்துகை
Purchasing of Books from Sri Lankan Writers.,இலங்கை எழுத்தாளர்களிடமிருந்து நூல்களைக் கொள்வனவு செய்தல்
1825 books have been purchased from 70 writers and being distributed for encouraging Tamil writers in Sri Lanka.,இலங்கைத் தமிழ் எழுத்தாளர்களை ஊக்குவிக்கும் முகமாக இதுவரையில் 70 எழுத்தாளர்களிடமிருந்து மொத்தமாக 1825 நூல்கள் கொள்வனவு செய்யப்பட்டு பிரதான நூலகங்களுக்கு விநியோகிக்கப்படுகின்றன.
Promotion of Falk Arts,நாட்டுப்புக்கலை முன்னிறுத்துகை
"Under the project to promote Tamil arts, seminar on falk Tamil arts was conducted on 10th, 11th and 12th October at Navatkuda Hindu Culture Hall, Batticaloa.","தமிழ்க் கலைகளை ஊக்குவிக்கும் செயற்றிட்டத்தின் கீழ் நாட்டுப்புறத்தமிழ்க் கலைகள் தொடர்பான பயிற்சிப்பட்டறை ஒக்டோபர் மாதம் 10, 11, 12 ஆம் திகதிகளில் மட்டக்களப்பு நாவற்குடா இந்துகலாசார மண்டபத்தில் நடைபெற்றது."
"Around 150 artists from Jaffna, Batticaloa, Ampara and Up Country participated.","இக் கருத்தரங்கில் யாழ்ப்பாணம், மட்டக்களப்பு, அம்பாறை, மலையகம் ஆகிய இடங்களைச் சேர்ந்த 150 கலைஞர்கள் கலந்து கொண்டு பயன் பெற்றனர்."
“Kalabhushana” Award,"""கலாபூஷண"" விருது"
The great award Kalabhushana viruthu is awarded by the Department every year to the artists who have rendered yeoman service to the arts and culture.,கலை கலாசார ரீதியாக அளப்பரிய சேவைகள் ஆற்றிய கலைஞர்களுக்கு வருடம்தோரும் கலாசாரத் திணைக்களத்தின் மூலம் அரசின் உயர் விருதான கலாபூஷணம் விருது வழங்கப்பட்டு வருகின்றது.
"This year, 100 eligible Tamil artists were selected to receive this award by the Evaluation Committee which was appointed by the Department.",அதனடிப்படையில் இவ் விருதைப் பெறுவதற்கு தகுதியான 100 தமிழ்க் கலைஞர்கள் திணைக்களம் நியமித்த மதிப்பீட்டு குழு மூலம் தெரிவு செய்யப்பட்டனர்.
"456 Artists consists of 278 Sinhala artists, 100 Tamil artists and 78 Muslim artists were awarded in this ceremony which was held on 14th December 2014 at Bandaranayake Memorial International Conference Hall.",மார்கழி மாதம் 14 ஆம்  திகதி பண்டாரநாயக்க சர்வதேச மாநாட்டு மண்டபத்தில் நடைபெற்ற இவ் கலாபூஷனம் விருது வழங்கும் வைபவத்தில் சிங்களக் கலைஞரகள் 278 பேருக்கும் தமிழ்க் கலைஞர்கள் 100 பேருக்கும் முஸ்லீம் கலைஞர்கள் 78 பேருக்குமாக மொத்தமாக 456  கலைஞர்கள் விருதுகள் வழங்கி கௌரவிக்கப்பட்டது.
Nearly 1000 interested public participated.,சுமார் 1000 கலை ஆர்வலர்கள் கலந்து கொண்டு சிறப்பித்திருந்தனர்.
Development of Hindu Temples and Institutions,இந்து ஆலயங்கள் மற்றும் நிறுவனங்களின் அபிவிருத்தி
Financial Assistance to the Temples under Capital Expenditure,மூலதன செலவினத்தின் கீழ் ஆலயங்களுக்கான நிதியுதவி
Rehabilitation of Hindu Temples (North East),இந்து ஆலயங்களுக்கான புனரமைப்பு (வடக்கு கிழக்கு)
Cheques valued Rupees one lakh for each temple were provided to 363 Hindu temples through Divisional Secretaries for the rehabilitation in Northern and Eastern Provinces,"வடக்கு, கிழக்கு மாகாணங்களிலுள்ள இந்து ஆலயங்களின் புனரமைப்பிற்கென அவ் மாகாணங்களிலுள்ள 363 இந்து ஆலயங்களுக்கு பிரதேச செயலாளரினூடாக தலா ஒரு லட்சம் ரூபா வீதம் நிதியுதவிக் காசோலைகள் வழங்கப்பட்டுள்ளன."
No.of Temples,ஆலயங்களின் எண்ணிக்கை
Jaffna,யாழ்ப்பாணம்
Batticaloa,மட்டக்களப்பு
Trincomalee,திருகோணமலை
Vaviniya,வவுனியா
Mannar,மன்னார்
"Sri Paththira Kaali Amman Temple, Thannamunai, Batticaloa","ஸ்ரீ பத்திரகாளி அம்மன் ஆலயம், தன்னாமுனை, மட்டக்களப்பு"
"Sri Buvaneswary Ampal Temple, Thellipalai","ஸ்ரீ புவனேஸ்வரி அம்பாள் ஆலயம், தெல்லிப்பளை"
"Sriman Naarayanan Temple, Ampara","ஸ்ரீமன் நாராயணன் ஆலயம், அம்பாறை"
"Siththi Vinayakar Temple, Poonagary","சித்தி விநாயகர் ஆலயம், பூநகரி"
Rehabilitation of Hindu Temples and Institutions,"இந்து ஆலயற்கள், நிறுவனங்களின் புனரமைப்பு"
Kaluthara,களுத்துறை
Kurunagala,குருணாகல்
Nuwara Eliya,நுவரெலியா
Ratnapura,இரத்தினபுரி
Under the Deyata Kirula Programme,தேசத்திற்கு மகுடம் திட்டத்தின் கீழ்
"Sri Kathirvelautha Swamy Temple, Rokkanthanai Estate, Hali Ela","ஸ்ரீ கதிர்வேலாயுத சுவாமி கோயில், ரொக்கதன்ன எஸ்ரேட், ஆலி எல"
"Sri Katpakappillaiyar Temple, Thelpethatha, Badulla","ஸ்ரீ கற்பகப் பிள்ளையார் கோயில், தெல்பெத்த , பதுளை"
"Sri Subramaniya Swamy Temple, Rewon shoot Division Pallakedduwa, Badulla","ஸ்ரீ சுப்பிரமணியர் சுவாமி கோயில், ரெவன் சூட் டிவிசன், பள்ளகெட்டுவ, பதுளை"
Financial Assistance for the Rehabilitation of Temples in order to Deyata Kirula Exhibition,தேசத்திற்கு மகுடம் கண்காட்சியை முன்னிட்டு ஆலய புனரமைப்பிற்கான நிதியுதவி
Financial assistance was provided through District Secretaries for the rehabilitation of 30 temples in Puttalam & Kegalle Districts for Deyata Kirula Exhibition and expenditure was made for 28 temples.,"இவ் ஆண்டுக்கான“தேசத்திற்கு மகுடம்” கண்காட்சியை  முன்னிட்டு  புத்தளம், கேகாலை மாவட்டங்களைச் சேர்ந்த 30 இந்து ஆலயங்களின் புனரமைப்பிற்கென மாவட்டச் செயலாளர் ஊடாக ஒதுக்கப்பட்டநிதியுதவியில்  28 ஆலயங்களுக்கான செலவு மேற்கொள்ளப்பட்டுள்ளது."
Financial Assistance for the Rehabilitation of Temples under “Vadakkin Vasantham”,வடக்கின் வசந்தம் நிகழ்ச்சித் திட்டத்தின் கீழ் ஆலயப் புனரமைப்பிற்கென நிதியுதவி
100 Temples received cheques valued 2 Lakh per each through Divisional Secretaries for the rehabilitation of Hindu Temples under the Vadakkin Vasantham Programme.,வடக்கின் வசந்தம் நிகழ்ச்சித் திட்டத்தின் கீழ் இந்து ஆலய புனரமைப்பிற்கென தலா ரூ 2 லட்சம் வீதம் பிரதேச செயலாளர் ஊடாக 100 ஆலயங்களுக்காக காசோலைகள் வழங்கப்பட்டுள்ளன.
Kilinochchi,கிளிநொச்சி
Mullaitivu,முல்லைத்தீவு
"Chithrameny Vairavar Temple, Jaffna","சித்திரமேனி வைரவர் ஆலயம், யாழ்ப்பாணம்"
"Selvavinayakar temple, Olumadu, Mankulam","செல்வ விநாயகர் ஆலயம், ஒலுமடு, மாங்குளம்"
"Dhurkka Parameswary Najinai Naagammal Temple, Thirumurikandy",துர்க்கா பரமேஸ்வரி நயினை நாகம்மாள் ஆலயம் திருமுறிகண்டி
"Sri Saptha Kanny Temple, Vadduvagal, Mullaitivu","ஸ்ரீ சப்த கன்னிமார் ஆலயம், வட்டுவாகல், முல்லைத்தீவு"
Promotion of infrastructure for Hindu Temples,இந்து ஆலயங்களுக்கான உட்கட்டமைப்புக்கான முன்னிறுத்துகை
79 Hindu Temples have been received Financial Assistance by cheques through Divisional Secretaries.,79 இந்து ஆலயங்களுக்கு பிரதேச செயலாளர்களினூடாக காசோலைகள் வழங்கப்பட்டுள்ளன.
No.of temples,ஆலயங்களின் எண்ணிக்கை
Vavuniya,வவுனியா
Moneragala,மொனராகலை
Kanda,கண்டி
"Holy Well of Sri Maanikka Pillaiyar Temple, Kiran, Batticaloa","ஸ்ரீ மாணிக்கப்பிள்ளையார் ஆலய தீர்த்தக் கிணறு, கிரான், மட்டக்களப்பு"
"Water Tank of Sri Muthumaariyamman Temple, Parappukadanthan, Mannar","ஸ்ரீ முத்துமாரி அம்மன் ஆலயத் தண்ணீர்த் தொட்டி, பரப்புக்கடந்தான், மன்னார்"
"Water Tank of Eelam Kasi Shesthiram, Kilinochchi","ஈழத்து காசி ஷேத்திரத்தின் தண்ணீர்த் தாங்கி, கிளிநொச்சி"
Financial Assistance for Hindu Temples under Recurrent Expenditure,மீண்டுவரும் செலவீனத்தின் கீழ் இந்து ஆலயங்களுக்கான நிதியுதவி
"Financial Assistance provided to 13 Hindu temples under the occasion of providing funds for “Kumbabisekam""",இந்து ஆலயங்களின் கும்பாபிஷேக வைபவத்திற்கென நிதியுதவியளிக்கும் செயற்பாட்டின் கீழ் 13 இந்து ஆலயங்களுக்கு நிதியுதவி வழங்கப்பட்புள்ளது.
"Sri Muthumariyamman Temple Kumbhabisheka Festival, Poondulooya","ஸ்ரீ முத்துமாரியம்மன் ஆலய கும்பாபிஷேக வைபவம், பூண்டுலோயா"
"Thimilai Kannaki Amman Temple Kumbhabisheka Festival, Chillaw","திமிலை கண்ணகி அம்மன் ஆலய கும்பாபிஷேக வைபவம், சிலாபம்"
Financial Assistance for Homes for Children and Elders,இந்து சிறுவர் மற்றும் முதியோர் இல்லங்களுக்கான நிதியுதவி
"To encourage the organizations which maintain the homes for children and elders, financial assistance is granted annually, following districts were provided financial assistance this year.","இந்துச்சிறுவர் மற்றும் முதியோர் இல்லங்களை பராமரிக்கும் நிறுவனங்களின் பணிகளை ஊக்குவிக்கும் வகையில் வருடந்தோறும் வழங்கப்படும் நிதியுதவித் திட்டத்தின் கீழ், இவ்வாண்டு பின்வரும் மாவட்டங்களிலிருந்து தெரிவு செய்யப்பட்ட முதியோர் மற்றும் சிறுவர் இல்லங்களுக்கு நிதியுதவி வழங்கப்பட்டுள்ளது."
"Anpu Children Home, Muththaiyankaddu","அன்பு சிறுவர் இல்லம், முத்தையன்கட்டு"
"Bharathy Children Home, Mullaitivu","பாரதி சிறுவர் இல்லம், முல்லைத்தீவு"
Financial Assistance to Hindu Organizations,இந்து நிறுவனங்களுக்கான நிதியுதவி
"Under the programme of providing financial assistance for the rehabilitation of Hindu Religious Organizations, fund was granted for the repairs of Bahavan Sri Sthya Saibava building and pilgrimage from Ampara to Kathiragama.",இந்து சமய நிறுவனங்களின் புனரமைப்புக்காக நிதியுதவி அளிக்கும்செயற்பாட்டின் கீழ் இவ்வாண்டு மட்டக்களப்பு களுவாஞ்சிக்குடி பகவான் ஸ்ரீ சத்தியசாயி சேவா நிலையக் கட்டட திருத்த வேலைக்காகவும் மற்றும் அம்பாறையிலிருந்து கதிர்காமம் வரையிலான பாத யாத்திரைக்காகவும் நிதியுதவி வழங்கப்பட்டுள்ளன.
Publication and Distribution of Nandhi Flag,நந்திக் கொடிகள் வெளியிடல் மற்றும் விநியோகமும்.
Nandhi flag is printed and issued to Hindu temples and other religious organizations by this Department annually.,வருடந்தோறும் திணைக்களத்தின் மூலம் இந்து ஆலயங்கள் மற்றும் இந்து சமய நிறுவனங்களுக்கு நந்திக் கொடிகள் அச்சிட்டு விநியோகிக்கப்படுகின்றன.
The published and distributed Nandhi flag details are as follows.,அதனடிப்படையில் இவ்வாண்டு அச்சிடப்பட்டு விநியோகிக்கப்பட்டுள்ள நந்திக் கொடிகளின் விபரங்கள் பின்வருமாறு:
Details of Nanthi Flags,நந்திக் கொடிகளின் விபரங்கள்
No.of total flags,கொடிகளின் மொத்த எண்ணிக்கை
No.of published flags,அச்சிடப்பட்டுள்ள கொடிகளின் எண்ணிக்கை
No.of distributed flags,விநியோகிக்கப் பட்ட கொடிகளின் எண்ணிக்கை
Large Flags,பெரிய கொடிகள்
Small Flags,சிறிய கொடிகள்
(Tasseled Flags),(குஞ்சம் வைக்கப்பட்டவை)
(Triangle shape;),(முக்கோண வடிவம்)
Hanging Flags,தொங்கும் கொடிகள்
(Consists two Nanthies),(இரு நந்திகள் உள்ளவை)
Guideline Book for Administration of Hindu Temples,இந்து சமய ஆலயங்களின் பரிபாலனத்திற்கான வழிகாட்டிக் கைநூல்
Department published a guideline book consists of common appointment files in 2014 to administrate the Hindu Temples considering its good and bad conditions of the administration.,இந்து ஆலயங்களின் பரிபாலனம் தொடர்பான சாதக பாதக நிலைமைகளைக் கருத்திற் கொண்டு ஆலயங்களை உரிய முறையில் பரிபாலனம் செய்து கொள்வதற்காக பொதுவான நியமனக் கோவைகளை உள்ளடக்கிய வழிகாட்டிக் கைநூல் 2014 ஆம் ஆண்டில் இத்திணைக்களத்தினால் வெளியிடப்பட்டுள்ளது.
Department expects to follow the regulations perfectly as administration of the Hindu temples will be regularized in a limit and to achieve the purpose of appointing Temple Administrative Board.,"இந் நூலில் காட்டப்பட்டுள்ள  நியமங்களை முறையாகப் பின்பற்றும் போது ஆலயங்களில் பரிபாலனம், குறித்த ஒரு வரைமுறைக்குள் சீரமைக்கப்படும் எனவும் ஆலய நிர்வாக சபை ஆலயமொன்று அமைக்கப்பட்ட நோக்கத்தைக் கருத்திற் கொண்டு இந் நியமங்களைக் முறையாகப் பின்பற்ற வேண்டும் எனவும் இத் திணைக்களம் எதிர்பார்க்கின்றது."
Department of Hindu Religious and Cultural Affairs,"இற்துசமய, கலாசார அலுவல்கள் திணைக்களம்"
Division wise financial progress 2014,நிதி முன்னேற்ற நிலைமை 2014
Research on Hindu Religion,இந்து சமய ஆராய்ச்சி
Promotion of Hindu Tamil Art and Culture,இந்துக் தமிழ்க் கலைக் கலாசார மேம்பாடு
"Registered Temples, Hindu Religious Organizations and Hindu Aranery Schools in the Department","திணைக்களத்தில் பதிவு செய்யப்பட்டுள்ள இந்து ஆலயங்கள், இந்துசமய நிறுவனங்கள், இந்து அறநெறிசப் பாடசாலைகள்"
(Up to 2014 December 31),(2014 டிசம்பர் 31 ஆம் திகதி வரை)
No.of Temples and Organizations,இந்து ஆலயங்கள் மற்றும் நிறுவனங்கள்
No.of Schools,இந்து அறநெறிப் பாடசாலை
Temples,ஆலயங்கள்
Organization,நிறுவனங்கள்
Schools,பாடசாலைகள்
Teachers,ஆசிரியர்கள்
Students,மாணவர்கள்
Designation,பதவி
Present cadre,தற்போதுள்ள ஆளணி
vacant,வெற்றிடம்
Deputy Director,பிரதிப் பணிப்பாளர்
Accountant,கணக்காளர்
Assistant Director,உதவிப்பணிப்பாளர்
Administrative Officer,நிர்வாக உத்தியோகத்தர்
Librarian,நூலகர்
Research Officer,ஆராய்ச்சி அலுவலர்
Development Assistant,அபிவிருத்தி உதவியாளர்
Development Officer,அபிவிருத்தி உத்தியோகத்தர்
Cultural Officer,கலாசார உத்தியோகத்தர்
Public Management Assistant,அரச முகாமைத்துவ உதவியாளர்
Manager for Hindu Pilgrimage Guest House,இந்து யாத்திரிகர் விடுதி முகாமையாளர்
Assistant Manager for Hindu Pilgrimage Guest House,இந்து யாத்திரிகர் விடுதி உதவி முகாமையாளர்
Driver,சாரதி
Hindu Cultural Assistant,இந்து கலாசார உதவியாளர்
Data Entry Operator,தரவு நிரற்படுத்துனர்
Cultural Sevakka,கலாசார சேவையாளர்
Office Assistant,அலுவலகப் பணியாளர்
Security Officer,பாதுகாப்பு அலுவலர்
Security,காவலாளி
Maintenance Officer,அறை பராமரிப்பாளர்
*Contract basis,*ஓப்பந்த அடிப்படை
Hindu Cultural Fund,இந்துப் பண்பாட்டு நிதியம்
Performance Report for the year 2014,2014ஆம் ஆண்டிற்கான செயற்றிட்ட அறிக்கை
Fund for Hindu Tradition was established in 1985 by the 31st Act to perform Hindu Religious & Cultural activities independently.,இந்துப்பண்பாட்டு நிதியம் 1985ஆம் ஆண்டின் 31ஆம் இலக்க சட்டத்தின் மூலம் இந்துசமய கலாசார விடயங்களைச் சுதந்திரமாக முன்னெடுப்பதற்கென ஆரம்பிக்கப்பட்டது.
03 Official members and 05 members appointed by Hon Minister will be appointmented as members for this fund.,இதில் 3 உத்தியோகபூர்வ அங்கத்தவர்களும் கௌரவ. அமைச்சரால் 5 பேரும் அங்கத்தவராக நியமிக்கப்படுவர்.
The following members are the members for 2014.,2014 ஆம் ஆண்டு பின்வருவோர் இந்நிதியத்தின் அங்கத்தவர்களாக உள்ளனர்
President,தலைவர்.
"Secretary,Ministry of Buddhasasana and Religious Affairs","செயலாளர்,  புத்தசாசன, மத அலுவல்கள் அமைச்சு"
Chief Administrative Officer,பிரதம நிர்வாக உத்தியோகத்தர்
"Director,Department of Hindu Religious and Cultural Affairs","பணிப்பாளர், இந்துசமய கலாசார அலுவல்கள் திணைக்களம்"
"Accountant, Department of Hindu Religious and Cultural Affairs","கணக்காளர், இந்துசமய கலாசார அலுவல்கள் திணைக்களம்"
Members,உறுப்பினர்கள்
"Assistant Director, Department of Hindu Religious and Cultural Affairs","உதவிப் பணிப்பாளர், இந்து சமய கலாசார அலுவல்கள் திணைக்களம்."
Financial Status,நிதி நிலை
"Progress, from 2014.01.01 to 2014.12.31","முன்னேற்றம், 2014.01.01 திகதி முதல் 2014.12.31 வரை"
Financial Progress,நிதி முன்னேற்றம்
Physical Progress,பௌதீக முன்னேற்றம்
Financial Assistance for Aranery School (Polonnaruwa) and Building for Oottady Pilliyar,அறநெறிப் பாடசாலைக்கான (பொலன்னறுவை) மற்றும் ஊற்றடிப் பிள்ளையார் கோவில் கட்டட நிதியுதவி
Financial assistance to the bull in Naguleswaram Temple,நகுலேஸ்வரர் ஆலயத்திலுள்ள காளை மாட்டிற்கான நிதியுதவி
Purchased 1129 uniform materials,1129 சீருடைத்துணிகள் கொள்வனவு செய்யப்பட்டுள்ளன.
"This book contains research article related to Hindu Religion, History of Hindu Religion, Philosophy, Traditions, and Hindu Religious Leaders, Books, Temples and Fastings.","இந்து சமயத்தவர்களுக்கு இந்து சமயம், இந்து சமய வரலாறு, தத்துவம், பண்பாடு, இந்துசமயப் பெரியார்கள், நூல்கள், தலங்கள், விரதங்கள் தொடர்பான பல விளக்கங்களைத் தரும் நூலாக இது அமைகின்றது."
It was started in 1989 and completed in 2014.,இத் திட்டம் 1989 ஆம் ஆண்டு ஆரம்பிக்கப்பட்டு 2014 ஆம் ஆண்டு நிறைவுற்றது.
The details are as follows.,அதன் விபரம் வருமாறு.
Sector of Hindu Encyclopedia,இந்துக் கலைக்களஞ்சியத் தொகுதி
Year of Published,வெளியீடு செய்த ஆண்டு
Number of Essays,கட்டுரைகளின் எண்ணிக்கை
Letters,எழுத்துக்கள்
It is the first Encyclopedia in the world published by the Department of Hindu Religious and Cultural Affairs consisting of information about Hindu Religion.,இந்து சமய கலாசார அலுவல்கள் திணைக்களத்தால் வெளியிடப்பட்ட இவ் இந்துக் கலைக்களஞ்சியமே உலகில் இந்து சமயத்திற்கான விடயங்களை உள்ளடக்கிய ஒரே கலைக்களஞ்சியமாக விளங்குகின்றது.
"Since this Encyclopedia is an useful document to all Tamil speaking Hindu people in the world, president of Malaysian Thiruvakku Thirupeedam came forward to republish this Encyclopedia.",உலகில் வாழ்கின்ற அனைத்து தமிழ் பேசும் இந்து மக்களுக்கும் பயனுள்ள ஆவணமாக இக் கலைக்களஞ்சியம் விளங்குவதால் எமது திணைக்களத்தின் அனுமதியுடன் மலேசிய திருமுருகன் திருவாக்குத் திருபீடத்தின் தலைவர் இக் கலைக்களஞ்சியங்களை மீள் பதிப்புச் செய்வதற்கு முன் வந்துள்ளார்.
action has been taken to reprint in 2015.,அவற்றை 2015 இல் மீள்பதிப்புச் செய்து வெளியீடு செய்வதற்கான நடவடிக்கை மேற்கொண்டுள்ளார்.
Reformation of Textbooks of Hindu Aranery School Students,இந்து அறநெறிப் பாடசாலை மாணவர்களின் பாடநூல்கள் மறுசீரமைப்பு.
"According to the Policy Planning of the Government, Aranery Schools were started in 1989.",அரசாங்கத்தின் கொள்கை திட்டங்களுக்கமைய 1989ஆம் ஆண்டு அறநெறிப்பாடசாலைகள் ஆரம்பிக்கப்பட்டன.
"Along with the statement “Aranery Schools in Every Temples”, Aranery schools were started in temples and registered in the Department.",“ஆலயம் தோறும் அறநெறிப் பாடசாலைகள்” எனும் கூற்றுக்கேற்ப ஆலயங்களின் கீழ் அறநெறிப்பாடசாலைகள் தொடங்கப்பட்டு திணைக்களத்தில் பதிவு செய்யப்பட்டது.
Syllabuses and books were printed for this.,"இதற்காக பாடத்திட்டமும், நூல்களும் அச்சிடப்பட்டன."
"At the end of 2014, syllabus and books were reformed to include new views.",இந்தவகையில் 2014 ஆம் ஆண்டின் இறுதியில் பாடத்திட்டமும் பாடநூல்களும் மறுசீரமைக்கப்பட்டு புதியனவும் சேர்க்கப்பட்டன.
"for providing importance to discipline, moral values and dhamma, reforming activity is being done from Grade 1 to Grade 5.","இவற்றை சேர்த்து ஒழுக்கம், விழுமியம், அறம் என்பவற்றுக்கு முக்கியத்துவம் கொடுக்கும் நோக்கில் தரம் ஒன்று முதல் தரம் ஐந்து வரை மறுசீரமைக்கும் பணிகள் நடைபெற்றுக் கொண்டிருக்கின்றன."
Consultancy committee has been appointed by the department.,இதற்கென திணைக்களத்தினால் ஆலோசனைக்குழு ஒன்று அமைக்கப்பட்டுள்ளது.
Action has been taken to revise the syllabuses.,இதன் மூலம் இவை மறுசீரமைக்கப்பட்டு வருகின்றன.
"In the first stage, textbooks for first 5 grades have been reformed and ready to print.",இதன் முதற்கட்டமாக முதல் ஐந்து வகுப்புகளுக்கான பாடநூல்களின் மறுசீரமைப்பு நிறைவடைந்து பாடநூல்கள் தயாரிக்கப்பட்டு அச்சில் உள்ளன.
These books will be published in June 2015.,அப் பாடநூல்களை மேலும் செவ்வையாக்கப்பட்டு 2015 யூன் மாதம் அளவில் நூல் வடிவத்தில் வெளியிடப்படவுள்ளன.
Performance Report - 2014,செயலாற்றுகை அறிக்கை - 2014
Department Of National Budget,தேசிய வரவு செலவுத்திட்டத் திணைக்களம்
Ministry Of Finance & Planning,"நிதி, திட்டமிடல் அமைச்சு"
Vision,தூர நோக்கு
Socio-economic Development through an Efficient Management of Public Resources,அரசாங்க வளங்களின் வினைத்திறன் மிக்க ஒதுக்கீடு ஒன்றினூடாக சமூக பொருளாதார அபிவிருத்தியை ஏற்படுத்தல்
Mission,பணிக்கூற்று
"Facilitation of the performance of the responsibility conferred on the legislature for the management of public finance, by provision and distribution of resources for efficient delivery of public services and for the achievement of the development objectives of the Government","அரச சேவைகளின் வினைத்திறன் கொண்ட நடவடிக்கை, அரசாங்கத்தின் அபிவிருத்தி நோக்கங்களை அடைவதற்கான வளங்களின் ஏற்பாடு, சட்டவாக்கத்திற்கு அளிக்கப்பட்டுள்ள பொறுப்புக்கள் மற்றும் விநியோகம் என்பவற்றைச் செய்வதற்கூடாக, பொது நிதி முகாமைத்துவம் குறித்த  உரிய முறையில் நிறைவேற்றுவதற்கு உதவியளித்தல்"
Functions & Responsibilities,தொழிற்பாடுகளும்  பொறுப்புக்களும்
Formulation of the National Budget,தேசிய வரவு செலவுத்திட்டத்தினைத் தயாரித்தல்
Preparation of Medium Term Expenditure Framework (MTEF) over a period of 03 years,03 வருட காலப்பகுதிக்கான நடுத்தரக் கால வரவு செலவுத்திட்ட வேலைச் சட்டகத்தினைத் தயாரித்தல்
"Formulation of annual budget estimates for Ministries, Departments and Statutory Agencies of the government in consultation with the Spending Agencies and the relevant Treasury Departments to achieve the fiscal targets stipulated in the Fiscal Management (Responsibility) Act","அரசிறை முகாமைத்துவ (பொறுப்புச்) சட்டத்தில் குறிப்பிடப்பட்டுள்ள அரசிறை இலக்குகளை அடைந்து கொள்வதற்கு செலவின முகவராண்மைகள் மற்றும் தொடர்புடைய திறைசேரி திணைக்களங்கள் என்பவற்றுடன் கலந்துரையாடி, அமைச்சுக்கள், அரசாங்கத் திணைக்களங்கள் மற்றும் நியதிச்சட்ட சபைகளுக்கான வருடாந்த வரவு செலவுத்திட்டத்தினைத் தயாரித்தல்"
Public Expenditure Management,அரசாங்க செலவின முகாமைத்துவம்
Issuance of Budget Circulars,வரவு செலவுத்திட்ட சுற்றுநிருபங்களை வெளியிடல்
Enforcement of appropriate budgetary management measures to ensure that funds are used exclusively for the declared purposes within the approved limits,அங்கீகரிக்கப்பட்ட வரையறைக்குள் வெளிப்படுத்தப்பட்ட நோக்கங்களுக்காக நிதி பயன்படுத்தப்படுகின்றதா என்பதை உறுதிப்படுத்துவதற்கான ஒதுக்கீட்டு வரவு  செலவுத் திட்ட முகாமைத்துவ நடவடிக்கைகளை செயற்படுத்துதல்
Interacting with the Spending Agencies to ensure the effectiveness of spending,"செலவினங்களின் பயன்பாட்டுத் தன்மையினை உறுதிப்படுத்துவதற்காக, செலவின முகவராண்மைகளுடன் கலந்துரையாடல்களை மேற்கொள்ளல்"
Analysis of expenditure for monitoring of financial as well as physical progress,நிதியியல் போன்ற பௌதிக முன்னேற்றங்களை கண்காணிப்பதற்கான செலவினங்களை பகுப்பாய்வு செய்தல்
Representing the Committee on Accounting of the Parliament,பாராளுமன்றத்தில் கணக்கியல் குழுவை பிரதிநிதித்துவப்படுத்துதல்
Preparation of observations on Cabinet Memoranda,தொடர்புடைய அமைச்சரவை விஞ்ஞாபனங்கள் பற்றிய அவதானிப்புக்களைத்  தயாரித்தல்
"Granting approval for Vehicle Procurements, not included in the leasing method",குத்தகை முறைமையில் உள்ளடங்காத வாகனங்களின் கொள்வனவுக்கான  அங்கீகாரத்தினை வழங்குதல்
Procurement of vehicles for all government agencies under the financial leasing method,நிதியியல் குத்தகை முறைமையின் கீழ் அனைத்து அரசாங்க  முகவராண்மைகளுக்கும் வாகனங்களைக் கொள்வனவு செய்தல்
Participation of Staff of Director Boards and Committees representing Treasury/ Department of National Budget,சபைகள் மற்றும் குழுக்களில் திறைசேரி/தேசிய வரவு செலவுத் திட்டத்தினை  பிரதிபலிக்கும் வகையில் அலுவலர்களின் பங்கு பற்றல்.
Financial Administration of the Department,திணைக்களத்தின் நிதி நிர்வாகம்
Activities Related to Statutory Agencies (Non – commercial Public Institutions),நியதிச் சட்ட சபைகளுடன் தொடர்பான செயற்பாடுகள் (வர்த்தகம் அல்லாத அரசாங்க நிறுவனங்கள்)
Preparation of cost estimates of non-commercial statutory boards funded by the Consolidated Fund,திரட்டிய நிதியின் மூலம் ஒத்துழைப்பு வழங்கப்படும் நியதிச் சட்ட  முகவர்களுக்கான  வரவு செலவுத்திட்ட மதிப்பீடுகளைத் தயாரித்தல்.
Reperesenting the Committee on on Public Enterprises (COPE),அரச பொறுப்பு முயற்சிகள் பற்றிய குழுவில் தேசிய வரவு செலவுத்திட்டத்  திணைக்களத்தினை பிரதிநிதித்துவப்படுத்துதல்.
Advance Accounts Activities,முற்பணக் கணக்குச் செயற்பாடுகள்
"Determination of limits for the Commercial, Stores and Public Officer’s Advance Accounts in consultation with the spending agencies and consideration of the requests for revision of limits","செலவிடும் முகவர்களுடன் கலந்துரையாடுவதன் பேரில், வர்த்தக, களஞ்சியங்களில் அரசாங்க அலுவலர்களுக்கான முற்பணக்    கணக்குகள் மீதான எல்லைகளை தீர்மானித்தலும் மீளாய்வு  மீதான வேண்டுதல்களை  வரையறுத்தலும்."
Representing the Treasury at the Committee on Public Accounts (COPA) meetings on matters related to Advance Accounts,முற்பணக் கணக்குகள் சார்ந்த விடயங்கள் பற்றிய பொதுக் கணக்குக்  குழுக்கள் தொடர்பான கூட்டங்களில் திறைசேரி சார்பாக குழுவைப்  பிரதிநிதித்துவப்படுத்தல்.
Chapter,அத்தியாயம்
Subject,விடயம்
Page,பக்க இல.
Overview 01,மேன்நோக்கு  01
Review & Implementation of Budget 2014,வரவு செலவுத்திட்ட மீளாய்வு மற்றும் செயற்படுத்துகை  2014  2014 இற்கான ஒதுக்கீட்டுச் சட்டம்
Appropriation Bill for 2014,2014 இற்கான ஒதுக்கீட்டுச் சட்டமூலம்
Performance 2014,2014 இற்கான வரவு செலவுச் செயலாற்றுகை
Sectoral Perspectives in 2014 Budget in the Medium Term Expenditure Framework of 2014-2016,"2014 – 2016 நடுத்தரக் கால வேலைச்சட்டகத்தில், 2014 வரவு செலவுத் திட்டத்தின் துறைரீதியான நோக்கு"
Management of Budget 2014,வரவு செலவுத்திட்ட முகாமைத்துவம்  2014
Budget Expenditure as per Government Accounts,அரசாங்க கணக்குகள் என்ற வகையில் செலவினம்
Public Expenditure Management,அரசாங்க செலவின முகாமை
Supplementary Estimate,குறைநிரப்பு மதிப்பீடுகள்
Urgent Requirements Expenditure in 2014,2014  இல் தி.நா. பொறுப்புக்களின் நிலைப்பாடு
Financial Obligation Management,நிதி கடமை முகாமை
Issuance of Budget Circulars,வரவுசெலவுத்திட்ட சுற்றுநிருபங்களை வெளியிடுதல்
Monitoring of Advance Accounts,முற்பணக் கணக்குகளின் கண்காணிப்பு
Formulation of Budget Estimates for 2015,2015 ஆண்டுக்கான வரவுசெலவுத்திட்ட மதிப்பீடுகளைத் தயாரித்தல்.
Budget Formulation Guidelines,வரவு செலவுத்திட்ட தயாரிப்பு வழிகாட்டல்
Special Activities,விசேட நடவடிக்கைகள்
Budgetary Management of Non Commercial Public enterprises,இலாபமீட்டாத அரசாங்க தொழில் முயற்சிகளின் முகாமை
Observations on Cabinet Memoranda,அமைச்சரவை விஞ்ஞாபனங்களின் அவதானிப்புகள்
Coordinating “Deyata Kirula” Development Programme-2014,“தேசத்திற்கு மகுடம்” அபிவிருத்தி நிகழ்ச்சித்திட்டம் -2014
Approval for the Purchase of Vehicles,வாகனக்  கொள்வனவுகளுக்கான அங்கீகாரம்
National Budget Approval for Vehicle Procurements,வாகனக்  கொள்வனவுகளுக்கான வரவு செலவுத்திட்ட அங்கீகாரம்
Procurement of vehicles to the Public Sector,அரசாங்கத்துறைக்கான வாகனக் கொள்வனவு
Participation of Staff on Boards and Committees,சபைகளிலும் குழுக்களிலும் பதவியினரின் பங்குபற்றுதல்
The Organizational Structure and Role of the Department of National Budget,தேசிய வரவுசெலவுத்திட்டத் திணைக்களத்தின் நிறுவனக் கட்டமைப்பு
The Staff,பதவியணி
Human Resource Development,மனித வள அபிவிருத்தி
Foreign Training/Seminars/Meetings,வெளிநாட்டு பயிற்சி / கருத்தரங்குகள் / மாநாடுகள்
Local Training,உள்நாட்டுப் பயிற்சி
Financial Administration of the Department of National Budget,தேசிய வரவுசெலவுத்திட்ட திணைக்களத்தின் நிதி நிர்வாகம்
Advance Account of public officers,முற்பணக்கணக்கு செயற்பாடுகள்
Auditor General’s Queries for 2014,2014 ஆண்டுக்கான கணக்காய்வாளர் நாயகத்தின் வினாக்கள்
Summary,மேன்நோக்கு
The Department of National Budget operates under the guidance of the Ministry of Finance and Planning.,"தேசிய வரவு செலவுத்திட்டத் திணைக்களம் நிதி, திட்டமிடல் அமைச்சின் வழிகாட்டலின் கீழ் செயற்படுகின்றது."
The Department functions as the focal point for the formulation of Budget Estimates based on a sector wise Medium Term Expenditure Framework (MTEF) in consistence with the overall medium term macro-economic framework.,"திணைக்களத்தின் பணியானது , நடுத்தரக்கால செலவின வேலைச்சட்டகத்தின்  துறை ரீதியான அடிப்படையில் வரவு செலவுத்திட்ட மதிப்பீடுகளை உருவாக்குவதற்கான பொறுப்பு  காணப்படுகிறது என்றவகையில் இது முழுமொத்த நடுத்தரக் கால பேரண்ட பொருளாதார வேலைச்  சட்டகத்தினைக் கொண்டுள்ளது."
The MTEF presents its financial plans towards specific targets within the context of sectorial policy strategies while paying particular attention to the management of public expenditure.,நடுத்தர செலவின  வேலைச்சட்டகமானது அரசாங்கத்தின் செலவினத்தினை முகாமைசெய்வதற்கு குறிப்பிட்ட  கவனத்தைச் செலுத்தும் நிதி திட்டங்களையும் துறைரீதியான கொள்கை உபாயங்களையும்  கொண்டுள்ளது.
"This process involves a continuous consultation with the line Ministries, Departments, Statutory Agencies of the Government and the relevant Treasury Departments.","இச்செயன்முறையானது நிரல் அமைச்சுக்கள், திணைக்களங்கள், அரசாங்கத்தின்  நியதிச் சட்ட முகவர்கள் மற்றும் திறைசேரி திணைக்களங்கள் என்பவற்றுடன் தொடர்ந்தேர்ச்சியான  உசாவுகையினைக் கொண்டுள்ளது."
Performance of the operational activities of this department is based on the broader scope of public finance management and planning of the Ministry of Finance and Planning and overall mandate of the Department of National Budget.,"இத்திணைக்களத்தின் செயற்பாட்டு நடவடிக்கைகளின் செயலாற்றுகையானது அமைச்சின் நிதி மற்றும் திட்டமிடல் என்ற விரிந்த நோக்கெல்லையினை அடிப்படையாகக் கொண்டிருப்பதுடன்,  தேசிய வரவுசெலவு திட்டத் திணைக்களத்தின் பொதுவான ஆணையினையும் பிரதிபலிக்கின்றது."
"In the year 2014, the department carried out a wide range of activities in relation to the implementation of Budget 2014 as well as preparation of Annual Budget of 2015 within the Medium Term Expenditure Framework, 2015–2017, as given in Table 1.1.","2014 ஆம் ஆண்டில், இத் திணைக்களம் 2015 வரவு செலவுத் திட்டம் தயாரித்தல், 2014 வரவு செலவுத் திட்டத்தினை செயற்படுத்தல் மற்றும்  நடுத்தரக்கால செலவின வேலைச்சட்டகம் 2015 - 2017 போன்ற செயற்பாடுகளை கீழே அட்டவணை 1.1 இல் குறிப்பிடப்பட்டவாறு செயற்படுத்தியது."
Table 1.1,அட்டவணை 1.1
Summary of Performance – Year 2014,2014 ஆம் ஆண்டின் செயலாற்றுகை சுருக்கம்
Function,தொழிற்பாடு
Activity,நடவடிக்கை
Overall Target,பொதுவான இலக்கு
Achievements,அடைவு
Implementation of Budget 2014 and Expenditure Management,2014 ஆம்  ஆண்டு தேசிய வரவு  செலவுத் திட்டத்தையும் செலவின முகாமையையும் செயற்படுத்துதல்
Issuance of Budget Circulars giving instructions on expenditure management,செலவின முகாமைத்துவம் தொடர்பாக அறிவுறுத்தல்களை வழங்கும் வரவு செலவுத்திட்ட சுற்றறிக்கைகளை வெளியிடுதல்
Manage public expenditure efficiently,அரசாங்க செலவினத்தினை வினைத்திறன் மிக்கதாக முகாமை செய்தல்
Issuance of National Budget Circular Nos. 157 & 157(i) in this regard,157 மற்றும் 157 (I)ஆம் இலக்க தேசிய வரவு செலவுத் திட்ட சுற்றறிக்கைகளை வெளியிடுதல்
Provision of additional funds for unforeseen expenditure and Submission of Supplementary Estimates to Parliament,எதிர்பாராத செலவினங்களுக்கான  மேலதிக நிதி ஏற்பாடு மற்றும் பாராளுமன்றத்திற்கு குறைநிரப்பு மதிப்பீடுகளை சமர்ப்பித்தல்
Provide funds and reduce unforeseen expenditure,எதிர்பாராத செலவினங் களுக்காக நிதி ஏற்பாடு செய்தல்
"The additional fund requirements, especially for accommodating unforeseen incidents such as floods, draughts etc were addressed, managing the reallocation of funds within the approved expenditure ceiling, without submitting a Supplementary Estimate to Parliament.","வெள்ளம், வரட்சி போன்ற எதிர்பாராத நிகழ்வுகளை நிவர்த்தி செய்வதற்கான விஷேட தேவைப்பாடுகளுக்கான மேலதிக நிதி பாராளுமன்றத்தில் மதிப்பீடாக சமர்ப்பிக்காது ,அங்கீகரிக்கப்பட்ட செலவின எல்லைக்குள் மீள் ஒதுக்கீட்டினை முகாமை செய்தல்."
Authorization of transfer of funds under F.R. 66 and 69.,நிதிப்பிரமாணம் 66 மற்றும் 69 இன் கீழ் நிதி மாற்றல்களுக்கு அதிகாரமளித்தல்
Maintain the expenditure within the approved estimates.,அங்கீகரிக்கப்பட்ட மதிப்பீடுகளுள் செலவினங்களைப் பேணுதல்
"As per the Financial Regulations, 1589 applications were authorized.","நிதிப் பிரமாணக் குறிப்பின் பிரகாரம் 1,589 விண்ணப்பங்கள் அங்கீகரிக்கப்பட்டது."
"Out of that, 242 applications were programme transfers and 1,347were project transfers.","அவற்றுள் 242 விண்ணப்பங்கள் நிகழ்ச்சித்திட்ட மாற்றல் களாகவும் 1,347  செயற்றிட்ட மாற்றல்களாகவும் காணப்பட்டன."
Preparation of National Budget Estimate for 2015,2015 ஆம் ஆண்டுக்கான தேசிய வரவு  செலவுத் திட்டத்தினைத் தயாரித்தல்
Issuance of Budget guidelines on the preparation of the Budget Estimates.,வரவு செலவுத்திட்ட மதிப்பீடுகளைத் தயாரித்தல் தொடர்பான வரவு செலவுத்திட்ட வழிகாட்டல்களை வழங்குதல்
"Issuance of letters to the Ministries, with the relevant guidelines on preparation of budget estimate.",வரவு செலவுத் திட்டம் தயாரித்தல் தொடர்பான வழிகாட்டல் கொண்ட தனித்தனியான கடிதங்களை தொடர்படைய நிரல் அமைச்சுக்களுக்கு  வழங்குதல்
Formulated the Budget for 2015 in line with the Government Development Policy Framework within MTEF 2015-2017.,"2015 - 2017 நடுத்தர கால அரசாங்க அபிவிருத்திக் கொள்கை வேலைச்சட்டகத்துள் , 2015 வரவு செலவுத்திட்டத்திற்கான செலவினத்தினை தயாரித்தல்."
Preparation of draft annual budget estimates in consultation with spending agencies and relevant departments of the Treasury,செலவின முகவராண்மைகள் மற்றும் தொடர்புடைய திறைசேரி திணைக்களங்கள் என்பவற்றுடன் கலந்துரையாடி  வரவு செலவுத்திட்ட மதிப்பீடுகளைத் தயாரித்தல்
Ensure meeting the goals set out in the Vision for the Future; Development Policy Framework of the Government,எதிர்கால தூர நோக்கில் குறிப்பிடப்பட்ட இலக்குகளை அடைந்து கொள்வதை உறுதிப் படுத்தல் ; அரசாங்கத்தின் அபிவிருத்திக் கொள்கை வேலைச்சட்டகம்.
Conducted pre-budget meetings for selected Ministries and other stakeholders with the Chairmanship of HE the President,சனாதிபதியின் தலைமையில் தெரிவுசெய்யப்பட்ட அமைச்சுக்களுக்கான ஆரம்ப வரவு செலவுத்திட்ட கூட்டங்கள் நடாத்தப்பட்டன
Achievement,அடைவு
Conduct Budget discussions with relevant Ministries,தொடர்புடைய அமைச்சுக்களுடன் வரவு செலவுத் திட்ட கலந்துரையாடல்களை நடாத்துதல்
Identify the actual requirements and prepare a realistic budget.,உண்மையான  தேவைகளை நிறைவேற்றி யதார்த்தமான வரவு செலவுத்திட்டம் ஒன்றினைத் தயாரித்தல்
Conducted meetings under the Chairmanship of the Hon. Minister of the relevant Ministry,தொடர்புடைய அமைச்சுக்களின் அமைச்சர்களின் தலைமையில் கூட்டங்களை நடாத்துதல்
Conducted review meetings with the Secretary to the Treasury and the Deputy Secretaries along with relevant Departments/ Agencies,"திறைசேரிச் செயலாளர், பிரதிச் செயலாளர்களுடன் தொடர்புடைய திணைக்களங்கள்/ முகவர்களுடனும் மீளாய்வுக் கூட்டங்களை நடாத்துதல்"
"Making necessary arrangements to present the Appropriation Bill for 2015 to Parliament, on time",குறித்த நேரத்தில் 2015  ஒதுக்கீட்டுச் சட்டமூலத்தினை பாராளுமன்றத்தில் சமர்ப்பிப்பதற்குத் தேவையான நடவடிக்கைளை எடுத்தல்
"Making necessary arrangements to present The Appropriation Bill to Parliament in first week of Oct, 2014",ஒதுக்கீட்டுச் சட்டமூலத்தினை ஒக்தோபர் முதலாவது வாரத்தில்  பாராளுமன்றத்தில் சமர்ப்பிப்பதற்குத் தேவையான நடவடிக்கைளை எடுத்தல்
"Gazetted the Appropriation Bill for 2015 in the Gazette, dated 19. 09. 2014.",2015 கான ஒதுக்கீட்டுச் சட்டமூலம் 2014.09.19 ஆம் திகதிய வர்த்தமானியில் பிரசுரிக்கப்பட்டது.
Preparation of detailed Printed Estimates,விபரமான மதிப்பீடுகளைத் தயாரித்தல்
Preparation of detailed Printed Estimates with relevant to all the Expenditure Heads with analytical data,தொடர்புடைய சகல செலவினத் தலைப்புகளையும் கவனத்திற் கொண்டு பின்னணி விபரங்களுடன் விபரமான அச்சிடப்பட்ட மதிப்பீடுகளைத் தயாரித்தல்
Pass the Appropriation Bill by Parliament,ஒதுக்கீட்டுச் சட்டமூலத்திற்கான அங்கீகாரத்தினை பாராளுமன்றத்தின் மூலம் பெற்றுக்கொள்ளல்
Submitted the Appropriation Bill to Parliament on 26.09.2014.,2014.09.26 ஆம் திகதி ஒதுக்கீட்டுச் சட்டமூலம் பாராளுமன்றத்தில் சமர்ப்பிக்கப்பட்டது.
Presented the Budget to the Parliament (Second Reading) on 24.10.2014.,வரவு செலவுத்திட்டம் (இரண்டாவது வாசிப்பு) 24.10.2014 பாராளுமன்றத்தில் சமர்பிக்கப்பட்டது.
Parliament passed the Appropriation Bill on 24. 11. 2014.,2014.11.24 இல் ஒதுக்கீட்டுச் சட்டமூலத்தினை பாராளுமன்றம் நிறைவேற்றியது.
Appropriation Act No 41 of 2014 was certified by the Hon. Speaker on 24. 11. 2014.,2014.11.24 ஆம் திகதி கௌரவ சபாநாயகர் அவர்களினால் 2014 ஆம் ஆண்டின் 11 ஆம்  இலக்க ஒதுக்கீட்டுச் சட்டம் சான்றுபடுத்தப்பட்டது.
Warrants were issued by HE the President as the Minister of Finance on 04. 12. 2014.,2014.12.04 ஆம் திகதி நிதி அமைச்சர் என்ற வகையில் அதிமேதகு சனாதிபதியால் ஆணைப்பத்திரம் விநியோகிக்கப்பட்டது .
Submission of observations on Cabinet Memoranda,அமைச்சரவை விஞ்ஞாபனம் மீதான அவதானிப்புகளை சமர்ப்பித்தல்
Submission of observations and comments on Cabinet Memoranda in line with relevant analysis of government expenditure,அமைச்சரவை விஞ்ஞாபனத்தின் மீதான கருத்துக்கள் மற்றும் அவதானிப்புகளை உரிய நேரத்தில்அரசாங்க துறைரீதியான கொள்கை மற்றும் செலவினத்தின் பகுப்பாய்வுடன் சமர்ப்பித்தல்
Submitted 399 observations on Cabinet Memoranda.,அமைச்சரவை விஞ்ஞாபனம் மீது 399 அவதானிப்புக்கள் சமர்ப்பிக்கப்பட்டது .
Timely submission of observations on Cabinet Memoranda,அமைச்சரவை விஞ்ஞாபனம் மீது அவ்வப்போது அவதானிப்புக்கள் சமர்ப்பித்தல்
Internal Management of the Department of National Budget,தேசிய வரவு செலவுத்திட்டத் திணைக்கள உள்ளக முகாமை
General Administration,பொது நிர்வாகம்
Financial Leasing Management,நிதி குத்தகை முகாமை
Ensure efficient utilization of human resources and budgetary provisions allocated to the department,திணைக்களத்திற்கு ஒதுக்கீடு செய்யப்பட்ட மனிதவளப் பயன்பாட்டையும் வரவு செலவுத்தி;ட்ட ஏற்பாடுகளையும்  வினைத் திறன்மிக்கதாக பயன் படுத்துவதனை உறுதிப் படுத்துதல்.
Capacity Building,திறன் விருத்தி
Develop human resources through local and foreign training,உள்நாட்டு மற்றும் வெளிநாட்டு பயிற்சி ஊடாக மனிதவள அபிவிருத்தி
Three officers were trained overseas while four officers were trained locally on programmes related to activities of the NBD.,தேசிய வரவு செலவுத் திட்ட திணைக்கள செயற்பாடுகள் தொடர்பில் 03 அலுவலர்கள் வெளி நாட்டு பயிற்சிக்கு அனுப்பப்பட்டதுடன் 04 அலுவலர்கள் உள் நாட்டு பயிற்சி பெற்றுள்ளனர்.
Submission of Reports,அறிக்கைகளை  சமர்ப்பித்தல்.
Submit reports before the deadlines,இறுதித் தினத்திற்கு முன் அறிக்கைகளின் சமர்ப்பிப்பு.
Performance Report,செயலாற்றுகை   அறிக்கை
Appropriation Account,ஒதுக்கீட்டுக்  கணக்கு
Reconciliation of public officers Advance Account,அரசாங்க  அலுவலர்  முற்பணக் கணக்கு இணக்கக் கூற்று
Submitted the following Reports on time.,பின்வரும் அறிக்கைகள் உரிய நேரத்தில் சமர்ப்பிக்கப்பட்டன.
Performance Report 2013,செயலாற்றுகை அறிக்கை 2013
Appropriation Account 2014,ஒதுக்கீட்டுக் கணக்கு 2014
Reconciliation of public officers Advance Account 2014,அரசாங்க  அலுவலர்  முற்பணக் கணக்கு இணக்கக் கூற்று 2014
Replying to the Audit Queries,கணக்காய்வு வினாக்களுக்கான விடைகள்
Minimize audit queries,கணக்காய்வு வினாக்களை குறைத்தல்
Attend to COPA,அரசாங்க கணக்குகள் மீதான குழுவில் பங்குபற்றுதல்
Replied to the all audit queries (07) forwarded by the Department of Auditor General.,கணக்காய்வாளர் நாயகத்தினால் அனுப்பி வைக்கப்பட்ட அனைத்துக் கணக்காய்வு வினாக்களுக்கும் (07) விடை அளிக்கப்பட்டுள்ளன
Review and Implementation of Budget 2014,2014 ஆம் ஆண்டுக்கான வரவு செலவத் திட்ட மீளாய்வு மற்றும் செயற்படுத்துகை
Appropriation Act for 2014,2014 ஆம் ஆண்டுக்கான ஒதுக்கீட்டுச் சட்டம்
"Accordingly, the Appropriation Act (Amendment) No. 47 of 2014 which includes the above changes was approved by Parliament.","இதற்கமைவாக, மேற்குறித்த மாற்றங்களை உள்ளடக்கிய 2014 இன் 47 ஆம் இலக்க ஒதுக்ககீட்டு (திருத்தச்) சட்டம் பாராளுமன்றத்தினால் அங்கீகரிக்கப்பட்டது."
Performance of Budget - 2014,2014 ஆம் ஆண்டுக்கான வரவு செலவுத் திட்டத்தின் செயலாற்றுகை
Head-wise expenditures which were disaggregated in terms of Projects and by Object Codes with sources of financing presented to Parliament in the Printed Estimates along with the Budget Speech.,"செயற்றிட்டங்களின் நியதிகளின் மூலமும் நிதியளிப்பு மூலங்களுடன் செலவு விடயத்தின் மூலமும் ஒன்றுதிரட்டப்படாத தலைப்பு ரீதியான செலவினங்கள்,வரவு செலவுத் திட்ட உரையுடன்  அச்சிடப்பட்ட மதிப்பீடுகளில் பாராளுமன்றத்திற்கு சமர்ப்பிக்கப்பட்டது."
Once the Appropriation Bill became an Act and the Minister of Finance issued warrants authorizing to incur expenditure as indicated in Printed Estimates.,ஒதுக்கீட்டுச் சட்டமூலம்  சட்டமாக்கப்பட்டதும் நிதி அமைச்சர் அவர்கள் அச்சிடப்பட்ட மதிப்பீடுகளில் குறிப்பிடப்பட்டுள்ளவாறு செலவினத்தைச் செய்வதற்கு அதிகாரமளிக்கும் அனுமதியை வழங்கினார்.
"As per the budget estimates approved by Parliament for year 2014, provisions were allocated among 208 expenditure heads/spending units.",2014 ஆம் ஆண்டுக்காக  பாராளுமன்றத்தினால் அங்கீகரிக்கப்பட்ட வரவு செலவுத் திட்ட மதிப்பீடுகளின் பிரகாரம் 208  செலவினத் தலைப்புகளில்/ செலவின அலகுகளுக்கிடையே ஏற்பாடுகள் ஒதுக்கீடு செய்யப்பட்டுள்ளன.
"This included both capital and recurrent expenditure namely, salaries and wages, welfare, operational expenses such as electricity, water, stationery fuel, diet, uniforms and the expenditure related to development programmes.","இது மூலதனம் மற்றும்  மீண்டெழும்  செலவினங்கள் ஆகிய இரண்டினையும் உள்ளடக்கியுள்ளது. முறையே , சம்பளங்கள் மற்றும் ஊதியங்கள், நலன்புரி , மின்சாரம், நீர், காகிதாதிகள், எரிபொருள், உணவு, சீருடைகள் போன்ற செயல்பாட்டு செலவீனங்கள் மற்றும் அபிவிருத்தி நிகழ்ச்சித்திட்டங்கள் தொடர்பான செலவினங்கள்,"
"Accordingly, the Advance Account activities of the year 2014 have been carried out within the approved limits.","இதற்கமைவாக, 2014 ஆம் ஆண்டுக்கான முற்பண கணக்குச் செயற்பாடுகள் அங்கீகரிக்கப்பட்ட வரையறைக்குள் காணப்பட்டன."
Table 2.1 Utilization of Provisions - 2014,அட்டவணை 2.1   நிதி ஏற்பாடுகளின் பயன்பாட்டின் முன்னேற்றம் - 2014
Name of the Ministry/Special Spending Units,அமைச்சின் பெயர்/ சிறப்பு செலவு அலகுகள்
Estimated Provisions,மதிப்பீடு செய்யப்பட்ட ஏற்பாடுகள்
Additional Allocation,மேலதிக  ஒதுக்கீடு
Total Expenditure,மொத்த  செலவினம்
Actual Expenditure,மெய்  செலவினம்
Unutilized Provisions,பயன்படுத்தப்படாத ஏற்பாடு
Special Spending Units,விசேட செலவிடும் அலகுகள்
Buddha Sasana and Religious Affairs,புத்தசாசன மற்றும் சமய  அலுவலர்கள்
Finance and Planning,நிதி மற்றும் திட்டமிடல்
Defense and Urban Development,பாதுகாப்பு மற்றும் நகர அபிவிருத்தி
Economic Development,பொருளாதார  அபிவிருத்தி
Disaster Management,அனர்த்த முகாமைத்துவம்
Postal Services,தபால் சேவைகள்
Court,நீதித்துறை
Health,சுகாதாரம்
Foreign Affairs,வெளிநாட்டு அலுவல்கள்
Petroleum Industries,பெற்றோலியக் கைத்தொழில்
Co-operatives and Internal Trade,கூட்டுறவு மற்றும் உள்நாட்டு வர்த்தகம்
"Highways, Ports and Shipping","நெடுஞ்சாலைகள், துறைமுகங்கள் மற்றும் கப்பற்றொழில்"
Agriculture,விவசாயம்
Power and Energy,மின்வலு சக்தி
Child Development and Women's Affairs,சிறுவர் அபிவிருத்தி  மற்றும் மகளிர் விவகாரம்
Public Administration and Home Affairs,பொது நிர்வாகம் மற்றும்  உள்நாட்டு அலுவல்கள்
Mass Media and Information,வெகுசன ஊடகம் மற்றும் தகவல்
"Construction, Engineering Services, Housing and Common Amenities","நிர்மாணம், பொறியியல்  சேவைகள், வீடமைப்பு மற்றும் பொது வசதிகள்"
Social Services,சமூக சேவைகள்
Education,கல்வி
Labour and Labour Relations,தொழில் மற்றும் தொழில் உறவுகள்
Traditional Industries and Small Enterprise Development,பாரம்பரியக் கைத்தொழில் மற்றும்  சிறிய தொழில் முயற்சி  அபிவிருத்தி
Local Government and Provincial Councils,உள்ளுராட்சி மற்றும் மாகாண சபைகள்
Technology and Research,தொழில்நுட்பம் மற்றும் ஆய்வு
National Languages and Social Integration,தேசிய மொழிகள் மற்றும்  சமூக ஒருங்கிணைப்பு
Plantation Industries,பெருந்தோட்டக் கைத்தொழில்
Sports,விளையாட்டுத்துறை
Indigenous Medicine,சுதேச மருத்துவம்
Fisheries and Aquatic Resources Development,மீன்பிடி மற்றும் நீரியல்வள அபிவிருத்தி
Livestock and Rural Community Development,கால்நடை மற்றும் கிராமிய சமூக அபிவிருத்தி
National Heritage,தேசிய மரபுரிமை
Parliamentary Affairs,பாராளுமன்ற அலுவல்கள்
Re-settlement,மீள் குடியேற்றம்
Industrial and Commerce	Affairs,கைத்தொழில் மற்றும் வணிகம்
Irrigation and Water Resources Management,நீர்ப்பாசனம் மற்றும் நீர்வளங்கள்  முகாமைத்துவம்
Land and Land Development,காணிகள் மற்றும் காணி அபிவிருத்தி
Youth Affairs and Skills Development,இளைஞர் விவகாரம் மற்றும் திறன் அபிவிருத்தி
Environment & Renewable Energy,சுற்றாடல்
Water Supply and Drainage,நீர் வழங்கல் மற்றும்  வடிகாலமைப்பு
Higher Education,உயர்கல்வி
Public Management Reforms,பொது முகாமைத்துவ மறுசீரமைப்பு
Rehabilitation and Prison Reforms,புனர்வாழ்வு மற்றும் சிறைச்சாலைகள் மறுசீரமைப்பு
State Resources and Enterprise Development,அரச வளங்கள் மற்றும் தொழில் முயற்சி அபிவிருத்தி
Civil Aviation,விமானப் போக்குவரத்து
Culture and the Arts,கலாசாரம் மற்றும்  கலைகள்
Coconut Development and People's Estate Development,தெங்கு அபிவிருத்தி  மற்றும் மக்கள் தோட்ட  அபிவிருத்தி
Wildlife Resources Conservation,கமத்தொழில் சேவைகள் மற்றும் வன சீவராசிகள்
Minor Export Crop Promotion,சிறு ஏற்றுமதிப் பயிர் ஊக்குவிப்பு
Productivity Promotion,வினைத்திறன் மேம்பாடு
Foreign Employment Promotion and Welfare,வெளிநாட்டு  வேலைவாய்ப்பு ஊக்குவிப்பு மற்றும் நலன்புரி
Public Relations and Public Affairs,மக்கள் தொடர்பு மற்றும் பொது விவகாரம்
Private Transport Services,தனியார் போக்குவரத்துச்  சேவைகள்
Telecommunication and Information Technology,தொலைத்தொடர்பு  மற்றும் தகவல்  தொழில்நுட்பம்
Sugar Industry Development,சீனிக் கைத்தொழில்  அபிவிருத்தி
Investment Promotion,முதலீட்டு ஊக்குவிப்பு
Botanical Gardens and Public Recreation,தாவரவியற் பூங்கா  மற்றும் பொது பொழுதுபோக்கு வசதிகள்
Education Services,கல்விச் சேவைகள்
Law and Order,சட்டம் மற்றும் ஒழுங்கு
Debt Service Payment,படுகடன் சேவைக் கொடுப்பனவுகள்
Treasury Miscellaneous vote (TMV),திறைசேரி நானாவித தலைப்பு
Grand Total,முழு மொத்தம்
Provisions were provided from Supplementary Allocation.,நிதி ஏற்பாடுகள் குறை நிரப்பு ஒதுக்கீட்டிலிருந்து வழங்கப்பட்டன.
Source: Department of National Budget/ Department of State Accounts,மூலம் : தேசிய வரவு செலவுத் திட்டத் திணைக்களம் /அரச கணக்குகள் திணைக்களம்
Sectoral Perspectives in 2014 Budget in the Medium Term Expenditure Framework of 2014-2016,நடுத்தர கால செலவின வேலைச் சட்டகத்தில் 2014 வரவு செலவுத்திட்டத்தின் துறைரீதியான நோக்கு 2014-2016
The Budget 2014 was mainly based on the Development Policy Framework of the Government and on the strategies identified therein.,2014 வரவு செலவுத்திட்டம் பிரதானமாக அபிவிருத்திக்கான  வேலைச்சட்டகம் மற்றும் அதில் அடையாளங்காணப்பட்ட உபாயங்கள் என்பவற்றினை அடிப்படையாகக் கொண்டு காணப்பட்டது.
The following operational scenarios were also applied in the formulation and implementation of 2014 Budget.,2014 வரவு செலவுத் திட்டத்தினைத் தயாரித்தல் மற்றும் செயற்படுத்துகையில் நடைமுறைப்படுத்தப்பட்ட பின்வரும் செயற்பாடுகள் பிரயோகிக்கப்பட்டன.
Sectoral basis – The budgetary allocations for 2014 were made in accordance with the sectoral policy framework developed by relevant stakeholders for the development of respective sectors during the medium term of 3 years.,துறை அடிப்படை – 2014 ஆம் ஆண்டிற்கான வரவு செலவுத்திட்ட ஒதுக்கீடுகள்  அடுத்த 3 வருடங்களுக்கு அந்தந்த துறைக்கான அக்கறை செலுத்துநர்களினால் தயாரிக்கப்பட்ட துறை ரீதியான கொள்கை வேலைச்சட்டகத்துடன் இணங்கியதாகக் காணப்பட்டது.
Realistic assessment – The budget 2014 was based on an assessment of actual expenditure incurred under the limits provided in terms of Article 150 (2) and Article 150 (3) of the Constitution.,யதார்த்த மதிப்பீடு – 2014 வரவு செலவுத்திட்டமானது அரசியலமைப்பின் உறுப்புரை  150(2)  மற்றும்  உறுப்புரை 150(3) என்பவற்றின் நியதிகளுக்கமைவாக ஏற்பாடு செய்யப்பட்ட வரையறைகளின் கீழ் செய்யப்பட்ட உண்மையான  செலவின மதிப்பீடொன்றின் அடிப்படையில் மேற்கொள்ளப்பட்டதாகும்.
Slow-moving projects – Reformulation or phasing out of all such projects that have been carried in estimates for several years.,செயலாற்றுகை அல்லாத செயற்றிட்டங்கள்- பல வருடங்களாக மதிப்பீடுகளில் மேற்கொள்ளப்பட்ட அத்தகைய செயற்றிட்டங்கள் அனைத்தும்   மீள் உருவாக்கப்படுதல் அல்லது விட்டுவிடல்.
Prevent duplication and incompatibility - Proper recognition was given to identify duplicated and incompatible activities under each of the ministries.,பிரதிபண்ணல் அல்லது மேலமைவு என்பவற்றினைத் தவிர்த்தல- ஒவ்வொரு அமைச்சுக்களின் கீழ் செயற்படுத்தப்படும் பிரதிபண்ணல் அல்லது மேலமைவு நடவடிக்கைகளிற்கு  முறையான அங்கீகாரம் வழங்கப்பட்டது.
"Also, instructions were given to distribute the allocations in all the spending agencies and the Provincial Councils in a manner that would manage the sectoral allocation.","தவிர , செலவின முகவராண்மைகள் மற்றும் மாகாண சபைகளின் ஒதுக்கீடுகள்ளின் கீழ் செயற்படுத்தப்படும்  துறை ரீதியான ஒதுக்கீட்டை முகாமைத்துவம்  செய்யக்கூடிய வகையில் ஒதுக்கீடுகளை பகிர்வதற்கு  .அறிவுறுத்தல்  வழங்கப்பட்டது."
"In order to facilitate this sectoral process, all Ministries, Departments, and other Spending Agencies were classified under sectors in the Budget formulation, namely Social Security, Human Resource Development, Infrastructure Development, Real Economy, Environment, Research and Technology, Public Service Delivery, Defense and Law Enforcement.","இந்தத் துறை ரீதியான செயன்முறைகளுக்கு வசதியளிக்கும் வகையில் சமூகப் பாதுகாப்பு, மனிதவள அபிவிருத்தி, உட்கட்டமைப்பு அபிவிருத்தி, மெய்ப் பொருளாதாரம், சுற்றாடல், ஆராய்ச்சி மற்றும் தொழில்நுட்பம், அரசாங்க சேவை வழங்கல், பாதுகாப்பு மற்றும் சட்ட அமுல்படுத்துகை போன்ற ஒன்பது துறைகளின் கீழ் அனைத்து அமைச்சுக்களும் திணைக்களங்கள் மற்றும் பிற செலவின முகவராண்மைகளும் வகைப்படுத்தப்பட்டன."
"Accordingly, each spending agency was categorized into said sectors, depending on the activity undertaken.",இதற்கமைவாக தாம் பெற்றுக்கொண்ட  செயற்பாடுகளின் அடிப்படையில் ஒவ்வொரு செலவின முகவராண்மையும் மேற்குறிப்பிட்ட ஒன்று அல்லது கனிசமான துறைகளில் இடம்பெற்றன.
Management of 2014 Budget,வரவு செலவுத்திட்டத்தின் முகாமை
Total Government Expenditure,மொத்த அரசாங்க செலவினம்
"However, the Government was able to limit the actual expenditure to 1370 billion, slightly lower than the original estimated 1470.8 billion.","ஆனால், அரசாங்கம்  உண்மையான  செலவினத்தை  ரூபா 1,370 பில்லியனாக மட்டுப்படுத்தக் கூடியதாக   இருந்தது, இது மதிப்பீடான ரூபா 1,440.8 பில்லியனைவிட சிறிதளவு குறைவாகும்."
The budgetary operations 2014 were managed within the expenditure ceilings approved by Parliament while ensuring achieving the targets of the Medium Term Expenditure Framework 2014-2016.,"2014 வரவுசெலவுத்திட்ட தொழிற்பாடுகள் பராளுமன்றத்தினால் அங்கீகரிக்கப்பட்ட செலவின வரையறைக்குள் முகாமை செய்யப்பட்டதுடன், நடுத்தரக்கால செலவின வேலைச்சட்டகத்தின் 2014 – 2016 இலக்குகளை அடைவதனை உறுதிப்படுத்துவதாக அமைந்தது."
"Among the tools that have been employed for prudent public expenditure management by the Treasury, the Supplementary Support Services and Contingent Liabilities (Treasury Miscellaneous Vote- TMV) was one of the main instruments to prevent supplementary budget to manage various unforeseen urgent requirements during the year.","விவேகமுள்ள அரசாங்க செலவின முகாமைத்துவத்திற்காக திறைசேரியால் பணியிலமா்த்தப்பட்ட  கருவிகளுள்  , திறைசேரி குறைநிரப்புசேவைகள் மற்றும் பின்னிகழும் கடன் பொறுப்புக்கள் (திறைசேரி நானாவித செலவினம்) வருட காலப் பகுதியில் எதிர்பாராத பல்வேறு அவசரத் தேவைகளை முகாமை செய்வதற்கு  குறைநிரப்பு வரவு செலவைத் தவிர்ப்பதற்கான பிரதான ஒரு கருவியாகும்."
Supplementary Estimates,குறைநிரப்பு மதிப்பீடுகள்
The Supplementary Support Services and Contingent Liabilities Project (Treasury Miscellaneous Vote- TMV) continued to be implemented by the Treasury as a tool for the prudent management of public expenditure in 2014 in order to provide funds for unforeseen urgent requirements while preventing ad hoc supplementary budget estimates.,"எழுந்தமாறான குறைநிரப்பு வரவுசெலவுத்திட்ட மதிப்பீடுகளைத் தடுக்கும் வேளையில் , எதிர்பாராத அவசர தேவைப்பாடுகளுக்கு நிதி ஏற்பாடு செய்யும் வகையில் 2014 இல் அரசாங்க செலவினத்தினை திறனாக முகாமை செய்வதற்கான சாதனமொன்று என்ற வகையில் வரவுசெலவுத்திட்ட ஒத்துழைப்பு சேவைகள் மற்றும் நானாவித பொறுப்புக்கள் (திறைசேரி நானாவித செலவினத் தலைப்பு) திறைசேரியினால் தொடர்ந்து செயற்படுத்தப்பட்டது."
The Treasury recognized an aggregate sum for this instrument during the budget formulation process considering the historical trends in public expenditure and budget deficits and other fiscal targets such as advance provisions to enable to improve favorable fiscal environment in the country.,நாட்டில் சாதகமான அரசிறை சூழல் ஒன்றினை மேம்படுத்தும் வகையில் முற்பண ஏற்பாடுகள் என்றவகையில் அரசாங்க செலவினம் மற்றும் வரவுசெலவுப் பற்றாக்குறை அத்துடன் ஏனைய அரசிறை இலக்குகளில் வரலாற்று ரீதியான போக்கினைக் கருத்திற் கொண்டு வரவுசெலவுத்திட்ட தயாரிப்புச் செயன்முறைகளின் போது இச்சாதனத்ததிற்காக சராசரியான தொகையொன்றினை திறைசேரி ஒதுக்கீடு செய்துள்ளது.
The provisions for supplimentary support were utilized as follows;,குறைநிரப்பு  உதவி ஏற்பாடுகள் பின்வருமாறு உபயோகப்படுத்தப்பட்டுள்ளன.
Table 2.2: Supplementary Provisions for Capital Expenditure,அட்டவணை 2.2 - மூலதனச் செலவினங்களுக்கான குறைநிரப்பு ஏற்பாடுகள்
Major Areas,பிரதான துறை
Obligation Management,பொறுப்புக் கட்டுப்பாடு
The Treasury issued guidelines to manage financial obligations which are being entered into by various spending agencies without having adequate provisions and thereby creating liabilities on the government and to ensure such obligations are included well within the budgetary provisions.,பல்வேறு செலவின முகவர்களினால் போதிய ஏற்பாடுகளின்றி மேற்கொள்ளப்படும் கடப்பாடுகளை முகாமைசெய்வதற்கும் அத்தகைய பொறுப்புக்கள் வரவு செலவுத்திட்ட ஏற்பாடுகளுக்குள் உள்ளடக்கப்படவேண்டும் என்பதற்குமான வழிகாட்டல்களை திறைசேரி வெளியிட்டுள்ளது.
"Also, they were directed to spend within the Medium Term Budgetary Framework that had already been approved by Parliament.","தவிர , ஏற்கனவே பாராளுமன்றத்தினால் அங்கீகரிக்கப்பட்ட நடுத்தர கால வரவு செலவு திட்ட  வேலைச்சட்டகத்திற்குள் முடியுமான அளவு தொழிற்படுவதற்கு ஊக்குவிக்கப்படுகிறது."
"The management of obligations, and recurrent and capital expenditure, was further strengthened by issuing the National Budget Circular No. 1/2014 dated 01.01.2014 requesting all spending agencies to adhere to the annual provision limits in 2014 Budget Estimate.",2014 வரவு செலவுத்திட்ட மதிப்பீட்டிற்குள் செலவின முகவர்கள் அனைத்தும் செயற்படுவதற்கு வேண்டும்  2014.01.01 ஆந் திகதிய 1/2014 ஆம் இலக்க தேசிய வரவு செலவுத்திட்ட சுற்றுநிருபத்தினை  வெளியிட்டதன் மூலம் மேலும் விரிவு படுத்தப்பட்டது.
"Further, guidelines on obligation management has issued by the Treasury through the Budget Circular No. 03.2014 on 18.08.2014 on Guidelines on preparation of Budget Estimates for 2015.","மேலும், 2015 வரவு செலவுத் திட்ட மதிப்பீடுகளைத் தயாரிப்பதற்கான வழிகாட்டல்கள் தொடர்பாக 2014.08.18 ஆந் திகதிய 03/2014 ஆம் இலக்க தேசிய வரவு செலவுத்திட்ட சுற்றுநிருபத்தினை வெளியிட்டதன் மூலம் பொறுப்புக்கட்டுப்பாடு பற்றிய வழிகாட்டல்கள் வழங்கப்பட்டன."
"Accordingly, all Accounting Officers were advised to establish proper systems to ensure commitments are made only within the approved annual budget.","இதற்கமைவாக, பொறுப்புக்கள் அனைத்தும் அங்கீகரிக்கப்பட்ட வருடாந்த வரவு செலவுத் திட்டத்திற்குள் மாத்திரம் மேற்கொள்ளப்படுவதனை உறுதிப்படுத்துவதற்கு முறையான  திட்டமொன்றினை உருவாக்குமாறு அனைத்து கணக்கீட்டு அலுவலர்களுக்கும் ஆலோசனை தெரிவிக்கப்பட்டது."
Issuance of Budget Circulars.,வரவு செலவுத்திட்ட சுற்றறிக்கைகளை வெளியிடுதல்
"The Department has issued following circulars during the year 2014, providing guidelines required for expenditure management of the spending agencies.",2014 ஆம் ஆண்டு காலப்பகுதியில் திணைக்களம் பின்வரும் சுற்றறிக்கைகள் வெளியிட்டதுடன் இவற்றின் மூலம் செலவின முகவராண்மைகளின் செலவின வழிகாட்டல்களை வழங்கக் கூடியதாக இருக்கின்றது.
Table 2.3: Issuance of Budget Circulars,அட்டவணை 2.3 - வரவு செலவுத்திட்ட சுற்றறிக்கைகளை வெளியிடுதல்
Circular No.,சுற்றறிக்கை  இல.
Title,தலைப்பு
01.01.2014 1/2014 	Authorization for Incurring Expenditure for 2014 and Public Expenditure Management,01.01.2014 	2014 இற்கான செலவினத்தினை மேற்கொள்வதற்கான அதிகாரமளித்தல் மற்றும் அரசாங்க செலவின முகாமை.
23.07.2014 2/2014	Implementation Of Budget Proposals 2014 Providing Motorcycles Field Officers in Public Sector,23.07.2014	2014 வரவு செலவுத்திட்டத்தினைச் செயற்படுத்தும் வகையில் அரசாங்கத் துறையிலுள்ள கள அலுவலர்களுக்கு மோட்டார் சைக்கிளகளை  வழங்குதல்.
18.08.2014 3/2014	Guidelines for preparation of Budget Estimates for 2015,18.08.2014	2015 வரவு செலவுத்திட்ட மதிப்பீடுகளைத் தயாரிப்பதற்கான வழிகாட்டல்கள்.
04.12.2014 4/2014	Incur expenditure within the revised Budget Estimates for 2014,04.12.2014	2014 வரவு செலவுத்திட்ட மதிப்பீடுகளின் திருத்ததங்களுக்குள் செலவினத்தினை மேற்கொள்ளுதல்.
26.12.2014 152 (II)	Guidelines for Provisions of relief to the Public in an Emergency Disaster situation and Restoration of Damaged Areas,26.12.2014	அவசர அனர்த்த நிலைமைகளில் பொதுமக்களுக்கு நிவாரணம் வழங்குதல் மற்றும் பாதிக்கப்பட்ட பிரதேசங்களை மீளக்கட்டி எழுப்புவதற்கான ஏற்பாடுகளுக்கான வழிகாட்டல்.
29.12.2014 152 (III) Special Circular for provision of relief to victims of prevailing disaster situations,29.12.2014	அனர்த்த நிலைமையினால் பாதிக்கப்பட்டவர்களுக்கான நிவாரனம் வழங்குவதற்கான விசேட சுற்றுநிருபம்.
30.12.2014 5/2014	Authorization for Incurring Expenditure for 2015 and Public Expenditure Management,30.12.2014	 5/2014   2015 இற்கான செலவினத்தினை மேற்கொள்தல் மற்றும் அரசாங்க செலவின முகாமைத்துவத்திற்கு அதிகாரமளித்தல்.
Source: Department of National Budget,மூலம் : தேசிய வரவுசெலவுத்திட்டத் திணைக்களம்
Monitoring of Advance Accounts operations continued under the purview of the department during the year 2014.,2014 ஆம் ஆண்டிலும் திணைக்களத்தின் மேற்பார்வையின் கீழ் முற்பணக் கணக்குத் தொழிற்பாடுகளின்  தொடா்ந்தது.
"Out of total 207 Advance Accounts; 196 Public Officers’ Advance Accounts, 4 Commercial Advance Accounts, 3 Stores Advance Accounts and 4 Special Advance Accounts were operated.","207 முற்பணக் கணக்குகளில் ; 196 அரச அலுவலர்களின் முற்பணக் கணக்குகள் ,  4 வர்த்தக முற்பணக் கணக்குகள் , 3 களஞ்சிய முற்பணக் கணக்குகள் மற்றும் 4 விசேட முற்பணக் கணக்குகள் தொழிற்பாடுத்தப்பட்டன."
"According the provisions of Appropriation Act, limit revisions of 31 Public Officers’ Advance Accounts and 05 other Advance Accounts were submitted for parliamentary approval.","ஒதுக்கீட்டுச் சட்டத்தினுடைய  நிதி ஏற்பாடுகளுக்கு அமைய, 31  அரச அலுவலர்களின் முற்பணக் கணக்குகள் மற்றும்   05 ஏனைய முற்பணக் கணக்குகள் பாராளுமன்ற அநுமதிக்காக சமா்பிக்கப்பட்டன."
"Officers of this department attended meetings of the Committee on Public Accounts (COPA) held to examine the Auditor General’s reports on Advance Accounts in 2014, in Parliament.","2014 இல் , பாராளுமன்றத்தில் ,  கணக்காய்வாளர் நாயகத்தின்  முற்பணக் கணக்குகள் தொடர்பான அறிக்கை பரீட்சிப்பிற்கு நடாத்தப்பட்ட அரச கணக்குகள் குழுக்கூட்டத்தில் திணைக்கள அலுவலர்களும்   கலந்துகொண்டனர்."
Preparation of Budget Estimates for 2015,2015 ஆம் ஆண்டுக்கான வரவுசெலவுத் திட்ட மதிப்பீடுகளைத் தயாரித்தல்
Budget estimates for 2015 were formulated within the ten-year development framework 2006-2016.,2015 ஆம் ஆண்டுக்கான வரவுசெலவுத் திட்ட மதிப்பீடுகள் 2006 – 2016 பத்து வருட அபிவிருத்தி  வேலைச் சட்டகத்திற்குள் உருவாக்கப்பட்டது.
"Accordingly, the Budget 2015 targeted the strategies to raise per capita income and transforming Sri Lanka to poverty free country by 2016.","இதற்கமைவாக , 2015 வரவு செலவுத் திட்டமானது தலா வருமானத்தினை அதிகரிப்பதற்கான உபாயத்தினை இலக்காகக் கொண்டிருந்ததுடன் 2016 ஆம் ஆண்டளவில் இலங்கையினை வறுமையிலிருந்து விடுதலை பெற்ற நாடாக மாற்றுவதனையும் இலக்காகக் கொண்டிருந்தது."
Budget Formulation Guidelines,வரவுசெலவுத் திட்ட தயாரிப்பு வழிகாட்டல்கள்
A standard Budget Circular was not issued for the preparation of Budget Estimates for the year 2015.,2015 ஆம் ஆண்டுக்கான வரவுசெலவுத் திட்ட மதிப்பீடுகளை தயாரிப்பதற்காக வழமையான வரவுசெலவுத்திட்ட சுற்றுநிருபம் விநியோகிக்கப்படவில்லை.
"All the Secretaries of Ministries were addressed personally giving guidelines to prepare their Estimates for 2015 by way of a personalized letter issued by the Secretary to the Treasury, which included all the specific instructions.",தேவையான அனைத்து அறிவுறுத்தல்களையும் உள்ளடக்கியதாக திறைசேரிச் செயலாளரினால் வழங்கப்பட்ட தனிப்பட்ட கடிதங்களின் மூலம் 2015 ஆம் ஆண்டுக்கான மதிப்பீடுகளைத் தயாரிப்பதற்கு வழிகாட்டல்களை வழங்கம் வகையில் தனிப்பட்டவகையில் அனைத்து அமைச்சுக்களின் செயலாளர்களுக்கும் கடிதங்கள் அனுப்பப்பட்டன. இக்கடிதங்களில் அனைத்து அறிவுறுத்தல்களும் உள்ளடக்கப்பட்டுள்ளன.
"The department did a review on 2014 Budget and based on critical assessment, worked out a ministry-wise potential budget.",2014 வரவுசெலவுத் திட்டம் தொடர்பான மீளாய்வினை திணைக்களம் மேற்கொண்டுள்ளதுடன் மிகவும் விரிவான மதிப்பீட்டின் அடிப்படையிலும் அமைச்சு மட்ட சிறந்த வரவுசெலவுத் திட்டத்தினையும் மேற்கொண்டது.
"By mid-August 2014 the department sent the indicative estimates for 2015 for each ministry with the detailed letter indicating the assumptions used to derive those estimates. Based on these, the ministries were requested to submit their draft estimates by September 2014 for negotiations between the Treasury and the relevant line ministry.","2014 ஆகஸ்ட் நடுப்பகுதியில், திணைக்களம் ஒவ்வொரு அமைச்சிற்கும் 2014 ஆம் ஆண்டிற்கான மதிப்பீடுகளை ,   அம்மதிப்பீடுகளை பயன்படுத்துவதற்கான ஊகங்களைச் சுட்டிக் காட்டுகின்ற விபரமான கடிதத்துடனும்  அனுப்பி வைத்ததுள்ளதது."
"After holding long-term discussions separately for Ministries, it was confirmed whether the provisions have been allocated properly for all the projects.","இதன் அடிப்படையில், திறைசேரி மற்றும் தொடர்புடைய நிரல் அமைச்சுக்கள் என்பவற்றுக்கிடையில் பேச்சுவார்த்தைக்காக 2014 செப்டெம்பர் மாதமளவில் அவர்களது வரைவு மதிப்பீடுகளைச் சமர்ப்பிக்குமாறு அமைச்சுக்கள் கேட்டுக்கொள்ளப்பட்டன."
Special Activities,விசேட செயற்பாடுகள்
Budgetary Management of Non Commercial Public Enterprises,வர்த்தகமற்ற அரச தொழில் முயற்சிகளின் வரவுசெலவுத் திட்ட முகாமை
All matters relating to Public Finance and Budgetary Management of 122 Enterprises (Statutory boards) which are supported through the funds from the Consolidated Fund were carried out by the Department of National Budget during the year of 2014.,"தேசிய வரவுசெலவுத்திட்டத் திணைக்களமானது 2014 ஆம் ஆண்டின் போது 122 வர்த்தகமற்ற  அரச தொழில் முயற்சிகளின் நியதிச்சட்ட சபைகள், நிதி மற்றும் வரவு செலவுத்திட்ட முகாமை தொடர்பான அனைத்து விடயங்களையும் மேற்கொண்டு வருகின்றது."
The following functions with regard to these institutions were carried out by the Department of National Budget in 2014 to improve their financial and management efficiency.,இந்த நிறுவனங்களின் தொடர்பான பின்வரும் தொழிற்பாடுகளை அவற்றினது நிதி மற்றும் முகாமைத்துவ திறனை மேம்படுத்துவதற்காக 2014 இல் தேசிய வரவுசெலவுத் திட்டத்தினால் மேற்கொள்ளப்பட்டது.
"Review the performance and the progress of these Statutory Boards, by analyzing and examining the Annual Budget, Annual Action Plan, Annual Accounts and Annual Report etc.","வருடாந்த வரவு செலவுத்திட்டம், வருடாந்த செயற்பாட்டுத் திட்டம், வருடாந்த கணக்குகள் மற்றும் ஆண்டறிக்கை போன்றவற்றினை மதிப்பீடு செய்வதன் மூலம் நியதிச் சட்ட சபைகளின் செயலாற்றுகையினை மீளாய்வு செய்தல்."
Revising of the requests for release of monthly cash imprest on the recurrent and the capital grants along with Department of Treasury Operation.,மீண்டெழும் மற்றும் மூலதன மானிய தேவைப்பாடுகள் மீதான மாதாந்த காசுக்கட்டு நிதியினை விடுவிப்பதற்கான வேண்டுகோள்கள் திறைசேரி செயற்பாடுகளின் திணைக்களத்துடன் இணைந்து  பரிசீலனை செய்வதுடன்  பரிந்துரைகளையும்சமர்ப்பித்தல்.
"Assist, prepare and submit reports of the financial performance and management of Statutory Boards to the Committee on Public Enterprises (COPE), when the COPE meetings are convened by Parliament.",அரசாங்க தொழில் முயற்சிகள் குழு (COPE) கூட்டங்கள் பாராளுமன்றத்தால் கூட்டப்படும் பொழுது நியதிச் சட்டசபைகளின்  நிதிச் செயலாற்றுகை மற்றும் முகாமைத்ததுவம் தொடர்பில் அறிக்கையொன்றினை தயாரிப்பதற்கு உதவி செய்தல்.
Grant approval for the purchase of new vehicles required by these Enterprises.,தொழில் முயற்சிகளினால் தேவைப்படுத்தப்பட்டவாறு புதிய வாகனங்களின் கொள்வனவுக்கு அங்கீகாரம் வழங்குதல்
Purchasing and handing over new vehicles under the Financial Leasing Method and when necessary.,நிதிக்குத்தகை முறைமையின் கீழ் தேவைப்படும் சந்தர்ப்பத்தில் புதிய வாகனங்களைக் கொள்வனவு செய்து அவற்றினைக் கையளித்தல்.
Review the Audit Examine Reports of the Auditor General and the Special Audit Quarries submitted to this Department.,இத்திணைக்களத்திற்கு சமர்ப்பிக்கப்பட்ட கணக்காய்வாளர் நாயகத்தின் கணக்காய்வு பரிசீலனை அறிக்கைகளை மீளாய்வு செய்தல் மற்றும் விசேட கணக்காய்வு வினாக்களையும் பரிசீலனை செய்தல்.
Coordinate with the relevant Statutory Boards on resolving these quarries and ensure that the remedial actions are taken to avoid occurrence of such audit quarries in the future.,இந்த வினாக்களைத் தீர்ப்பதில் நியதிச்சட்ட சபைகளுடன் ஒருங்கிணைப்பினை ஏற்படுத்தலும்  எதிர்காலத்தில் அவ்வாறான கணக்காய்வு வினாக்கள் எழாதிருப்பதற்கான மாற்று நடவடிக்கைகளை மேற்கொள்ளலும்.
Submit recommendations to the Department of Management Services on the recruitment of new staff to Statutory Boards based on availability of Budgetary Provisions and actual needs of such institutions.,வரவு செலவுத்திட்ட ஏற்பாடுகளின் கிடைப்பனவு மற்றும் அத்தகைய நிதி நிறுவனங்களின் உண்மையான தேவை தொடர்பில் நியதிச் சட்ட சபைகளின் புதிய பதவியினரை ஆட்சேர்ப்பு செய்வது  தொடர்பில் வரவு செலவுத்திட்டத் திணைக்களத்தின் சிபாரிசுகளை முகாமைத்துவ சேவைகள் திணைக்களத்திற்குச் சமர்ப்பித்தல்.
"Grant approval of the Department of the National Budget to travel abroad for various purposes (trainings, meetings, seminars, conference etc.)","பல்வேறு நோக்கங்களுக்காக வெள்நாட்டு பயணங்களுக்கு தேசிய வரவு செலவுத்திட்டத் திணைக்களத்தின் அங்கீகாரத்தினை வழங்குதல் (பயிற்சி, கூட்டங்கள், செயலமர்வுகள், மாநாடுகள் போன்றன)"
Advice and co-ordinate with the Statutory Boards on the other financial and management issues such as implementation of Mega Capital Projects etc.,"பாரிய மூலதனக் செயற்றிட்டங்களை செயற்படுத்தல் போன்ற , ஏனைய நிதி மற்றும் முகாமைத்துவ விடயங்கள் தொடர்பாக நியதிச்சட்ட சபைகளுக்கு அறிவுரை  வழங்கலும் ஒருங்கிணைத்தலும்."
Observations on Cabinet Memoranda,அமைச்சரவை விஞ்ஞாபனம் தொடர்பான அவதானிப்புக்கள்
"During the year 2014, the department prepared observations to 399 Cabinet Memoranda for the Hon. Minister of Finance and Planning.",2014 ஆம் ஆண்டின் போது கௌரவ நிதி திட்டமிடல் அமைச்சரிற்காக 399 அமைச்சரவை விஞ்ஞாபனங்கள்  திணைக்களத்தினால் அவதானிப்புகளாக  தயாரிக்கப்பட்டது.
Coordinating “Deyata Kirula” Development Program 2014,“தேசத்திற்கு மகுடம்” அபிவிருத்தி நிகழ்ச்சித்திட்டத்தினை ஒருங்கிணைத்தல் - 2014
"The Department of National Budget has been involved in coordination of Deyata Kirula National Development programme such as, organizing pre-discussions, identification of areas to implement the program, identification of ongoing and new development projects in respective areas and expedite and prioritize, preparing & submitting Cabinet Memorandum, participating in National Operational Committees & Procurement Committees and overall fund management.","ஆரம்ப கலந்துரையாடல்களை ஏற்பாடு செய்தல், செயற்திட்ட செயற்படுத்துகை பிரதேசங்களை இனம் காணுதல் , உரிய பிரதேசங்களில் புதிய மற்றும் இடம்பெற்று வரும் அபிவிருத்திக் செயற்றிட்டங்களை இனம்காணுதல், அமைச்சரவை விஞ்ஞாபனங்களை தயாரித்தலும் சமர்ப்பித்தலும் , தேசிய தொழிற்பாட்டு குழு மற்றும் கொள்வனவுக் குழு என்பவற்றில் பங்குபற்றுதல் மற்றும்முழுமொத்த நிதி முகாமைத்துவம் போன்ற விடயங்களில் தேசத்திற்கு மகுடம் தேசிய அபிவிருத்தி நிகழ்ச்சித்திட்டத்தினை ஒருங்கிணைப்பதில் தேசிய வரவு செலவுத்திட்டத் திணைக்களம் பங்களிப்புச் செய்துள்ளது."
"In addition, the National Budget Department was responsible in releasing the funds timely for the projects and programmes approved by the Cabinet ensuring their smooth implementation.","இதற்கு மேலாக , தேசிய வரவுசெலவுத்திட்டத் திணைக்களமானது ,   அமைச்சரவையினால் அங்கீகரிக்கப்பட்ட  திட்டங்கள் மற்றும் நிகழ்ச்சிகளிற்கு , அவற்றினுடைய  சீரான அமுல்படுத்தலிற்கு ,  உரிய நேரத்தில் நிதியை வழங்குவதற்கு பொறுப்பாக இருந்தது."
Approval for the Purchase of Vehicles,வாகனங்கள் கொள்வனவுக்கான அங்கீகாரம்
National Budget Approval for Vehicle Procurements,வாகனங்கள் கொள்வனவுக்கான தேசிய வரவு செலவுத்திட்ட அங்கீகாரம்
"In terms of the Cabinet decision of 31st January 1990, the National Budget Department grants approval for purchase of vehicles by Government Institutions. All ministries, departments, provincial councils, local authorities and all statutory boards, corporations and government owned companies (GOCs) whether under self-financing or otherwise, had to obtain the prior approval of the Committee for any such purchase.","அரசாங்க நிறுவனங்களின் வாகனங்கள் கொள்வனவுக்கான அங்கீகாரத்தினை 1990 ஜனவரி 31 ஆம் திகதிய அமைச்சரவை தீர்மானத்திற்கு அமைவாக, தேசிய வரவு செலவுத்திட்டத் திணைக்களம் வழங்கியுள்ளதோடு அனைத்து அமைச்சுக்கள், திணைக்களங்கள், மாகாண சபைகள், உள்ளுராட்சி மன்றங்கள் மற்றும் அனைத்து நியதிச்சட்ட சபைகள், கூட்டுத்தாபனங்கள் மற்றும் அரசாங்க உடமைக் கம்பனிகள் என்பவற்றினால் சுயநிதியின் மூலம் அல்லது வேறு ஏற்பாடுகளின் மூலம் வாகனங்கள் கொள்வனவுக்காக     தேசிய வரவு செலவுத்திட்ட திணைக்களத்தினுடைய அத்தகைய முன்அங்கீகாரம் பெறவேண்டி இருந்தது ."
"Accordingly, The National Budget Department continued reviewing the requests for procurement of vehicles by various government agencies and given approvals.","இதற்கமைவாக, பல்வேறுபட்ட அரசாங்க முகவராண்மைகளினால் வாகனங்கள் கொள்வனவுக்கான வேண்டுகோள்களை தேசிய வரவு செலவுத்திட்டத் திணைக்களம் தொடர்ந்து மீளாய்வு செய்வதுடன் அங்கீகாரம் வழங்கியுள்ளது."
"During the year 2014, the Department has given approval for purchase of 1496 vehicles and N0. Of vehicles purchased by each category stated the table below.",2014 ஆம் ஆண்டின்போது இத்திணைக்களமானது 1496 வாகனக் கொள்வனவுக்கான அங்கீகாரத்தினை வழங்கியுள்ளது.
"Table 4.1: Vehicles approved by the Department of National Budget by Vehicle type, in 2014",அட்டவணை 4.1 :  2014  இல் தேசிய வரவு செலவுத் திட்ட திணைக்களத்தினால் அங்கீகாரம் வழங்கப்பட்ட வாகனங்கள்
Type of Vehicle,வாகனத்தின் வகை
No. of vehicles approved,அங்கீகரிக்கப்பட்ட  வாகனங்களின் எண்ணிக்கை
Motor Cars,மோட்டார் கார்கள்
Jeeps,ஜீப்
Vans,வான்கள்
Buses,பேரூந்துகள்
Cabs(Single / Double/Crew),(ஒற்றை / இரட்டை / குழு) கெப்
Three wheelers,முச்சக்கர வண்டி
Lorries / Trucks,லொறிகள் / ட்ரக்குகள்
Motor cycles,மோட்டார் சைக்கிள்கள்
Ambulances,அம்பியூலன்ஸ்கள்
"Others (Tractors/ Trailers/ Water Bowsers, etc.)","ஏனையவை (ட்ரக்டர்/ட்ரெயிலர்/தண்ணீர் பவுசர்கள்,போன்றன...)"
Source - Department of National Budget,மூலம் - தேசிய வரவுசெலவுத் திட்ட திணைக்களம்
Procurement of Vehicles to the Public Sector,அரசாங்கத்துறைக்கு வாகனங்கள் கொள்வனவு
"Continuing the purchasing of vehicles for the use of government agencies on financial leasing method with approval of the Cabinet of Ministers on 30/08/2010, the government has made an attempt to manage the public expenditure efficiently.",நிதிக் குத்தகை முறைமையில் அரசாங்க நிறுவனங்களின் பயன்பாட்டுக்காக வாகனங்களின் கொள்வனவு 2010.08.30 ஆம் திகதி அமைச்சரவையினால் அங்கீகரிக்கப்பட்டவாறு தொடர்ந்து மேற்கொள்ளப்பட்டதுடன் அரசாங்கம் பொதுச் செலவினத்தினை வினைத்திறன் மிக்கதாக முகாமை செய்வதற்கு முயற்சிகளை மேற்கொண்டது.
This method was applied as a part of cash flow management as the cost of vehicles could be distributed over 05 years.,வாகனத்தின் செலவினம் 05 வருடங்களுக்கு மேலாகப் பகிரப்படுகின்றது என்ற வகையில் காசுப் பாய்ச்சலை  முகாமையின் ஓர் பகுதியாக  இம்முறைமை பிரயோகிக்கப்பட்டது.
"However, at the end the vehicle becomes an asset of the concerned agency.","இருப்பினும், இறுதியில் வாகனம் குறித்த நிறுவனத்திற்கு உரிய ஆதனமாக  மாறுகின்றது."
"Accordingly, the Department of National Budget has continued purchasing vehicles for government agencies by calling competitive bidding from the state leasing companies of Banks.","இதற்கமைவாக, தேசிய வரவுசெலவுத்திட்ட திணைக்களமானது அரசாங்க நிறுவனங்களுக்கான வாகனங்களைக் கொள்வனவை , அரச வங்கிகளின் குத்தகைக் கம்பனிகளில் இருந்து கேள்வி மனுக்கள் கோரப்படுவதன் மூலம் செய்து வருகின்றது ."
"Upto now 3,916 vehicles have been purchased, including the vehicles used for CHOGM, on leasing installments to be paid over 05 years period in equal monthly installments.","இதுவரைக்கும் பொதுநலவாய மாநாட்டுக்காகப்  பயன்படுத்தப்பட்ட வாகனங்கள் உள்ளடங்கலாக 3,916 வாகனங்கள் , 5 வருடங்களுக்கு மாதாந்தம் சமமாக செலுத்தகச கூடிய தவணைக் கட்டுப்பணத்தில்  கொள்வனவு செய்யப்பட்டுள்ளது."
The purchased vehicles have been distributed among government agencies on the basis of a need assessment conducted by the Department of National Budget in consultation with relevant agencies.,கொள்வனவு செய்யப்பட்ட வாகனங்கள் தேசிய வரவுசெலவுத்திட்ட திணைக்களத்தினால் நடாத்தப்பட்ட தேவை அடிப்படையிலான மதிப்பீட்டிற்கிணங்க அரசாங்க நிறுவனங்களுக்கு பகிர்ந்தளிக்கப்பட்டன.
Participation of Staff on Boards and Committees,சபைகளிலும் குழுக்களிலும் பதவியணியினர் பங்குபற்றுதல்கள்
"Most of the staff officers of this Department have served as Directors (Treasury Representatives) on the Boards of Directors of Statutory Boards, Public Corporations and Government owned Companies (GOCs), while some Officers have served as Members	of Cabinet Appointed Tender Boards (CATBs),	and Technical Evaluation Committees (TECs) representing the secretary to the Treasury in these committees.","இத்திணைக்களத்தின் பெரும்பாலான பதவிநிலை அலுவலர்கள் நியதிச் சட்டசபைகள், அரசாங்க கூட்டுத்தாபனங்கள் மற்றும் அரசாங்க உடைமை கம்பனிகளின் பணிப்பாளர் சபையின் பணிப்பாளர்களாக (திறைசேரி பிரதிநிதிகளாக) பணியாற்றியுள்ளனர். அத்துடன் அமைச்சரவையினால் நியமிக்கப்பட்ட கேள்விப்பத்திரச் சபைகள் மற்றும் தொழில்நுட்ப மதிப்பீட்டுக் குழுக்களின் உறுப்பினர்களாக திறைசேரி செயலாளர் சார்பாக நியமனம் பெற்றனர்."
"In addition, Staff Officers of this Department attended meetings of the Committee on Public Accounts (COPA) and the Committee on Public Enterprises (COPE) in Parliament, representing the department.","அதற்கு மேலதிகமாக ,  இந்தத்திணைக்களத்தின் பதவிநிலை அலுவலர்கள் பாராளுமன்றத்தின் அரசாங்க கணக்குகள் குழு மற்றும் அரசாங்க தொழில் முயற்சிகள் குழு என்பவற்றில் திணைக்களத்தினை பிரதிநிதித்துவப்படுத்தும் வகையில் பங்குபற்றினர்."
The Organizational Structure and Role of the Department of National Budget,தேசிய வரவு செலவுத்திட்டத் திணைக்களத்தின் நிறுவன கட்டமைப்பு
The Organizational Structure and role of the National Budget Department have been constructed with a categorization under the following comprehensive sectors which represent the provisions of Liner Ministries expenditure estimates.,தேசிய வரவுசெலவுத் திட்டத் திணைக்களத்தின் நிறுவனக் கட்டமைப்பு மற்றும் அதன் வகிபாகம் நிரல் அமைச்சுக்களின் செலவின மதிப்பீடுகளின் ஏற்பாடுகளை பிரதிநிதித்துப் படுத்தும் பின்வரும் துறைகளின் கீழ் வகுப்பாக்கமொன்று செய்யப்பட்டுள்ளது.
Public Services,அரசாங்க சேவை
National Security and Law Enforcement,தேசிய பாதுகாப்பு மற்றும் சட்ட அமுல்படுத்துகை
Human Resources,மனித வளங்கள்
Infrastructure,உட்கட்டமைப்பு
Finance,நிதி
Social Security,சமூகப் பாதுகாப்பு
Environment,சுற்றாடல்
Real Economy,மெய்ப் பொருளாதாரம்
Staff,திணைக்களத்தின் பதவியணி
Numbers of Officers under the following service levels were in the Organizational structure of NBD in year 2014 as per the Public Administration Circular No. 06/2006.,பொது நிர்வாக உள்நாட்டலுவல்கள் அமைச்சின் 06/2006 ஆம் இலக்க சுற்று நிருபத்துக்கு அமைவாக 2014 இல் தேசிய வரவு செலவுத் திட்டத் திணைக்களத்தின் நிறுவனக் கட்டமைப்புக்குள் பின்வரும் சேவை மட்டங்களின் கீழ் அலுவலர்கள் கடமையாற்றியுள்ளனர்.
Service Level,சேவை மட்டம்
Senior Level,சிரேஷ்ட மட்டம்
Tertiary Level,மூன்றாம் நிலை மட்டம்
Secondary Level,இரண்டாம் நிலை மட்டம்
Primary Level,ஆரம்ப மட்டம்
No. of Officers,அலுவலர்களின் எண்ணிக்கை
"As at the end of the year 2014, the approved cadre and the actual cadre of the department were as follows.",2014 ஆம் ஆண்டின் இறுதியில் உள்ளவாறு திணைக்களத்தின் அங்கீகரிக்கப்பட்ட பதவியணியும் தற்பொழுது காணப்படும் பதவியணியும் பின்வருமாறு.
Table 5.1: Cadre of the Year - 2014,அட்டவணை 5.1 : 2013 ஆம் ஆண்டிற்கான பதவியணி
Approved No. of officers,அங்கீகரிக்கப்பட்ட   பதவியணி
Actual No. of Officers,உண்மையான    பதவியணி
Director General,பணிப்பாளர் நாயகம்
Additional Director General,மேலதிகப் பணிப்பாளர் நாயகம்
Assistant Director,உதவிப் பணிப்பாளர்
Accountant,கணக்காகாளர்
Administrative Officer,நிர்வாக அலுவலர்
Translator,மொழிபெயர்ப்பாளர்
Project Officer,செயற்றிட்ட அலுவலர்
Budget Assistant,வரவுசெலவுத் திட்ட உதவியாளர்
Research Assistant,ஆராய்ச்சி உதவியாளர்
Office Assistant,அலுவலக உதவியாளர்
"The department has directed its staff to the following local and foreign training programmes in 2014, in order to enhance their professional skills and working efficiency, in addition to attending various meetings in their official capacities.","இத் திணைக்களமானது அதன் பதவியணியினர் தமது அலுவலக ஆற்றல்களில் பல்வேறு கூட்டங்களில் கலந்துகொள்வதற்கு மேலதிகமாக, அவர்களின் உயர்தொழில் திறமைகள் மற்றும் செயற்றிறன் என்பவற்றினை அதிகரிக்கும் பொருட்டு 2014 ஆம் ஆண்டில் பின்வரும் உள்நாட்டு மற்றும் பயிற்சி நிகழ்ச்சித் திட்டங்களுக்காக அனுப்ப முடியுமாக இருந்தது."
Foreign Trainings/Seminars/ Meetings,வெளிநாட்டு பயிற்சி/கருத்தரங்குகள்/கூட்டங்கள்
Table 5.2: Foreign Trainings/Seminars/ Meetings- 2014,அட்டவணை 5.2 - வெளிநாட்டு பயிற்சி/கருத்தரங்குகள்/கூட்டங்கள் - 2014
Name of the Officer,அலுவலரின் பெயர்
Programme,நிகழ்ச்சி
Trained Country,பயிற்சி நாடு
Duration of the training,பயிற்சிக் காலம்
International Monetary Fund / World Bank Spring Meeting,சர்வதேச நாணய நிதி / உலக வங்கி வசந்தக் கூட்டம்
Washington,வஷிங்டன்
11.04.2014 - 13.04.2014,11.04.2014 - 13.04.2014
Sri Lanka Investment & Business Promotional Seminar,இலங்கை முதலீட்டு வியாபார ஊக்குவிப்பு கலந்துரையாடல்
Sweden,ஸ்வீடன்
27.11.2014,27.11.2014
Additional Director General,மேலதிக பணிப்பாளர் நாயகம்
United Nations Economic and Social Commission for the Pacific - Asia (70th Session)phase I (ESCAP),ஆசிய பசிபிக் நாடுகளுக்கான ஐக்கிய நாடுகளின் பொருளாதார மற்றும் சமூக ஆணையம் 70 ஆவது அமர்வு – கட்டம் I
Bangkok - Thailand,பெங்கொக்  - தாய்லாந்து
23.05.2014,23.05.2014
United Nations Economic and Social Commission for the Pacific - Asia (70th Session)Phase II(ESCAP),ஆசிய பசிபிக் நாடுகளுக்கான ஐக்கிய நாடுகளின் பொருளாதார மற்றும் சமூக ஆணையம் 70 ஆவது அமர்வு – கட்டம் II
Thailand,தாய்லாந்து
04.08.2014,04.08.2014
Bangkok,பெங்கொக்
08.08.2014,08.08.2014
Workshop & Parliamentary Briefing on Sustainable Immunization Financing,பயிற்சி பட்டறையும் பேண்தகு நிதி தடுப்பில் பாராளுமன்ற சுருக்கமும்
Cambodia,கம்போடியா
20.07.2014 - 23.07.2014,20.07.2014 - 23.07.2014
Non-communicable Disease in the South –East Region,தென் கிழக்கு பிராந்தியத்தில் தொற்றா நோய்கள்
India,இந்தியா
18.08.2014 - 21.08.2014,18.08.2014 - 21.08.2014
Local Trainings,உள்நாட்டுப் பயிற்சிகள்
The following staff members were given local training in different fields in the year 2014.,2014 ஆம் ஆண்டில் பின்வரும் பதவி உறுப்பினர்களுக்கு பல்வேறு துறைகளில் உள்நாட்டுப் பயிற்சிகள் வழங்கப்பட்டன.
Table 5.3: Local Trainings,அட்டவணை 5.3 :உள்நாட்டுப் பயிற்சிகள்
Programme,நிகழ்ச்சித் திட்டம்
Institute,நிறுவனம்
Duration,காலம்
Postgraduate Diploma in Economic Development,பொருளாதார அபிவிருத்தியில் பட்டப்பின் படிப்பு டிப்ளோமா
University of Colombo,கொழும்பு பல்கலைக்கழகம்
01.01.2014 - 31.12.2014,01.01.2014 - 31.12.2014
Asst. Director,உதவிப் பணிப்பாளர்
Development Officer,அபிவிருத்தி அலுவலர்
Postgraduate Degree - Economics,பொருளாதார பட்டப்பின் படிப்பு
University of Kelaniya,களனி பல்கலைக்கழகம்
2014/2015,2014 /2015
Budget Assistant,அபிவிருத்தி அலுவலர்
Postgraduate Degree - Economis,பொருளாதாரப் பட்டப்பின் படிப்பு
University of Kelaniya,களனிப் பல்கலைக்கழகம்
Financial Administration of the Department of National Budget,தேசிய வரவு செலவுத் திட்டத் திணைக்களத்தின் நிதி நிர்வாகம்
Budgetary provision required for the normal operations of the Department of National Budget was shown under Head 240 in the Budget Estimates for 2014 and allocations were provided under 2 programmes.,2014 ஆம் ஆண்டிற்கான வரவு செலவுத்திட்ட மதிப்பீட்டில் தேசிய வரவு செலவுத் திட்டத் திணைக்களத்தின் சாதாரண செயற்பாடுகளுக்கான வரவு செலவுத் திட்ட ஏற்பாடுகள் செலவினத் தலைப்பு 240 இன் கீழ் காட்டப்பட்டுள்ளதுடன்  வரவு செலவுத்திட்ட ஒதுக்கீடுகள் கீழே குறிப்பிடப்பட்டவாறு நிகழ்ச்சித் திட்டம் 2 இன் கீழ் ஏற்பாடு செய்யப்பட்டுள்ளது.
a.	Programme	01,அ.    நிகழ்ச்சித்திட்டம்
Operational Activities,01  - தொழிற்பாட்டுச் செயற்பாடுகள்
Project of the Programme,நிகழ்ச்சித்திட்டத்தின் செயற்றிட்டம்
01 Budget Formulation and Policy,01 - வரவு செலவுத் திட்ட உருவாக்கலும் கொள்கையும்
b.	Programme,ஆ. நிகழ்ச்சித்திட்டம்
02  Development Activities,02    அபிவிருத்தி செயற்பாடுகள்.
"The provision related to departmental administrative expenditure on budget formulations and policies was provided by the Project No. 01 while Project 02, provided allocation for facilitating unexpected and unforeseen expenditure required by various spending agencies.","வரவு செலவுத்திட்ட உருவாக்கம் மற்றும் கொள்கைகள் மீதான திணைக்களத்தின் நிர்வாகச் செலவினங்களுடன் தொடர்பான ஏற்பாடுகள் செயற்றிட்டம் 01 இனால் ஏற்பாடு செய்யப்பட்டிருக்கின்ற அதேவேளை, செயற்றிட்டம் 02 ஆனது, பல்வேறு செலவின முகவராண்மைகளினால் தேவைப்படுத்தப்படும்."
The budget also provided for the implementation of the budget proposals announced in the Annual Budget 2014 and the Government's policy priorities.,எதிர்பாராத செலவினங்களுக்கும் 2014 வரவு செலவுத்திட்ட உரையில் அறிவிக்கப்பட்ட வரவு செலவுத்திட்ட முன் மொழிவுகளின் செயற்படுத்துகை மற்றும்  குறித்த நிதியாண்டிற்காக முன்னுரிமைக் கொள்கைகளாக அறிவிக்கப்பட்டவை என்பன தொடர்பான செலவினங்களுக்கும் வசதியளிப்பதற்கான ஒதுக்கீடுகளை ஏற்பாடு செய்கின்றது.
The above total provision was utilized as follows.,இந்த மொத்த ஒதுக்கீடானது பின்வரும் வகையில் பயன்படுத்தப்பட்டது:
(1)	Programme 01,(1) செயற்றிட்டம்
Expenditure of Project,செயற்றிட்டத்தினுடைய செலவினம்
(2)	Programme 02,(2) செயற்றிட்டம்
Provisions transferred to other	Heads under Project,ஏனையவற்றிற்கு ஏற்பாடு மாற்றப்பட்டது
Balance Provision,மீதி ஏற்பாடு
Public Officers' Advance Account Activities,அரசாங்க அலுவலர்களின் முற்பணக் கணக்கு
Table 5.4 - Public Officers' Advance Account for 2014,அட்டவணை 5.4 - 2014 ஆம் ஆண்டுக்கான அரசாங்க அலுவலர்களின் முற்பணக் கணக்கு
Category,வகை
Maximum Limit of Expenditure,செலவின உச்ச எல்லை
Minimum Limit of Receipts,கிடைப்பனவு உச்ச எல்லை
Maximum Limit of Debit Balances,வரவு நிலுவை உச்ச எல்லைகள்
Source - Department of National Budget,மூலம் - தேசிய வரவு செலவுத் திட்டத் திணைக்களம்
"In terms of the Budget Circular No. 114 of 31.12.2003, figures of the above Table comprised only the transactions occurred under the Advance Account item No. 240-under 011, within the department.","2003.12.31 ஆம் திகதி 114 இலக்க, வரவு செலவுத்திட்ட சுற்றறிக்கையின் பிரகாரம், திணைக்கள  செலவினத் தலைப்பிற்கு உட்பட முற்பணக் கணக்கு குறியீடு 240 - 011 இன் கீழ் இடம்பெற்ற கொடுக்கல் வாங்கல்களை மாத்திரமே மேற்படி அட்டவணையிலுள்ள தரவுகள் உள்ளடங்கியுள்ளன."
"According to Circular No. 118, loan balances of officers who had been transferred out or in, were settled with Accounting Heads, under the Advance Account item No. 240-012.","118 ஆம் இலக்க, சுற்றறிக்கைக்கு ஏற்ப, 2013 ஆம் ஆண்டின் பொது அரச அலுவலர்களின்  உள்ளே மற்றும்  வெளியேயான இடமாற்றத்தின் போது முற்பணக் கணக்கு நிலுவைகளை முற்பணக் கணக்கு குறியீடு 240 – 012 இன் கீழ் செலுத்தி முடிக்கப்பட்டது."
"The Department had complied within the authorized limits of Public Officers’ Advance Account, accordingly.","இதன் பிரகாரம், அரச அலுவலர்களின் அனுமதிக்கப்பட்ட முற்பணக் கணக்கு எல்லைகளுடன் திணைக்களம் உடன்பட்டுள்ளது."
Table 5.5 - Loans Given in Year 2014,அட்டவணை 5.5 - 2014 இல் வழங்கப்பட்ட கடன்கள்
Loan/Advance,கடன்கள்/முற்பணம்
Festival Advance,விழா முற்பணம்
Special Advance,விசேட முற்பணம்
Distress and Bicycle Loans,இடர் மற்றும் சைக்கிள் கடன்கள்
Source - Department of National Budget,மூலம் : தேசிய வரவு செலவுத் திட்டத் திணைக்களம்
Auditor General’s Queries for 2014,2014 ஆம் ஆண்டுக்கான கணக்காய்வாளர் நாயகத்தின் கணக்காய்வு வினாக்கள்
"During the year 2014, 07 queries were referred to this Department by the Auditor General and all the quarries were duly answered.",2014 ஆம் ஆண்டின்போது கணக்காய்வாளர் நாயகத்தின் 07 விசாரணைகள் கவனத்திற்குக் கொண்டுவரப்பட்டு அனைத்து விசாரணைகளுக்கும் விடையளிக்கப்பட்டன.
Annual Performance Report,வருடாந்த செயலாற்றுகை அறிக்கை
"Ministry of National Co-existence, Dialogue and Official Languages","தேசிய சகவாழ்வு,  கலந்துரையாடல் மற்றும் அரசகரும மொழிகள் அமைச்சு"
Page number,பக்க இலக்கம்
1.Introduction,1. அறிமுகம்
"2.The Institutional Structure of institutions under the Ministry of National Co-existence, Dialogue and Official Languages","2. தேசிய சகவாழ்வு,  கலந்துரையாடல் மற்றும்  அரசகரும மொழிகள் அமைச்சின்  கீழுள்ள நிறுவனங்களின் கட்டமைப்பு"
"3.The progress of institutions under the Ministry of National Co-Existence, Dialogues and National languages","3. தேசிய சகவாழ்வு, கலந்துரையாடல் மற்றும் அரசகரும மொழிகள் அமைச்சின் கீழுள்ள பிரிவுகள் மற்றும் அவற்றின் செயலாற்றுகைகள்"
3.1.Languages Division,3.1. மொழிகள் பிரிவு
3.2.Social Integration and Ethnic Affairs Division,3.2. சமூக ஒருமைப்பாடு மற்றும் இன அலுவல்கள் பிரிவு
3.3.Administration Division,3.3. நிர்வாகப் பிரிவு
3.4.Planning Division,3.4. திட்டமிடல் பிரிவு
3.5.Finance Division,3.5. கணக்குப் பிரிவு
3.6.Internal Audit Division,3.6. உள்ளகக் கணக்காய்வுப் பிரிவு
4.Department of Official Languages and its Progress,4. அரசகரும மொழிகள் திணைக்களம் மற்றும் அவற்றின் முன்னேற்றம்
5.Official Languages Commission and its progress,5. அரசகரும மொழிகள் ஆணைக்குழு மற்றும் அதன் முன்னேற்றம்
6.National Institute of Language Education and Training and its Progress,6. தேசிய மொழிக் கல்வி மற்றும் பயிற்சி நிறுவகம் மற்றும் அதன் முன்னேற்றம்
7.National Secretariat for Non-Governmental Organizations,7. அரச சார்பற்ற நிறுவனங்களுக்கான தேசிய செயலகம்
8.Foreign Funded Projects under the Ministry,8. அமைச்சின் கீழுள்ள வெளிநாட்டு நிதியுதவிச் செயற்றிட்டங்கள்
8.1.Facilitating Social transformation and integration Projects,8.1. சமூக மாற்றம் மற்றும் ஒருங்கிணைப்பு செயற்றிட்டங்கள் சம்பந்தமான அனுசரணை வழங்கல்
"8.2.Project for enforcement of law, accessing justice and strengthening of social integration.","8.2. சட்ட  அமுலாக்கம், நீதிக்கான அணுகுமுறை  மற்றும் சமூக ஒருங்கிணைப்பை வலுவூட்டும் செயற்றிட்டம்"
9.Allocation of funds,9. நிதி ஒதுக்கீடு
10.Advance accounts,10. முற்பணக் கணக்கு
11.Review,11. மீளாய்வு
01.Introduction,01. அறிமுகம்
"The Ministry of National Co-existence, Dialogue and Official Languages was established under the extraordinary gazette notification of no:1933/13 and dated 21.09.2015.",தேசிய சகவாழ்வு கலந்துரையாடல் மற்றும் அரசகரும மொழிகள் அமைச்சானது 19933/13 ஆம் இலக்க மற்றும்  2015.09.21 ஆம் திகதியுடைய அதிவிஷேட வர்த்தமானி அறிவித்தல் ஊடாக தாபிக்கப்பட்டது.
"Prior to that, the National languages and Social Integration Unit functioned under the Ministry of Public Administration, Provincial Councils and local government and Democratic Governance under the notification of the extraordinary gazette no:1897/15 and dated 18.01.2015 and prior to 08.01.2015 the Ministry had been established as the Ministry of National Languages and Social Integration.","இதற்கு முன்னர், தேசிய மொழிகள் மற்றும் சமூக  ஒருமைப்பாட்டுப் பிரிவானது 1897/15 ஆம் இலக்க 2015.01.18 ஆம் திகதியுடைய  அதிவிஷேட வர்த்தமானி அறிவித்தல் ஊடாக பொது நிர்வாக, மாகாணசபை, உள்ளுராட்சி  மற்றும்  சனநாயக ஆட்சி பற்றிய அமைச்சின் கீழ் இயங்கியதுடன், 2015 ஜனவரி 08 ஆம் திகதிக்கு முன்னர்  தேசிய மொழிகள் மற்றும் சமூக ஒருமைப்பாட்டு அமைச்சாகத் தாபிக்கப்பட்டிருந்தது."
"The Ministry is situated at No:40,Buthgamuwa Road, Rajagiriya.","இவ்வமைச்சானது இல 40, புத்கமுவ வீதி, இராஜகிரிய எனும்  முகவரியில் தாபிக்கப்பட்டுள்ளது."
Vision,தொலைநோக்கு
"A Sri Lankan nation strengthened by diversity, with reestablished coexistence and nourished cultural identities of all communities","பல்வகைத் தன்மையினால் பலமடைந்து, சகவாழ்வு  மீண்டும்  தாபிக்கப்பட்டு, சகல சனசமூகங்களின் கலாசாரம் மற்றும்  தனித்துவங்களால் போசிக்கப்பட்டதுமான ஒரு இலங்கை தேசம்"
Mission,பணிநோக்கு
"Formulating policies, creating dialogues, guiding and facilitating in order to build a developed society with rights of all communities ensured, mutual respect and coexistence and implementing a relevant programme to achieve them.","அனைத்துச் சமூகக் குழுக்களினதும் உரிமைகள் உறுதிசெய்யப்பட்டதும், ஒருவரையொருவர் பரஸ்பரம் மதிக்கின்றதும், ஒத்துழைப்பு  மற்றும் சகவாழ்வுடன் அபிவிருத்தி அடைந்ததுமான சமூகத்தைக் கட்டியெழுப்புவதற்கான கொள்கைகளை உருவாக்குதல், கலந்துரையாடல்களை  ஏற்படுத்தல், வழிகாட்டல், வசதியளித்தல் மற்றும் அவற்றிக்குப் பொருத்தமான நிகழ்ச்சித்திட்டங்களை அமுற்படுத்தல்."
"Activities and functions of the Ministry of National Co-existence, Dialogue and Official Languages","தேசிய சகவாழ்வு, கலந்துரையாடல் மற்றும் அரசகரும மொழிகள் அமைச்சின் செயற்பாடுகள் மற்றும் பணிகள்"
"Formulating Policies, Programmes, Projects regarding the subjects of departments and statutory bodies under the subject of national co-existence and the ministry and monitoring and evaluating them.","தேசிய கலந்துரையாடல்கள் பற்றிய விடயம் மற்றும் அமைச்சின் கீழுள்ள திணைக்களங்கள் மற்றும் சட்டரீதியான நிறுவனங்கள் ஆகியவற்றின் விடயங்கள் தொடர்பான கொள்கைகள், நிகழ்ச்சித்திட்டங்கள் மற்றும் செயற்றிட்டங்களைத் தயாரித்தல், மீளாய்வு செய்தல் மற்றும் மதிப்பிடல்."
Implementation of Official languages policy and related matters.,தேசிய மொழிக் கொள்கையை அமுற்படுத்தல் மற்றும் அதனுடன் தொடர்புடைய செயற்பாடுகள்.
Introducing and implementing necessary programmes of dialogues essential for re-establishment of solidarity and co-existence among ethnic groups.,இனங்களுக்கிடையில் ஒற்றுமை மற்றும் சகவாழ்வினை ஏற்படுத்துவதற்கு தேவையான கலந்துரையாடல் நிகழ்ச்சித்திட்டங்களை அறிமுகப்படுத்தி அவற்றை அமுற்படுத்துதல்.
Providing necessary facilities for the use of national languages and link language in order to create an environment among ethnic groups for understanding social and religious backgrounds.,பிரதான தேசிய மொழிகள் மற்றும் இணைப்பு மொழி ஆகியவற்றைப் பயன்படுத்தி இனங்களுக்கிடையே சமூக மற்றும் சமயப் பின்னணியை புரிந்துக்கொள்ளக்கூடிய சூழலை ஏற்படுத்திக் கொடுத்தல்.
"2.The Structure of the Institutions under the Ministry of National Co-existence, Dialogue and Official Languages.","02. தேசிய சகவாழ்வு, கலந்துரையாடல்  மற்றும்  அரசகரும மொழிகள் அமைச்சின் கீழுள்ள நிறுவனங்களின் கட்டமைப்பு."
"Ministry of National co-existance, Dialogue and Official Languages and its divisions","தேசிய சகவாழ்வு, கலந்துரையாடல் மற்றும் அரசகரும மொழிகள் அமைச்சு மற்றும் அதன் பிரிவுகள்"
Sabaragamuwa Provincial Centre,சபரகமுவ மாகாண மத்திய நிலையம்
"Kuruwita,Rathnapura","குருவிட்ட, இரத்தினபுரி"
"Ministry of National co-existence, Dialogue and Official Languages","தேசிய சகவாழ்வு, கலந்துரையாடல் மற்றும் அரசகரும மொழிகள் அமைச்சு"
Web - www.lanintegmin.gov.lk,இணையத்தளம் -  www.lanintegmin.gov.lk
Northern Provincial Centre,வட மாகாண மத்திய நிலையம்
"Thirunagar, Kilinochchi","திருநகர், கிளிநொச்சி."
Language Division,மொழிகள் பிரிவு
T.P.,தொ.பே.
Fax,தொலைநகல்
Social integration and ethnic affairs,சமூக ஒருமைப்பாடு மற்றும் இனவிவகார அலுவல்கள் பிரிவு
language Division,மொழிப்பிரிவு
Administration Division,நிர்வாகப் பிரிவு
Planning Division,திட்டமிடல் பிரிவு
Finance Division,கணக்குப் பிரிவு
Internal Audit Division,உள்ளகக் கணக்காய்வுப் பிரிவு
"Ministry of National Co-existence,Dialogue and Official Languages and its divisions","தேசிய சகவாழ்வு, கலந்துரையாடல் மற்றும் அரசகரும மொழிகள் அமைச்சு மற்றும் அதன் பிரிவுகள்"
"Institutions under the Ministry of National Co-existence, Dialogue and Official Languages","தேசிய சகவாழ்வு, கலந்துரையாடல் மற்றும் அரசகரும மொழிகள் அமைச்சின் கீழுள்ள நிறுவனங்கள்"
Department of Official Languages,அரசகரும மொழிகள் திணைக்களம்
Official Languages Commission,அரசகரும மொழிகள் ஆணைக்குழு
National Institute of Language Education and Training,தேசிய மொழிக்கல்வி மற்றும் பயிற்சி நிறுவகம்
National Secretariat for Non-Governmental Organizations,அரச சார்பற்ற நிறுவனங்கள் பற்றிய தேசிய செயலகம்
"Foreign Funded Projects Under the Ministry of National Co-existence, Dialogue and Official Languages","தேசிய சகவாழ்வு, கலந்துரையாடல்  மற்றும்  அரசகரும மொழிகள் அமைச்சின் கீமுள்ள வெளிநாட்டு நிதியுதவித் திட்டம்"
Facilitating projects for Social Transformation and Cohesion,சமூக நிலைமாற்றம் மற்றும் ஒத்திசைவுக்கான அனுசரணைச் செயற்றிட்டங்கள்
"The strengthening of law, access to justice and Social Integration","சட்ட அமுலாக்கம், நீதிக்கான அணுகுமுறை  மற்றும் சமூக ஒருங்கிணைவு  ஆகியவற்றை  வலுப்படுத்தல்"
"03.Divisions of Ministry of National Co-existence, Dialogue and Official Languages and their performance","03. தேசிய சகவாழ்வு, கலந்துரையாடல் மற்றும் அரசகரும மொழிகள் அமைச்சின் பிரிவுகளும் அவற்றின் செயலாற்றுகையும்"
"Implementing relevant programmes in Sri Lanka with regard to implementing the official languages policy, monitoring the implementation of the Official Languages Policy and taking policy decisions are performed by Language Division.","இலங்கையில் அரசகரும மொழிக் கொள்கையை அமுற்படுத்துவது தொடர்பான நிகழ்ச்சித்திட்டங்களை நிறைவேற்றல், அரசகரும மொழிக் கொள்கையை நடைமுறைப்படுத்தும் செயற்பாடுகளை மேற்பார்வை செய்தல் மற்றும் அவசியமான கொள்கை ரீதியான தீர்மானங்களை எடுத்தல் ஆகியவை மொழிகள் பிரிவினூடாக முன்னெடுக்கப் படுகின்றன."
The following are given high priority among the matters considered first in planning the programmes of the language unit;,மொழிகள் பிரிவினுடைய திட்டமிடல் நிகழ்ச்சித்திட்டத்தின் ஆரம்பத்தில் பரிசீலனையில் எடுக்கப்படும் விடயங்கள் மத்தியில் பின்வருவனவற்றுக்கு முன்னுரிமை அளிக்கப்படுகின்றது;
"Of the recommendations of the Lessons Learned and Reconciliation Commission,  implementing the appropriate recommendations to implement the language policy",கற்றுக்கொண்ட பாடங்கள் மற்றும் நல்லிணக்கத்திற்கான ஆணைக்குழுவின் பரிந்துரைகளில் அரசகரும மொழிக் கொள்கையை செயற்படுத்துவதற்கு பொருத்தமான பரிந்துரைகளை நடைமுறைப்படுத்தல்
Implementing the recommendations given in relation to the implementation of the official language policy in accordance with the national policy on the protection of human rights,மனித உரிமைகளைப் பாதுகாக்கும் தேசியக் கொள்கைக்கு அமைவாக அரசகரும மொழிக் கொள்கையை செயற்படுத்தல் தொடர்பில் வழங்கப்பட்டுள்ள பரிந்துரைகளை நடைமுறைப்படுத்தல்
Implementation of the recommendations of the Officers' Committee report in relation to the acquisition of language proficiency by public officers,அரச உத்தியோகத்தர்கள் மொழித் தேர்ச்சியை பெற்றுக்கொள்வது தொடர்பில் முன்வைக்கப்பட்டுள்ள உத்தியோகத்தர் குழுவினுடைய அறிக்கையின் பரிந்துரைகளை நடைமுறைப்படுத்தல்
Planning and compiling of policy to implement the official language policy,அரசகரும மொழிகள் கொள்கையை அமுற்படுத்துவது தொடர்பிலான கொள்கைத் திட்டங்களை திட்டமிடல் மற்றும்  உருவாக்கல்
Building the necessary background for making public service bilingual,அரச சேவையை இரு மொழியாக்கம் செய்வது தொடர்பிலான அவசியப் பின்னணியை உருவாக்குதல்
Empowering the general public in relation to the implementation of official language policy,அரசகரும மொழிகள் கொள்கையை அமுற்படுத்துவது தொடர்பில் பொது மக்களை வலுவூட்டல்
Effecting a positive mentality among the general public of Sri Lanka in relation to propagation and promotion of language,மொழிப் பிரச்சாரம் மற்றும் மேம்பாடு தொடர்பில் இலங்கை மக்களிடத்தில் நேர்மறையான மனோநிலையை ஏற்படுத்தல்
"During the course of 2015, the Language Division conducted programmes under 04 main targets; namely,","2015 ஆம் ஆண்டில், மொழிகள் பிரிவானது நான்கு இலக்குகளின் கீழ் நிகழ்ச்சித்திட்டங்களை நடாத்தியுள்ளது; அவையாவன,"
1. National Languages Development Programme,1. தேசிய மொழிகள் அபிவிருத்தி நிகழ்ச்சித்  திட்டம்
2. People’s Action for Bilingualism,2 . இரு மொழி மக்களியக்க நிகழ்ச்சித் திட்டம்
3. Trilingual Sri Lanka Programme,3. மும்மொழி இலங்கை நிகழ்ச்சித்திட்டம்
4. Programmes conducted in collaboration with the National Language Project (from 01.01.2015 to 31.05.2015 only),4. தேசிய மொழிகள் செயற்றிட்டத்துடன் இணைந்து மேற்கொள்ளும் நிகழ்ச்சித் திட்டங்கள் (01.01.2015-31.05.2015  வரையில் மட்டும்.)
3.1.1.National Languages Development Programme,3.1.1. தேசிய மொழிகள் அபிவிருத்தி செயற்றிட்டம்
1.Facilitation of Language Plan Programme,01. மொழித் திட்டமிடல் அனுசரணை நிகழ்ச்சித்திட்டம்
It is notified that all Public Institutions shall prepare a strategic plan to implement the policy on official languages as per the public circular no 18/2009.,அரச நிர்வாகச் சுற்றறிக்கை இல 18/200  ற்கு  இணங்க சகல அரச நிறுவனங்களிலும் அரசகரும மொழிக் கொள்கையை அமுற்படுத்தும் வகையில் மூலோபாய திட்டமொன்று தயாரிக்கப்படல் வேண்டுமெனக் குறிப்பிடப்பட்டுள்ளது.
"In order to facilitate Institutions in this connection, this Ministry has compiled and published a guide book to help Public Institutions prepare Language Plans.",மேற்படித் திட்டத்திற்கு அவசியமான உதவிகளை வழங்கும் வகையில் அரச நிறுவனங்களில் மொழித் திட்டத்தை தயாரிப்பதற்கான வழிகாட்டல் கைநூலொன்று இந்த அமைச்சினால்  தயாரிக்கப்பட்டு வெளியிடப்பட்டுள்ளது.
"While the Ministry, which has taken the subject of  implementing the Official Language policy effectively under its scope, has initiated ""The Language Plan Facilitation Programme"" with the objective of facilitating and preparing language plans in state institutions, the following activities have been implemented under the programme thus far.","இந்த அமைச்சானது அரசகரும மொழிக் கொள்கையை வினைத்திறனுடன் அமுலாக்குவதைத் தனது விடயப்பரப்பில் கொண்டுள்ளதுடன், அரச நிறுவனங்களில் மொழித் திட்டங்களை தயாரித்தல் மற்றும்  அனுசரணையளித்தல் ஆகிய நோக்கங்களுடன் அரச நிறுவனங்களில் ""மொழித் திட்ட  அனுசரணை"" நிகழ்ச்சித் திட்டங்களை ஆரம்பித்துள்ளதுடன், அவற்றின் கீழ் இதுவரையில் பின்வரும் செயற்பாடுகள் இடம்பெற்றுள்ளன."
Identification and training of relevant officers technical committees on preparation of language plans,மொழித் திட்டத்தை தயாரிப்பது தொடர்பிலான தொழில்நுட்பக்குழு உத்தியோகத்தர்களை இனங்காணல் மற்றும் அவர்களுக்குப் பயிற்சியளித்தல்
A group of 54 officers belonging to institutions affiliated to the ministry and field officers was identified and given technical training on preparation of language plans under two programmes on Training of Trainers.,"அமைச்சுடன் இணைக்கப்பட்டுள்ள நிறுவனங்கள் மற்றும் கள உத்தியோகத்தர்களை உள்ளடக்கிய 54  உத்தியோகத்தர்கள்  இனங்காணப் பட்டுள்ளதுடன், சம்பந்தப்பட்ட  உத்தியோகத்தர்களுக்கு மொழித் திட்டம் தயாரிப்பது தொடர்பிலான தொழில்நுட்பப் பயிற்சியானது பயிற்சியாளர்களுக்கு பயிற்சியளித்தல் என்ற இரண்டு நிகழ்ச்சித் திட்டங்கள் ஊடாக வழங்கப்பட்டுள்ளன."
The first programme of it was conducted for 25 officers from 22.04.2015 to 24.04.2015.,"அதன் முதல் நிகழ்ச்சித் திட்டமானது, 25 உத்தியோகத்தர்களுக்கு  2015.04.22 ஆம் திகதியில் இருந்து  2015.04.24 ஆம் திகதி வரை இடம்பெற்றது."
The second  was conducted for 29 field officers from  09.09.2015 to 11.09.2015.,"இரண்டாம் நிகழ்ச்சித் திட்டமானது , 29  கள உத்தியோகத்தர்களுக்கு  2015.09.09  ஆம் திகதியில் இருந்து  2015.09.11ஆம் திகதி  வரையில் இடம்பெற்றது."
The task of preparing language plans relevant to his/her field of service within a specified period of time was given to the trained officers in terms of an assignment.,பயிற்சி பெற்ற உத்தியோகத்தர்களுக்கு குறிப்பிட்ட கால எல்லையினுள் தாம் பணியாற்றும் துறைக்கு பொருத்தமான மொழித் திட்டங்களை தயாரிக்கும்  பணியானது ஒப்படையொன்றின் அடிப்படையில் வழங்கப்பட்டுள்ளது.
"Accordingly, the Ministry and its affiliated institutions and all District Secretariats have commenced preparing Language Plans and training the officers concerned.","அந்த வகையில், அமைச்சு மற்றும் அமைச்சுக்கு இணைக்கப்பட்டுள்ள நிறுவனங்கள், மாவட்டச் செயலகங்கள் ஆகியன மொழித் திட்டங்களை தயாரித்தல் மற்றும் அச்செயற்பாட்டுடன் தொடர்புடைய உத்தியோத்தர்களுக்குப் பயிற்சியளித்தல் ஆகிய பணிகளை ஆரம்பித்துள்ளன."
"It is of special significance that the officers, who have been selected by Ministries, Provincial Secretariats and District Secretariats, contributing their technical expertise in the preparation of language plans.","அமைச்சு, மாவட்டச் செயலங்கள் மற்றும் பிரதேச செயலகங்கள் ஆகியவற்றால் தேர்ந்தெடுக்கப்பட்டுள்ள தொழில்நுட்பப் பயிற்சி அறிவுள்ள உத்தியோகத்தர்கள் மொழித்திட்டத்  தயாரிப்புப் பணியை இலகுவாக்கல் தொடர்பிலான அவர்களின் தொழில்நுட்பப் பங்களிப்பை வழங்குகின்றமையானது விசேட அம்சமாகும்."
Commencing Programmes on facilitation of Language Plans in Ministries.,அமைச்சுக்களில் மொழித் திட்டங்களுக்கான அனுசரணையளித்தல் நடவடிக்கைகளை ஆரம்பித்தல்.
"Under this Programme, providing facilitation to 5 Ministries in relation to Language Plans(Ministry of Justice, Ministry of Parliamentary Reforms and Mass Media, Ministry of Home Affairs, Ministry of Public Administration and Management, Ministry of Law and Order and Prison reforms)has been commenced.","இச்செயற்பாடடின் கீழ் ஐந்து அமைச்சுக்களில் (நீதி அமைச்சு, பாராளுமன்ற மறுசீரமைப்பு மற்றும் வெகுசன ஊடக அமைச்சு, உள்நாட்டலுவல்கள் அமைச்சு, பொது நிர்வாக மற்றும் முகாமைத்துவ அமைச்சு மற்றும் சட்டம் மற்றும்  சிறைச்சாலைகள் மறுசீரமைப்பு அமைச்சு) மொழித் திட்டங்களை தயாரிப்பது  தொடர்பிலான அனுசரணையளித்தல் ஆரம்பிக்கப்பட்டுள்ளது."
"Accordingly, an awareness programme on preparation of language plans was conducted for officers of the institutions under the Ministry of Parliamentary Reforms and Mass Media on 16.10.2015.","அதன் அடிப்படையில், பாராளுமன்ற மறுசீரமைப்பு மற்றும்  ஊடகத் துறை அமைச்சுக்குட்பட்ட  உத்தியோகத்தர்களுக்கு மொழித்திட்டம் தயாரிப்பது தொடர்பிலான விழிப்பூட்டும் நிகழ்ச்சித்திட்டமொன்று 2015.10.16  ஆம் திகதி  இடம்பெற்றது."
Commencement of the process of facilitation of Language Plans in District and Divisional Secretariats.,மாவட்ட மற்றும் பிரதேச செயலகங்களில் மொழித் திட்டங்களுக்கு  அனுசரணையளித்தற் செயற்பாடுகளை ஆரம்பித்தல்.
"Followed by an awareness programme, preparation of Language Plans has been commenced in Badulla, Galle, Kandy, Kurunegala, Nuwata-Eliya and Rathnapura districts and at the Divisional Secretariat of Kothmale.","பதுளை, காலி,கண்டி, குருநாகல், நுவரெலியா மற்றும் இரத்தினபுரி ஆகிய மாட்டச் செயலகங்கள் மற்றும் கொத்மலை பிரதேச செயலகம் ஆகியவற்றில் விழிப்பூட்டல் நிகழ்ச்சித்திட்டங்களைத் தொடர்ந்து மொழித்திட்டத் தயாரிப்புப் பணிகள் ஆரம்பிக்கப்பட்டுள்ளன."
Providing officers of National Integration Promotion Coordinators/Assistants with the training on preparation of Language plans.,தேசிய ஒருமைப்பாடு மேம்பாட்டு ஒருங்கிணைப்பாளர் /உதவியாளர் உத்தியோகத்தர்களுக்கு மொழித் திட்டத்தைத் தயாரித்தல் தொடர்பிலான பயிற்சிகளை வழங்குதல்.
"Under this programme, officers coming under the purview of Anuradhapura, Kandy, Kurunegala, Nuwara-Eliya and Rathnapura districts have been provided with the training concerned.","இந்த செயற்றிட்டத்தின் கீழ் அனுராதபுரம், கண்டி, குருநாகல், நுவரெலியா மற்றும் இரத்தினபுரி ஆகிய பிரதேச செயலகங்களின் ஆளுகைக்கு  உட்பட்ட  உத்தியோகத்தர்களுக்கு குறித்த பயிற்சியானது வழங்கப்பட்டுள்ளது."
The officers concerned are engaged in preparing language plans for the offices they are attached to,அவர்கள் தாங்கள் அமர்த்தப்பட்டுள்ள அலுவலகங்களில் மொழித்திட்டத் தயாரிப்புப் பணியை மேற்கொண்டு வருகின்றனர்.
Production of tools and accessories relevant to the implementation of the Official Language Policy.,அரசகரும மொழிக் கொள்கையை அமுற்படுத்தல் தொடர்பிலான சாதனங்கள் மற்றும் கருவிகளை தயாரித்தல்.
Reprinting  of the Language Guidelines Books,மொழி வழிகாட்டி  கைநூல்களை மீண்டும்  அச்சிடல்
Steps were taken to prepare 2000 copies of the Guidelines book and 2000 CDs of the same for devising language plans in Government Institutions.,அரச நிறுவனங்களில் மொழித்திட்டம் வகுப்பது தொடர்பில் தயாரிக்கப்பட்ட மொழி வழிகாட்டி கைநூல்களின் 2000 பிரதிகளையும்  அவற்றின் 2000  இறுவட்டுக்களையும் தயாரிக்கும் பணிகள் முன்னெடுக்கப்பட்டன.
The Language Guidelines Books are used as learning aids in Programmes on facilitation of Language Plans.,குறித்த வழிகாட்டி கைநூல்களானவை மொழித்திட்டங்களுக்கு  அனுசரணையளிக்கும்  நிகழ்ச்சித் திட்டங்கள் தொடர்பிலான கற்றல் உபகரணமாகப் பயன்படுத்தப் படுகின்றன.
Reprinting of the Sinhala/Tamil alphabet Books.,சிங்களம்/தமிழ் எழுத்துப் புத்தகத்தை மீண்டும் அச்சிடல்.
"20,000 copies of the Sinhala/Tamil alphabet Books were printed as per the recommendations of the report of the committee appointed for identifying strategies for enhancing language proficiency of the public officers.","அரச உத்தியோகத்தர்களின் மொழித் தேர்ச்சியை மேம்படுத்துவதற்கான வழிகளை இனங்காணும் பொருட்டு நியமிக்கப்பட்ட உத்தியோகத்தர்கள் குழுவினது அறிக்கையின் பரிந்துரைகளுக்கு அமைவாக சிங்களம்/தமிழ் எழுத்துப் புத்தகங்களின் பிரதிகள்  20,000 அச்சிடும் செயற்பாடு இடம்பெற்றது."
These books have been distributed to the government institutions on priority based requests.,இந்த நூல்கள் முன்னுரிமைக் கோரிக்கைகளின் அடிப்படையில் அரச நிறுவனங்கள் மத்தியில் பகிர்ந்தளிக்கப்பட்டுள்ளன.
Creating audio-visual tools essential for regional level bilingual administration,பிராந்திய மட்டத்தில் இரு மொழிகள் சார்ந்த நிர்வாகத்திற்கு அவசியமான காணொளிச் சாதனங்களைத் தயாரித்தல்
Initiative has been underway in preparing five Digital Video Disks(DVD)based on five common occasions where bilingual conversations take place in government institutions.,"அரச நிறுவனங்களில், பெரும்பாலும்  இரு மொழிப் பயன்பாடு இடம்பெறும் ஐந்து சந்தர்ப்பங்களை அடிப்படையாகக் கொண்டு சிங்களம் மற்றும் தமிழ் உரையாடல்கள் அடங்கிய ஐந்து டிஜிடல் வீடியோ தட்டுக்கள் தயாரிக்கும் பணிகள் ஆரம்பிக்கப்பட்டுள்ளன."
"In this connection, the initial part of the work has been completed and the future activities are expected to be completed in 2016.",மேற்படிச் செயற்பாட்டின் ஆரம்பக்கட்டப் பணிகள் நிறைவு செய்யப்பட்டுள்ளதுடன் எதிர்கால நடவடிக்கைகளை 2016 ஆம் ஆண்டில்  நிறைவுசெய்வதற்கான எதிர்பார்ப்பு காணப்படுகின்றது.
Use of these tools will enhance the  opportunity of delivering the general public the bilingual services.,இந்தக் கருவிகளை பயன்படுத்துவதன் மூலம் இருமொழிச் சேவையை பொது மக்களுக்கு வழங்கும் வாய்ப்பானது மேம்படும்.
Compilation of the Ministerial news letter “Apurwa Nadee”,அமைச்சின் செய்தி ஏடான “அபூர்வ நதி”யை  தயாரித்தல்
First and second issues of the “Apurwa Nade” were compiled and 3000 copies of them were distributed.,“அபூர்வ நதி”யின் முதலாவது மற்றும் இரண்டாவது வெளியீடுகள் தயாரிக்கப்பட்டு அதன் 3000 பிரதிகள் பகிர்ந்தளிக்கப்பட்டன.
"Accordingly, these“Apurwa Nade” news letters have been distributed to all Ministries, District Secretariats and Divisional Secretariats.","அதற்கிணங்க, இந்த  “அபூர்வ நதி""  செய்தி  ஏடுகள் சகல  அமைச்சுகள், மாவட்டச் செயலகங்கள் மற்றும் பிரதேச செயலகங்கள் ஆகியவற்றுக்கிடையில்  விநியோகிக்கப்பட்டன."
"Further, action has been taken to send the copies of this news letters by post to the Language Associations registered with the Ministry.","மேலும்,  அந்தச் செய்தி ஏடுகளை  இதுவரையில் அமைச்சில் பதிவு செய்யப்பட்டுள்ள மொழிச் சங்கங்களுக்கும் தபால் மூலம் அனுப்பிவைக்கும் நடவடிக்கைகளும் எடுக்கப்பட்டன."
An attempt has been made through the newsletter “Apurwa Nadee” at opening a dialogue among various sectors of the society about the importance of achieving national harmony through bilingual skills.,"""அபூர்வ நதி"" செய்தி ஏட்டின் ஊடாகச் சமூகத்தின் பல்வேறு துறைகளில்  இரு மொழித் திறன்  மூலம் தேசிய சமாதானத்தை ஏற்படுத்துவதற்கான முக்கியத்துவம் பற்றிய கலந்துரையாடல்களை முன்னெடுப்பதற்கான முயற்சியொன்று எடுக்கப்பட்டுள்ளது."
"Thus, a number of articles on Buddhism and Social Integration, importance of multilingualism and insightful artistic songs at stimulating inter-ethnic feelings have been successfully released.","அந்த வகையில், புத்த தர்மம், சமூக ஒருமைப்பாடு, பன்மொழிப் பாவனையின் முக்கியத்தும், ஆகியவற்றை உள்ளடக்கிய பல்வேறு கட்டுரைகள் மற்றும் இனங்களுக்கிடையில் சௌஜன்ய உணர்வை ஏற்படுத்தக்கூடிய கலைத்திறன்மிக்க பாடல்கள் ஆகியவற்றை வெற்றிகரமாக வெளியிட முடிந்துள்ளது."
Conducting conversational workshops on the implementation of the Official Language Policy.,அரசகரும மொழிக் கொள்கையை அமுற்படுத்தல் பற்றிய கலந்துரையாடல்  செயலமர்வை நடாத்தல்.
"As for the efficient implementation of the official language policy, it is of great importance that the awareness of public officers implementing the Official Language Policy needs to be enhanced.",அரசகரும மொழிக் கொள்கையை வினைத்திறனாக அமுற்படுத்தல்  தொடர்பில் ஈடுபட்டுள்ள அரச நிறுவனங்களை சார்ந்த உத்தியோகத்தர்களின் விழிப்புணர்வை மேம்படுத்த வேண்டியது அத்தியாவசியமானதாகும்.
"Focusing on this objective, institutional heads representing various sectors have been educated by the Language Division with regard to implementation of the official language policy.","இந்த நோக்கத்தை அடிப்படையாகக் கொண்டு, அரசகரும மொழிக் கொள்கையை அமுற்படுத்தும்  அரசின் பல்வேறு துறைகளை பிரதிநிதித்துவம் செய்கின்ற நிறுவனங்களின் தலைவர்கள் மொழிப்பிரிவால் விழிப்பூட்டப்பட்டுள்ளனர்."
"Accordingly, HQIs of police stations, heads of local governments and other officials as well as school students have been acquainted with the legal provisions with regards to the implementation of the Official Language Policy.","அந்த வகையில், காவல் நிலையப் பொறுப்பதிகாரிகள், உள்ளூராட்சி நிறுவனங்களின் தலைவர்கள் மற்றும் ஏனைய உத்தியோகத்தர்கள் உட்பட பாடசாலை மாணவர்களுக்கும் அரசகரும மொழிக் கொள்கையை அமுற்படுத்தல் பற்றிய சட்ட ஏற்பாடுகள் ​தொடர்பில் விழிப்பூட்டல் நடைபெற்றுள்ளது."
"Around 1000 police officers including high ranking officers of 78 police stations in Rathnapura, Kegalle, Nuwara-Eliya and Badulla districts have participated in these programmes.","இதனடிப்படையில், இரத்தினபுரி, காலி, நுவரெலியா மற்றும் பதுளை ஆகிய காவல்துறைப் பிரதேசங்களின் அதிகார எல்லைக்குட்பட்ட காவல் நிலைய உயர் அதிகாரிகள் 78 பேர் உட்பட  கிட்டத்தட்ட 1000 காவல்  உத்தியோகத்தர்கள் இந்த  நிகழ்ச்சித்திட்டத்தில் பங்குபற்றினர்."
"Further, around 600 officers of government institutions coming under jurisdiction of the Northern Provincial Council, Sabaragamuwa Provincial Council, Southern Provincial Council and North Western Provincial Council have also been educated with regards to the implementation of the Official Language Policy.","மேலும், வடக்கு மாகாண சபை, சபரகமுவ மாகாண சபை, தென் மாகாண சபை மற்றும் வடமேல் மாகாண சபை ஆகியவற்றின் அதிகார எல்லைக்குட்பட்ட  அரச நிறுவனங்களைச் சார்ந்த  கிட்டத்திட்ட  600  உத்தியோகத்தர்கள் அரசகரும மொழிக் கொள்கையை அமுற்படுத்தல் தொடர்பிலான விழிப்பூட்டலைப் பெற்றுள்ளனர்."
"Under this  programme, the Language Division has enhanced the awareness of around 2,880 students in Kandy, Matara, Ampara, Gampaha, Colombo, Kalutara and Batiicaloa districts on the implementation of the Official Language Policy.","இந்த  நிகழ்ச்சித்திட்டத்தின் கீழ்  கண்டி, மாத்தறை, அம்பாறை, கம்பஹா, கொழும்பு, களுத்துறை, மற்றும் மட்டக்களப்பு மாவட்டங்களைச் சேர்ந்த கிட்டத்தட்ட  2,800 பாடசாலை மாணவர்கள் அரசகரும மொழிக்கொள்கை அமுற்படுத்தல் தொடர்பில்  மொழிப் பிரிவால் விழிப்பூட்டப்பட்டுள்ளனர்."
"The structure of these programmes is designed so as to give the target groups an understanding of the Official Language Policy and legal provisions, policy framework of social integration, the role of the Ministry and its affiliated institutions, implementing the Official Language Policy.","இந்த நிகழ்ச்சித்திட்டங்களின் மாதிரியினூடாக அரசகரும மொழிக் கொள்கை, சட்ட வேற்பாடுகள், சமூக ஒருமைப்பாட்டுக் கொள்கைச் சட்டகம், அரசகரும மொழிக் கொள்கையை அமுற்படுத்தல் ஆகியவை தொடர்பில் அமைச்சு மற்றும் அதற்குட்பட்ட  நிறுவனங்களுக்குரிய  வகிபாகம் சம்பந்தமாக இலக்குக் குழுக்களுக்கு விழிப்பூட்டல் இடம்பெற்றது."
"Accordingly, lectures by scholars, computer presentations and group activities were used in these workshops.","அதற்கிணங்க, இந்தச் செயலமர்வுகளில் நிபுணர்களின் விரிவுரை, கணினிசார் முன்னிலைப்படுத்தல் மற்றும் குழுச் செயற்பாடுகள் ஆகியன பயன்படுத்தப்பட்டன."
"The service of Ministerial officers, trained as trainers, could be obtained in all programmes conducted for school children in this connection.",பாடசாலை மாணவர்களை விழிப்பூட்டுவதற்காக நடாத்தப்பட்ட அனைத்து நிகழ்ச்சிகளிலும்  பயிற்சி பெற்றுள்ள அமைச்சினது உத்தியோகத்தர்களின் பங்களிப்பை பெற்றுக் கொள்வதற்கு முடிந்தது.
"Since providing a basic knowledge on preparation of the language plans of the targeted institutions was one of the objectives of these programmes, the requisite technical knowledge was also provided with the officers.","இலக்காகத் தேர்ந்தெடுக்கப்படும் நிறுவனங்களில் மொழித் திட்டத்தை தயாரிப்பதும் இந்த விழிப்பூட்டும் நிகழ்ச்சித்திட்டத்தின் ஒரு நோக்கமாகவுள்ளதால், உத்தியோகத்தர்களுக்கு அவசியமான தொழில்நுட்ப விழிப்பூட்டலும்  வழங்கப்பட்டது."
04.Establishment of Bilingual Facilitation booths at District Secretariats and Divisional Secretariats.,04. மாவட்டச் செயலகங்கள் மற்றும் பிரதேச செலகங்களில் இருமொழிச் சேவை அனுசரணை நிலையங்களைத் தாபித்தல்.
"Since 2012, Bilingual Facilitation booths have been in the process of being established with a view to enhance facilities for the people to get their service done in the language of their choice.","அரச நிறுவனங்களில் மக்கள் தாங்கள் விரும்பிய மொழிகளில் சேவையைப் பெற்றுக்கொள்ளும் வசதியை மேலும் இலகு படுத்துவதற்காக,  2012 ஆம் ஆண்டிலிருந்து இரு மொழியிலான அனுசரணை நிலையங்கள் தாபிக்கப்பட்டு வருகின்றன."
"On that basis, Bilingual Facilitation booths in all the72 Divisional Secretariats located in the 72 bilingual Divisional Secretariat Divisions have been established by this ministry.","அதனடிப்படையில், 72  இரு மொழிப் பிரதேச செயலகப்பிரிவுகளில் தாபிக்கப்பட்டுள்ள  72 பிரதேச செயலகங்களில் இருமொழியிலான அனுசரணை நிலையங்கள் அமைச்சினால் தாபிக்கப்பட்டுள்ளன."
"The Field Officers, attached to this Ministry, have been directed to these Divisional Secretariats so as to render a more effective service for the general public.",பொது மக்களுக்கு மிகவும் வினைத்திறன்மிக்க சேவையை வழங்கும் பொருட்டு இவ்வமைச்சுக்கு இணைக்கப்பட்டுள்ள கள உத்தியோகத்தர்கள் பிரதேச செயலகங்களின் பணிக்காக அமர்த்தப்பட்டுள்ளனர்.
"In the year 2013, having taken another step forward, the ministry successfully completed establishing Bilingual Service booths at 19 Divisional Secretariats.","2013 ஆம் ஆண்டில்,  இச்செயற்பாட்டின் மற்றுமொரு நடவடிக்கையாக 19 மாவட்டச் செயலகங்களில் இரு மொழியிலான அனுசரணை நிலையங்களைத் தாபித்தல் தற்சமயம் வெற்றிகரமாக நிறைவு செய்யப்பட்டுள்ளது."
"In 2014, having established Bilingual facilitation booths in 06 Divisional Secretariats and 08 District Secretariats, the Ministry in 2015 established such booths in the District Secretariats located in Colombo, Trincomalee, Puttalam and in Divisional Secretariats located in Lahugala, Padiyathalawa, Kundasale, Kegalle and Monaragala.","2014 ஆம் ஆண்டில்,  இவ்வமைச்சானது, 06 பிரதேச செயலகங்கள் மற்றும் 08 மாவட்டச் செயலகங்களில் இரு மொழியிலான அனுசரணை நிலையங்களை தாபித்துள்ளதுடன், 2015 ஆம் ஆண்டில் கொழும்பு,  திருகோணமலை, புத்தளம் ஆகிய மாவட்டச் செயலகங்களிலும்  மற்றும் லாவுகல, பதியதாலாவ, குண்டசாலை, கேகாலை மற்றும் மொனராகலை ஆகிய பிரதேச செயலகங்களிலும்  இரு  மொழியிலான அனுசரணை நிலையங்களை தாபித்துள்ளது."
05. Establishing 14 innovative model centres in order to strengthen the process of implementing the Official Language Policy.,05. அரசகரும  மொழிக் கொள்கையை அமுற்படுத்தும்  செயற்பாட்டை  வலுப்படுத்தும் வகையில் 14 நவீன மாதிரி நிலையங்களைத் தாபித்தல்.
•Attention was paid to 04 main aspects that need  be taken into consideration in the implementation of the Official Language Policy. viz:,அரசகரும மொழிக் கொள்கையை அமுற்படுத்துவது தொடர்பில்  பிரதானமாகக் கருத்திற்கொள்ள வேண்டிய பிரிவுகள் சம்பந்தமாக  கவனம் செலுத்தப்பட்டன.  அவையாவன:
Reflecting  upon the implementation of the Official Language Policy.,அரசகரும மொழிக் கொள்கை அமுலாக்கத்தை வெளிப்படுத்தல்.
Preparing an administrative mechanism and a documentation process with regard to implementation of the Official Language Policy.,அரசகரும மொழிக் கொள்கையை அமுற்படுத்துவதற்குரிய நிருவாகப் பொறிமுறை மற்றும் ஆவணமயமாக்கல்  நடவடிக்கைகளை தயாரித்தல்.
Providing the services with regards to implementation of the Official Language Policy.,அரசகரும  மொழிக் கொள்கையை அமுற்படுத்தல் தொடர்பிலான சேவைகளை வழங்குதல்.
Institutional commitment towards the implementation of the Official Language Policy,அரசகரும மொழிக் கொள்கையை அமுற்படுத்தல் தொடர்பிலான நிறுவனங்களின் அர்ப்பணிப்பு.
"In line with the above initiative, 14 government institutions representing different sectors in Sri Lanka, selected under the fund of Canadian government by the ministry, were entrusted with the task of building inovative models in impllementing the National language policy.","அந்த வகையில்,  இந்த அமைச்சின் கீழ் நடைமுறைப்படுத்தப்பட்ட தேசிய மொழிகள் செயற்றிட்டமானது கனேடிய அரசின் நிதியுதவியுடன் அமைச்சினால்  தெரிவு செய்யப்பட்டதும் இலங்கையின் பல்வேறு துறைகளைப் பிரதிநிதித்துவம் செய்வதுமான 14 அரச நிறுவனங்களிடம்  அரசகரும மொழிக் கொள்கையை அமுற்படுத்தும் புத்தாக்க மாதிரிகளை கட்டியெழுப்பும் பணியானது வழங்கப்பட்டுள்ளது."
"On that basis under the National Languages Project, 14 government institutions were selected based on 04 criteria by the Asian Foundation and developed as Innovative Model Centres.","அந்த வகையில், தேசிய மொழிகள் செயற்றிட்டத்தின்  கீழ் ஆசியா பவுண்டேசன் நிறுவனத்தினால் குறித்துரைக்கப்பட்ட 04 பிரமாணங்களுக்கு அமைவாக தெரிவு செய்யப்பட்ட 14 அரச நிறுவனங்கள் புத்தாக்க மாதிரிகளாக  கட்டியெழுப்பப்பட்டுள்ளன."
"Among those institutions 07 Provincial Councils, 01 Divisional Secretariat, 03 police stations and 03 hospitals were built as innovative models.","அந்த நிறுவனங்களுக்கிடையில்  07 உள்ளூராட்சி சபைகள்,  01 பிரதேச செயலகம்,  03 காவல் நிலையங்கள் மற்றும்  01 வைத்தியசாலை ஆகியன புத்தாக்க மாதிரிகளாக கட்டியெழுப்பப்பட்டன."
14 government institutions identified by the government in 2015 were futher  empowered as innovative model centres implementing Official language policy.,இந்த அமைச்சினால் 2015 ஆம் ஆண்டில் புத்தாக்க மாதிரிகளாக  இனங்காணப்பட்ட 14 அரச நிறுவனங்கள் அரசகரும மொழிக் கொள்கையை நடைமுறைப்படுத்தும் புத்தாக்க மாதிரி நிலையங்களாக மேலும் வலுவூட்டப்பட்டன.
The main purpose of this initiative was to maintain these institutions as models that set examples to other government institutions related to this subject.,"இதனூடாக,  இந்த விடயப்பரப்பு சார்ந்த விடயங்களுடன்  தொடர்புபட்டுள்ள வேறு அரச நிறுவனங்களுக்கும் முன்மாதிரியாக விளங்கும் வகையில் இந்த நிறுவனத்தை நடாத்திச் செல்வதே அடிப்படை நோக்கமாகவுள்ளது."
"Under the initiative, the weaknesses in implementing the official language policy in the above institutions are being identified by rechecking the check list.","அதற்கமைய, மேற்படி  நிறுவனங்களில் அரசகரும மொழிக் கொள்கையை அமுற்படுத்தல் தொடர்பிலான செவ்வை பார்க்கும் பட்டியலை மீண்டும் பரிசீலனை செய்வதன் ஊடாக குறைபாடுகளை இனங்காண்பதற்கான நடவடிக்கைகள் இடம்பெறுகின்றன."
"Accordingly, the Language Division provided necessary provisions for implementing sustainable development programmes necessary to implement the Official Language Policy.","அந்த வகையில்,  அரசகரும மொழிக் கொள்கையை அமுற்படுத்துவது தொடர்பில் பேண்தகு அபிவிருத்தி நிகழ்ச்சித் திட்டங்களை முன்னெடுப்பதற்கு அவசியமான ஏற்பாடுகளை மொழிப் பிரிவானது வழங்கியது."
"Under this activity, money allocations were made to the positive projects given to us Kanthale Pradeshiya Sabha, Bandarawela District Secretariat, Nuwara-Elya Municiple Council.","இதன் கீழ்,  கந்தளாய்  பிரதேச சபை, பண்டாரவளை பிரதேச செயலகம் மற்றும் நுவரெலியா மாநகர சபை  ஆகியவற்றின் ஊடாக எமக்கு வழங்கிய நேர்மறையான  செயற்றிட்டங்களுக்கு நிதி ஒதுக்கீடு வழங்குதல் இடம்பெற்றது."
"Accordingly, Provisions are to be made next year to Galle  Mahamodara Teaching Hospital ,Nuwara-Eliya Police Station and Trincomalee Base Hospital which have sent project reports.","அந்த வகையில், செயற்றிட்ட அறிக்கைகளை அனுப்பிய காலி மஹமோதர போதனா வைத்தியசாலை, நுவரெலியா காவல் நிலையம் மற்றும் திருகோணமலை பிரதான வைத்தியசாலை ஆகிய நிறுவனங்களுக்கான நிதி ஒதுக்கீடுகள் அடுத்த வருடம் மேற்கொள்ளப்படவுள்ளன."
06.Setting up of trilingual sign boards at District Secretariats and Divisional Secretariats,06. மாவட்டச் செயலகங்கள் மற்றும் பிரதேச செயலகங்களில் மும்மொழிப் பெயர்ப் பலகைகளைத் தாபித்தல்
Providing necessary funds for setting up of trilingual sign boards at government institutions with a view to reflecting upon the implementation of the official language policy is yet another worthwhile initiative implemented by the language Division.,அரச சேவையில்  இரு மொழியாக்கச் செயற்பாட்டை  கட்டியெழுப்புவதற்கான அவசியச் சூழலை கட்டியெழுப்பும் வகையில் அரசகரும மொழிக் கொள்கையானது அமுற்படுத்தப்படுவதை  பிரதிபலிக்கும் பொருட்டு அரச நிறுவனங்களில் மும்மொழிகளில் பெயர்ப் பலகைகளை தாபிப்பதற்கு ஒதுக்கீடுகளை செய்தலானது  மொழிப் பிரிவின் குறிப்பிட்டுச் சொல்லத்தக்க மற்றொரு அம்சமாகும்.
"On that basis, action has been taken to provide funds to bilingual Divisional Secretariats.","அந்த வகையில், தற்சமயம்  இருமொழிப் பிரதேச செயலகங்களுக்கு நிதி ஏற்பாடுகள் மேற்கொள்வதற்கான நடவடிக்கை எடுக்கப்பட்டுள்ளது."
"Accordingly, provisions of funds have been provided to 22 Divisional Secretariats.","அதன் அடிப்படையில், தற்சமயம் 22 பிரதேச செயலகங்களுக்கு  நிதி ஏற்பாடுகள் செய்யப்பட்டுள்ளன."
07.Promotion of National Languages through mass media,07. வெகுசன ஊடகங்கள் மூலமாக தேசிய மொழிகளை  மேம்படுத்தல்
"The main objective of this programme is to enhance the radio listeners’ awareness of the role of the Ministry, the Language Policy and the Social Integration Policy.","அமைச்சின் பணிகள், மொழிக் கொள்கை மற்றும் சமூக ஒருமைப்பாட்டுக் கொள்கை  ஆகியவை தொடர்பாக வானொலி நேயர்களை விழிப்பூட்டுவது இந்த நிகழ்ச்சியின் அடிப்படை நோக்கமாகும்."
"Accordingly, the Ministry has contributed towards two radio programmes to be broadcast in the Sinhala and the Tamil languages.","அந்த வகையில், சிங்களம் மற்றும் தமிழ் மொழிகளில் ஒலிபரப்பப்படுகின்ற இரண்டு வானொலி நிகழ்ச்சிகளுக்கு அமைச்சால் பங்களிப்பு செய்யபபட்டுள்ளது."
"Thus, the radio programme “Palama/Palam"" (Bridge) was broadcast on the Commercial Service of the Sri Lanka Broadcasting Corporation and the Thendral FM from January 2015 to September 2015.","""பாலம/பாலம்"" வானொலி நிகழ்ச்சியானது 2015 சனவரில் இருந்து  2015 செப்டெம்பர் வரையில் இலங்கை ஒலிபரப்புக் கூட்டுத்தாபனத்தின் வர்த்தக சேவை மற்றும் தென்றல் எப்.எம் ஆகியவற்றினூடாக  ஒலிபரப்பப்பட்டது."
(It was telecast on every Sunday from 10.30 am to 11.00 am).,(ஒவ்வொரு பிரதி  ஞாயிற்றுக்கிழமைகளிலும் மு.ப. 10.30  தொடக்கம்  மு.ப.11.00 வரை ஒலிபரப்பப்பட்டது.)
"While 38 programmes of it were  broadcast, action was also taken to broadcast it in the Ministry on every Wednesday.","அதன் 38  நிகழ்ச்சிகள் ஒலிபரப்பப்பட்டுள்ளதுடன், ஒவ்வொரு புதன்கிழமைகளிலும் அவற்றை அமைச்சில் ஒலிபரப்பவும்  நடவடிக்கை எடுக்கப்பட்டுள்ளது."
"Subsequently, the Ministry contributed towards 18 programmes of  “Subharathi/Vidiyum Velai” during the period from October to December 2015.","அதனைத்தொடர்ந்து, ஒக்டோபர் மாதத்திலிருந்து  டிசம்பர் மாதம்  வரை 18  சுபாரதி/விடியும் வேளை நிகழ்ச்சிகளுக்கு அமைச்சானது பங்களிப்பை  வழங்கியுள்ளது."
Listeners were made aware of the Programmes through teaser programme.,நிகழ்ச்சி தொடர்பாக தயாரிக்கப்பட்ட  முன்ணோட்டதின் மூலம்  நிகழ்ச்சி பற்றிய விழிப்பூட்டல் நேயர்களுக்கு வழங்கப்பட்டது.
08. Making provisions for the special projects related to Social Integration Week.,08. சமூக ஒருமைப்பாட்டு வாரத்திற்கான விசேட செயற்றிட்டங்களுக்கு ஒதுக்கீடுகளை வழங்குதல்.
The Language Division identified various programmes related to the Social Integration Week annually declared by the Ministry.,இந்த அமைச்சினால் வருடாந்தம் பிரகடனம் செய்யப்படும் சமூக ஒருமைப்பாட்டு வாரத்திற்கு சமூக ஒருமைப்பாட்டுப் பிரிவினால் பல்வேறு செயற்றிட்டங்கள் அடையாளம் காணப்பட்டன.
"Of the above projects, five most effective projects were given Financial provisions by the Language division.",அத்தகைய செயற்றிட்டங்களில் மிகவும் பயனுறுதியான 5 செயற்றிட்டங்களுக்கு மொழிப் பிரிவினால் நிதி ஒதுக்கீடு வழங்கப்பட்டது.
"Of the above projects, the following projects are very special.","அவ்வாறு வழங்கப்பட்ட செயற்றிட்டங்களில்,  கீழ் குறிப்பிடப்படும்  செயற்றிட்டங்கள் விசேடமானவை  ஆகும்."
Providing funds for the development of infrastructure facilities of a mixed school with less facilities located in Monaragala.,மொனராகலையில் அமைந்துள்ள வசதிகள் குறைவான கலவன் பாடசாலைக்கு உட்கட்டமைப்புக்களை அபிவிருத்தி செய்வதற்காக  நிதி ஒதுக்கீடுகளை வழங்கல்.
Taking steps to create a learning-friendly environment in a school for children in Negombo.,நீர்கொழும்பில் அமைந்துள்ள பிள்ளைகளின் பாடசாலையில் கற்றலுக்கேற்றவாறு சூழலை ஏற்படுத்துவதற்கான நடவடிக்கையை எடுத்தல்.
Making provisions for setting up of trilingual sign boards at the Cancer Institute in Maharagama to reflect upon the implementation of the Official Language Policy.,"மஹரகம தேசிய புற்றுநோய் நிறுவகத்தில் தேசிய மொழிகள் கொள்கையானது அமுற்படுத்தப்படுவதை வெளிப்படுத்தும் வகையில், பெயர்ப் பலகைகளை மும்மொழிகளிலும் தயாரிப்பதற்கு ஒதுக்கீடுகளை வழங்குதல்."
Improving the infrastructure facilities of 2 villages located in Haputhale where the plantation people reside.,ஹப்புத்தளை தோட்ட மக்கள் வசிக்கும் குடியிருப்புகளின் உட்கட்டமைப்பு வசதிகளை அபிவிருத்தி செய்தல்.
Development of a pre-school in Huseniyagamapura in Puttalam,புத்தளம் உசேனியாபுரவில் உள்ள முன்பள்ளியொன்றை அபிவிருத்தி செய்தல்
3.1.2.People’s Movement for Bilingual Action Programme,3.1.2. இரு மொழிப்பிரயோகம் பற்றிய மக்கள் இயக்கத்தின் நிகழ்ச்சித்திட்டங்கள்
01.Establishment of Language Associations,01. மொழிச் சங்கங்களை தாபித்தல்
National movement for language associations can be identified as a programme for acquainting the general public with the importance of implementing the Official Language Policy aimed at creating a Sri Lankan nation enriched with equality and endearingly intertwined by the two languages.,இரு மொழிகளால் இதயபூர்வமாக இணைந்த சமத்துவமிக்க ஒரே இலங்கை தேசத்தை கட்டியெழுப்புதல் என்ற நோக்கத்தை கொண்டு அரசகரும மொழிக் கொள்கையை அமுற்படுத்துவதன் பெறுமதியை மக்களிடையே கொண்டு செல்வதற்கான நிகழ்ச்சித் திட்டமாக மொழிச்சங்க தேசிய இயக்கத்தை குறிப்பிட முடியும்.
"Since this programme was initiated in 2012, up to now a total of 2,428 language associations have been established Island wide.","இந்த நிகழ்ச்சித்திட்டமானது 2012 ஆம் ஆண்டு ஆரம்பிக்கப்பட்டதுடன், இது வரையில்  நாடளாவியவாறு 2428 மொழிச் சங்கங்கள் தாபிக்கப்பட்டுள்ளன."
Language Associations registered in 2015 are 279.,2015 ஆம் ஆண்டில் பதிவுசெய்யப்பட்ட மொழிச் சங்கங்களின் எண்ணிக்கை 279 ஆகும்.
"In line with the above program, 206 language classes have been established covering the 25 districts with a view to enhancing Sinhala and Tamil language learning skills a well as improving bilingualism.","இதற்கு சமாந்திரமாக மக்களிடத்தில் சிங்களம், தமிழ் மொழிகளை கற்கும் திறனை விருத்தி செய்வதற்கும், இரு மொழிகளை மேம்படுத்தும் நோக்குடனும் 25 மாவட்டங்களையும் உள்ளடக்கும் வகையில் 206  வகுப்புகள் ஆரம்பிக்கப் பட்டுள்ளன."
"Accordingly, understanding the value of the implementation of the Official Language Policy by the general public in their residential areas will contribute towards bringing about coexistence in the society.","அதற்கமைய, பொது மக்கள் தங்களின் பிரதேசங்களில் அரசகரும மொழிக் கொள்கையை அமுற்படுத்துவதன் பெறுமதி தொடர்பாக பெற்றுக் கொள்ளும் புரிந்துணர்வானது சமூக சகவாழ்வை ஏற்படுத்த வழிசமைக்கும்."
Providing provisions for projects proposed by the Language Associations in relation to promotion of Official Languages and social coexistence.,தேசிய மொழிகளின் மேம்பாடு மற்றும் சமூக சகவாழ்வை ஏற்படுத்துவது தொடர்பில் மொழிச் சங்கங்களினால் முன்வைக்கப்படும்  செயற்றிட்டங்களுக்கு ஒதுக்கீடுகளை பெற்றுக்கொடுத்தல்.
Implementation of various projects with the objective of building national harmony and mutual understanding among people in different areas of the country is another fuction being carried out by the language associations.,"நாட்டின் பல்வேறு பிரதேசங்களில் தேசிய சமாதானம், ஒத்துழைப்பு மற்றும் பரஸ்பர புரிந்துணர்வை ஏற்படுத்துதல் என்ற குறிக்கோளுடன் மொழிச் சங்கங்கள் ஊடாக நாட்டின் பல்வேறு பிரதேசங்களில் மேற்கொள்ளப்படும்  பல்வேறு செயற்றிட்டங்களானவை மொழிச் சங்கங்களால்  முன்னெடுக்கப்படும்  மற்றுமொரு பணியாகும்."
"Among the above programmes, Organization of Sinhala-Tamil national festivals, Youth exchange programmes, conducting programmes to generate self-employment opportunities through language proficiency, organization of friendship camps for enhancing Sinhala–Tamil intimacy etc. could be worth mentioning.","இந்த செயற்றிட்டங்களுக்கு மத்தியில் சிங்கள, தமிழ் தேசிய விழாக்களை ஒழுங்கமைத்தல், இளைஞர் பரிமாற்றம்   நிகழ்ச்சித் திட்டங்களை நடாத்தல், மொழிப் புரிந்துணர்வின் மூலம் சுயதொழில்களுக்கு வழிசமைக்கும் நிகழ்ச்சித் திட்டங்களை நடாத்தல், சிங்களம் மற்றும் தமிழ் பிணைப்பை மேம்படுத்துவதற்கான முகாம்களை ஒழுங்கமைத்தல், மொழி முகாம்களை நடாத்தல் போன்றவற்றை குறிப்பிடலாம்."
"In 2015, the Language Division had been able to provide funds for 87 projects submitted by language associations established in different areas of the country.",2015 ஆம் ஆண்டில் இலங்கையின் பல்வேறு பிரதேசங்களில் தாபிக்கப்பட்ட மொழிச் சங்கங்களால் சமர்ப்பிக்கப்பட்ட  87 செயற்றிட்டங்களுக்கான ஒதுக்கீடுகளை மேற்கொள்வதற்கு மொழிப் பிரிவால்  முடிந்துள்ளது.
Developing 04 identified  Divisional Secretariats as Innovative Model Centres.,அடையாளம் காணப்பட்ட பிரதேசச் செயலகங்கள் நான்கினை புத்தாக மாதிரிகளாக கட்டியெழுப்புதல்.
Transformation of 04 government offices into innovative model centers is a programme commenced by the Language Division from this year.,"அரசகரும மொழிக் கொள்கையை அமுற்படுத்துவது தொடர்பிலான புத்தாக்க மாதிரிகளை கட்டியெழுப்புவதன் கீழ்,  04  அரச அலுவலகங்களை புத்தாக்க மாதிரிகளாக நிலைமாற்றம் செய்யும் பணியானது,  இந்த வருடத்திலிருந்து மொழிப் பிரிவால்  ஆரம்பிக்கப்பட்டுள்ள  ஒரு  நிகழ்ச்சித் திட்டமாகும்."
"under this programme, process of facilitation has been started by the  provincial centres to develope Kuruwita and Rathnapura Divisional Secretariats and Karachchi and Punagari Divisional Secretariats as Innovative Model Centres.",இந்த  நிகழ்ச்சித் திட்டத்தின் கீழ் மாகாண நிலையங்களின் ஊடாக மேற்கொள்ளக்கூடிய பணிகளாக குருவிட்ட மற்றும் இரத்தினபுரி பிரதேச செயலகங்கள் மற்றும்  கரைச்சி மற்றும் பூனகரி பிரதேச செயலகங்கள் ஆகியவற்றை புத்தாக்க மாதிரிகளாக கட்டியெழுப்புவதற்கான அவசிய அனுசரணை நடவடிக்கைகள் ஆரம்பிக்கப்பட்டுள்ளன.
"Under this programme, the Language Division conducted an awareness programme to the public officers, including Chief Official Language Implementation Officer and the Official Language Implementation officer of the relevant Divisional Secretariats on the implementation of the Official Language Policy and afterwards it provided them with necessary guidance to prepare language plans and implement the official language policy effectively in their respective institutions.","இச்செயற்பாட்டின்  கீழ் சம்பந்தப்பட்ட  பிரதேச செயலகங்களில் பிரதான அரசகரும மொழிகள் அமுற்படுத்தல் உத்தியோகத்தர், அரசகரும மொழிகள் உத்தியோகத்தர் உட்பட ஏனைய அரச உத்தியோகத்தர்களை  அரசகரும மொழிக் கொள்கை  தொடர்பாக விழிப்பூட்டி அதனைத் தொடர்ந்து  அவர்கள் சார்ந்துள்ள நிறுவனங்கள் தொடர்பில் மொழித் திட்டம் தயாரித்து  அரசகரும மொழிக் கொள்கையை வினைத்திறனாக அமுற்படுத்துவதற்கு அவசியமான வழிகாட்டல்கள் மொழிப் பிரிவினால் வழங்கப்பட்டன."
"At the conclusion of the initial programme, steps were taken to give the assignments to prepare language plans in relation to the institutions concerned and now the task of preparing language planns are taking place at the institutions concerned.",இவ்வாறு இடம்பெற்ற ஆரம்ப நிகழ்ச்சித் திட்டத்தின் முடிவில் மொழித் திட்டங்கள் தயாரிக்கும் முகமாக சம்பந்தப்பட்ட  நிறுவனங்களுக்கு ஒப்படைகளை வழங்கும்  நடவடிக்கையானது எடுக்கப்பட்டுள்ளதுடன் அதனைத்தொடர்ந்து குறித்த நிறுவனங்களில் மொழித் திட்டம் தயாரிக்கும் பணிகள் இடம்பெற்று வருகின்றன.
The technical guidance required in this regard will be provided by the officers of the Language Division who have been trained in preparing language plans.,"இச்செயற்பாடு தொடர்பில் தேவைப்படும்  தொழில்நுட்ப உதவியானது, மொழித் திட்டங்களை தயாரித்தல் சம்பந்தமான பயிற்சியைப் பெற்றுள்ள உத்தியோகத்தர்களால்  வழங்கப்படும்."
3.1.3.Trilingual Sri Lanka Programme,3.1.3. மும்மொழி இலங்கை நிகழ்ச்சித் திட்டம்
"Under this programme, funds were provided to the National Institute of Language Education and Training for conducting language classes.",இந்த நிகழ்ச்சித் திட்டத்தின் கீழ் வகுப்புளை நடாத்துவதற்கான ஒதுக்கீடுகளை  தேசிய மொழிக்கல்வி மற்றும் பயிற்சி நிறுவனத்திற்கு  வழங்கும் செயற்பாடு இடம்பெற்றது.
3.1.4.Programmes conducted in collaboration with the National Language Projects.,3.1.4. தேசிய மொழிகள் ​செயற்றிட்டத்துடன் இணைந்து மேற்கொள்ளப்பட்ட நிகழ்ச்சித் திட்டங்கள்.
"01. Providing the National Language Division with the necessary technical assistance for planning of programmes relevant to implementation of the Official Language Policy, leadership and institutional empowerment.","01. அரசகரும மொழிக் கொள்கையை அமுற்படுத்துவதற்குரிய திட்டமிடல், தலைமைத்துவம்  மற்றும் நிர்வாகத்தை வலுப்படுத்துதல் தொடர்பில் தேசிய மொழிகள் பிரிவுக்கு அவசியமான தொழில்நுட்ப உதவிகளை வழங்குதல்."
Workshop for training of focal point officers on Gender.,பால்நிலை தொடர்பில்  மத்திய உத்தியோகத்தர்களுக்கு பயிற்சியளிக்கும் பயிற்சிப்பட்டறை.
"26 focal point officers, who were selected subsequent to the Gender Sensitization Programme series held in 2014, successfully completed a three-day work shop on promotion of Gender.",2014 ஆம் ஆண்டில் இடம்பெற்ற பால்நிலை பற்றிய உணர்நிலை நிகழ்ச்சித் தொடரைத்தொடர்ந்து  தெரிவு செய்யப்பட்ட 26 மத்திய உத்தியோகத்தர்கள் பால்நிலை மேம்பாடு பற்றிய மூன்று- நாள் பயிற்சிப்பட்டறையை வெற்றிகரமாக நிறைவு செய்தனர்.
"Officers of the Ministry and its affiliated institutions, representing Sinhala and Tamil mediums attended the workshop.",பயிற்சிப்பட்டறையில் அமைச்சு மற்றும் இணை நிறுவனங்களின் உத்தியோகத்தர்கள் சிங்களம் மற்றும் தமிழ் மொழிமூலத்தை பிரதிநிதித்துவம் செய்து பங்குபற்றினர்.
"At the end of the programme, the preparation of an approximate action plan for implementation of Gender Sensitization programmes of their respective institutions took place.","பயிற்சிப்பட்டறையின்  முடிவில், தத்தமது நிறுவனங்களில் பால்நிலை உணர்நிலை நிகழ்ச்சித் திட்டங்களை நடாத்துவதற்கான அண்ணளவான செயற்பாட்டுத் திட்டத்தை தயாரிக்கும் செயற்பாடு இடம்பெற்றது."
Setting up of Bilingual Facilitation booths,இரு மொழியிலான  அனுசரணை  நிலையங்களை தாபித்தல்
Bilingual Facilitation booths established in Morawewa and Walapane District Secretariats were provided with infrastructure facilities.,மொரவெவ மற்றும் வலப்பனை பிரதேச செயலகங்களில் தாபிக்கப்பட்ட  இரு மொழியிலான அனுசரணை நிலையங்களின் உட்கட்டமைப்பு வசதிகளை வழங்கும் செயற்பாடு இடம்பெற்றது.
"Thus, both booths were furnished with required computers and other accessories.","அதனடிப்படையில், குறித்த  அனுசரணை  நிலையங்கள் இரண்டிற்கும் தேவையான கணினி வசதிகள் மற்றும் ஏனைய உபகரணங்கள் வழங்கப்பட்டன."
Bilingual facilitation services are being rendered through the National Integration Promotion Coordination officers attached to these offices from the Ministry.,அமைச்சினுடாக குறித்த நிறுவனங்களுக்கு அமர்த்தப்பட்ட தேசிய ஒருமைப்பாட்டு ஒருங்கிணைப்பு உத்தியோகத்தர்களினால் அவசியமான இரு மொழி  அனுசரணைச் சேவைகள் வழங்கப்படுகின்றன.
02. Provision of technical assistance for implementation of the Official Language Policy.,02. அரசகரும மொழிக் கொள்கையை அமுற்படுத்துவது தொடர்பிலான தொழில்நுட்ப உதவிகளை வழங்குதல்.
Compilation of the Hand Book on Implementation of the Official Language Policy and Legal provisions.,அரசகரும மொழிக் கொள்கை அமுலாக்கம் மற்றும் சட்ட ஏற்பாடுகள் பற்றிய கைநூலைத் தயாரித்தல்.
A hand book containing the Official Language Policy and related law was complied to be used along with the Hand Book of Language guidelines on preparation of Language Policy in public institutions.,"அரச நிறுவனங்களில் மொழித் திட்டத்தை தயாரிப்பது தொடர்பான மொழி வழிகாட்டல் கைநூலுடன் பரிசீலனை செய்வதற்காக, அரசகரும மொழிக் கொள்கை மற்றும் அது தொடர்பான சட்டங்கள் உள்ளடங்கிய கைநூல் தயாரிக்கப்பட்டது."
Information on all circulars issued and Acts passed thus far pertaining to the implementation of the Official language Policy are made available to the public officers through this book.,அரசகரும மொழிக் கொள்கை அமுலாக்கம் தொடர்பில் இதுவரை வெளியிடப்பட்டுள்ள அனைத்து சுற்றிக்கைகள் மற்றும் சட்டங்கள் பற்றிய தகவல்கள் இந்நூலினூடாக அரச உத்தியோகத்தர்களுக்கு வழங்கப்படுகின்றன.
1500 copies of the book and 3000 CDs containing the guidelines of Hand Book have been produced.,இது வரையில் 1500 நூல்கள் மற்றும் மொழி வழிகாட்டல் கைநூல்கள் உள்ளடங்கிய 3000  இறுவட்டுக்கள் தயாரிக்கப்பட்டுள்ளன.
These tools are made use of in the programmes organized by the Ministry for implementation of the Official Language Policy.,இந்த  கருவிகளானவை அமைச்சினால் ஏற்பாடு செய்யப்படும் அரசகரும மொழிக் கொள்கையை அமுற்படுத்தல் பற்றிய நிகழ்ச்சித் திட்டங்களின் போது பயன்படுத்தப்படுகின்றன.
Technical training on Preparation of Language Plans,மொழித் திட்டங்களை தயாரித்தல் பற்றிய தொழில்நுட்பப் பயிற்சி
The Needs Assessment Workshop with regard to carrying out technical training for preparation of language plans of the government institutions was conducted with the contribution of the Asia Foundation.,அரச நிறுவனங்களில் மொழித் திட்டங்களை தயாரித்தல் தொடர்பிலான தொழில்நுட்பப் பயிற்சி நடவடிக்கைகளை மேற்கொள்ளுதல் தொடர்பிலான தேவைகளை இனங்காணும்  பயிற்சிப்பட்டறையானது ஆசியா பவுன்டேசன் நிறுவனத்தின் பங்களிப்புடன் இடம்பெற்றது.
"Subsequently, the compilation of the following hand books on preparation of language plans of the government institutions took place.","அதன் பின்னர், அரச நிறுவனங்களில் அரசகரும மொழிக் கொள்கையை தயாரிப்பது தொடர்பில் கீழ் வரும் கைநூல்களை தயாரிக்கும் பணியானது இடம்பெற்றது."
Hand book of simple language guidelines for preparation of language plans at Ministry and Department level,அமைச்சு மற்றும் திணைக்கள மட்டங்களில் மொழித் திட்டத்தை தயாரித்தல் தொடர்பிலான மொழி வழிகாட்டி கைநூல்
Hand book of simple language guidelines for preparation of language plans of the District Secretariats and Divisional Secretariats,மாவட்டச் செயலகம் மற்றும் பிரதேச செயலகம் ஆகியவற்றில் மொழித் திட்டம் தயாரிப்பது தொடர்பிலான இலகுவான வழிகாட்டிக்  கைநூல்
Hand book of simple language guidelines for empowerment of Ministerial Focal Point Officers on preparation of language plans,அமைச்சின் மைய உத்தியோகத்தர்களை மொழித் திட்டங்கள் தயாரிப்பது தொடர்பில்  வலுவூட்டுவற்கான இலகுவான வழிகாட்டிக் கைநூல்
Preparation of the hand book of issue-solutions to manage the calls received by the Language Call Center with regard to preparation of language plans.,மொழித் திட்டங்கள் தொடர்பில்  மொழி அழைப்பு நிலையத்திற்குக் கிடைக்கும் அழைப்புகளை முகாமைத்துவம் செய்வது தொடர்பிலான பிரச்சினை-தீர்வு பற்றிய கைநூலைத் தயாரித்தல்.
Training of technical officers on utilizing these hands book in preparation of language plans was carried out with the financial contribution of the National Language Project and the technical contribution of the Asia Foundation.,இக் கைநூல்களைப் பயன்படுத்தி மொழித் திட்டங்களைத் தயாரித்தல் தொடர்பில் தொழில்நுட்ப உத்தியோகத்தர்களுக்கு பயிற்சியளிக்கும் செயற்பாடானது தேசிய மொழிகள் செயற்றிட்டத்தின் நிதியுதவி மற்றும் ஆசியா பவுண்டேசன் நிறுவனத்தின் தொழில்நுட்பப் பங்களிப்பு ஆகியவற்றின் கீழ் இடம்பெற்றது.
"Accordingly, empowering of 54 officers of the Ministry and its affiliated institutions as Language Plan Technical Committee Officers took place.","அந்த வகையில், அமைச்சு மற்றும் அதன் கீழுள்ள நிறுவனங்களின் 54 உத்தியோகத்தர்களை மொழித் திட்டமிடல் தொழில்நுட்ப உத்தியோகத்தர்களாக வலுவூட்டுவதற்கான செயற்பாடு  மேற்கொள்ளப்பட்டது."
"These officers contribute the technical knowledge in the training programmes on preparation of language plans, conducted by the Ministry.",இந்த உத்தியோகத்தர்கள் அமைச்சினால் ஒழுங்கு செய்யப்படும் மொழித்திட்டம் தயாரிப்புப் பயிற்சி நிகழ்ச்சித்திட்டங்களில் தொழில்நுட்ப ஒத்துழைப்பை வழங்குவர்.
03. Contribution to the Language Road Map programme.,03. மொழி வழிகாட்டல் நிகழ்ச்சித் திட்டத்திற்கான பங்களிப்பை வழங்குதல்
Contributing towards the Language Road Map of the Ministry,அமைச்சின் மொழி வழிகாட்டல் திட்டத்திற்கு பங்களிப்புச் செய்தல்
Language Road Map can be introduced as a five-year strategic plan for efficient and effective implementation of the Official language Policy in government institutions.,அரச நிறுவனங்களில் அரசகரும மொழிக்கொள்கையை வினைத்திறனாகவும் பயனுறுதியாகவும் அமுற்படுத்துவதற்கான ஐந்தாண்டு மூலோபாயத் திட்டமிடலாக மொழி வழிகாட்டல் திட்டத்தை அறிமுகப்படுத்தலாம்.
"while this is a document installed  within Ministries from the ground level to the national level, it contains the strategic plans and policy solutions relevant to efficient and effective implementation of the Official Language Policy in the respective institutions.","இந்த ஆவணமானது அமைச்சுகளின் அடி மட்டத்தில் இருந்து தேசிய மட்டம் வரையில்  நிலைபெறும் என்பதுடன், அதனூடாக ஒவ்வொரு அரச நிறுவனமும் மொழிக் கொள்கையை வினைத்திறனாகவும் செயற்திறனாகவும் அமுற்படுத்துவதற்குரிய மூலோபாய மற்றும் கொள்கை ரீதியான தீர்வுகள் வழங்கப்பட்டுள்ளன."
"Compilation of the simplified Road Map document containing the facts to be considered by the other Ministries in the preparation of their Road Maps, is yet another undertaking being carried out with the technical contribution of the National Language Project.",மொழி வழிகாட்டல்  திட்டங்களை ஏனைய அமைச்சுகளில் தயாரிக்கும் வேளையில் கவனத்திலெடுக்க வேண்டிய விடயங்கள் அடங்கிய  எளிய நடைமுறையிலான மொழி வழிகாட்டல் திட்டமிடல் ஆவணமானது  தேசிய மொழிகள் செயற்றிட்டத்தின் தொழில்நுட்பப் பங்களிப்புடன் இடம்பெறும் மற்றுமொரு பணியாகும்.
"Whilst all the documents are available in Sinhala, Tamil and English languages, these documents need to be revised in line with the subject scope of the new Ministry.","குறித்த ஆவணங்கள் அனைத்தும் சிங்களம், தமிழ் மற்றும் ஆங்கில மொழிகளில் பெற்றுக்கொள்வதற்கு  இயலுமாக இருப்பதுடன், புதிய அமைச்சின் விடயப்பரப்பிற்கு அமைவாக உள்ளடங்க வேண்டிய விடயங்களும் உள்ளடக்கப்பட்டு மீண்டும் தயாரிக்கப்பட வேண்டியுள்ளது."
Concluding Ceremony of the National Language Project,தேசிய மொழிகள் செயற்றிட்டத்தின் நிறைவு நிகழ்ச்சி
This event was held in Colombo on 24.04.2015.,இந்த நிகழ்ச்சியானது  2015.04.24 ஆம் திகதி கொழும்பில் இடம்பெற்றது.
"During the course of the event, discussions and presentations based on the success of the national language  projects carried out from the initial stages up to now took place.",இதன் போது  தேசிய மொழிகள் செயற்றிட்டத்தின் ஆரம்பத்தில் இருந்து இதுவரையில் மேற்கொள்ளப்பட்ட நிகழ்ச்சித் திட்டங்களின் வெற்றிகள் தொடர்பிலான கலந்துரையாடல்கள் மற்றும் முன்நிலைப்படுத்தல்கள்  இடம்பெற்றன.
"During the course of the event, of the projects initiated by the National Language Project, those projects to be continued in the future as well were discussed.","இந்த நிகழ்ச்சித் திட்டத்தின் போது, தேசிய மொழிகள் செயற்றிட்டத்தின் மூலம்  ஆரம்பிக்கப்பட்டதும்  எதிர்காலத்தில்  முன்னெடுக்கப்பட வேண்டியதுமான வேலைத்திட்டங்கள் பற்றியும் கலந்துரையாடப்பட்டது."
"In the sidelines of the programme, an attempt at obtaining a rough understanding of the network systems needed for the future activities of the Ministry also made.","மேலும், இந்த நிகழ்வின் இடையில், அமைச்சினால்  மேற்கொள்ளப்படுகின்ற  எதிர்கால நடவடிக்கைகளுக்கு தேவைப்படுகின்ற வலைப்பின்னல் நடவடிக்கைகள் பற்றிய சுமாரான விளக்கத்தைப் பெற்றுக்கொள்ளும் நடவடிக்கையும் இடம்பெற்றது."
04.Programme on the establishment of Regional level innovative models,04. பிரதேச மட்டத்தில் புத்தாக்க மாதிரிகளை கட்டியெழுப்பும்  நிகழ்ச்சித்திட்டங்கள்
"Under this programme, 02 needs assessment workshops were conducted to identify the needs in providing technical training relevant to the preparation of language plans of the government institutions.","இந்த நிகழ்ச்சித்திட்டத்தின் கீழ், அரச நிறுவனங்களில் மொழித் திட்டங்களை தயாரிப்பது தொடர்பில் தொழில்நுட்பப் பயிற்சி நடவடிக்கைகளை மேற்கொள்வது தொடர்பிலான தேவைகளை  இனங்காணும் பயிற்சிப் பட்டறைகள் இரண்டு(02)  இடம்பெற்றன."
Preparation of the Hand Book of issues- solutions essential for managing the calls received by the Language Call Center with regard to preparation of Language Plans,மொழித் திட்டங்களை தயாரிப்பது தொடர்பில் அழைப்பு நிலையத்திற்கு கிடைக்கும் அழைப்புகளை முகாமைத்துவம் செய்வதற்கான பிரச்சினை–தீர்வு கைநூலை தயாரித்தல்
Compiling the handbook of Simple Language Guidelines for preparation of language plans at Ministerial and Departmental level took place.,அமைச்சு மற்றும்  திணைக்கள மட்டங்களில் மொழித் திட்டங்களை தயாரிப்பது தொடர்பில்  எளிய வடிவிலான  மொழி வழிகாட்டி  கைநூல் தயாரித்தல் இடம்பெற்றது.
The ministry was introduced the Innovative Model Centres expansion programme aimed at extending the concept of Innovative Model centres to the other government institutions as well.,புத்தாக்க மாதிரி எண்ணக்கருவை ஏனைய அரச நிறுவனங்களுக்கும் விரிவடையச் செய்வதற்கான புத்தாக்க மாதிரி விரிவுப்படுத்தல் நிகழ்ச்சித் திட்டத்தை இந்த அமைச்சுக்கு அறிமுகப்படுத்தும் நிகழ்வு இடம்பெற்றது.
"Accordingly, 04 Divisional Secretariats and 02 Pradesheeya Sabha are developed by the ministry as Innovative Model Centres.","அந்த வகையில், தெரிவு செய்யப்பட்ட 04 பிரதேச செயலகங்கள்  மற்றும் 02 பிரதேச சபைகள் ஆகியவற்றை புத்தாக்க மாதிரிகளாக கட்டியெழுப்பும் நடவடிக்கையானது இந்த அமைச்சினால் மேற்கொள்ளப்படுகின்றது."
05.Empowerment of Provincial Centres,05. மாவட்ட நிலையங்களை வலுவூட்டல்
The National Languages Project has provided Infrastructure facilities for the Sabaragamuwa Provincial Center and  technical assistance for the programmes being conducted by the representatives of language associations in collaboration with Sabaragamuwa Provincial Centre.,சபரகமுவ மாகாண நிலையத்தின் உட்கட்டமைப்பு வசதிகளை பெற்றுக்கொடுத்தல் மற்றும் சபரகமுவ மாகாண நிலையத்துடன் இணைந்து மொழிச் சங்கங்களின் பிரதிநிதிகள் மூலம் மேற்கொள்ளப்படும் நிகழ்ச்சித் திட்டங்களுக்கான தொழில்நுட்பப் பங்களித்தல் ஆகியன தேசிய மொழிகள் செயற்றிட்டத்தால் வழங்கப்பட்டுள்ளன.
The Management Planning bill for maintaining a good management of the Provincial centers has been handed over to the Ministry.,மாகாண நிலையங்களில் மிகச்சிறந்த முகாமைத்துத்தை  முன்னெடுப்பது தொடர்பில் தயாரிக்கப்பட்ட மாகாண நிலையங்களுக்கான முகாமைத்துவச் சட்டமூலம் இந்த அமைச்சுக்கு ஒப்படைக்கப்பட்டுள்ளது.
Performance as per the Action Plan,செயற்றிட்டத்தின் பிரகாரம் செயலாற்றுகை
Financial Progress of the Language Division,தேசிய மொழிகள் பிரிவுக்கான நிதிசார் முன்னேற்றம்
01. National Languages development programme,01. தேசிய மொழிகள் அபிவிருத்தி நிகழ்ச்சித்திட்டம்
02. Bilingual Public action programme.,02. இருமொழி மக்கள் செயற்பாட்டு நிகழ்ச்சித்திட்டம்
03. Trilingual programme.,03. மும்மொழி நிகழ்ச்சித்திட்டம்
Estimated expenditure,மதிப்பிடப்பட்ட  செலவு
Actual expenditure.,உண்மையான செலவினம்
3.2.Social Integration and Ethnic Affairs Division,3.2. சமூக ஒருமைப்பாடு மற்றும் இன விவகாரப் பிரிவு
"Creating a better society for all the people to live on the basis that all the people living in a country are its citizens, will lead the country towards the development.",ஒரு நாட்டிலே வாழுகின்ற அனைவரும் அந்நாட்டின் பிரசைகள் என்ற அடிப்படையில் அனைவரும் வாழ்வதற்கான சிறந்த சமூகமொன்றை உருவாக்குவதானது அந்நாட்டின் அபிவிருத்திக்கு வழிசமைக்கும்.
There must be a clear path in order to achieve that target.,அப்பணியினை நிறைவேற்ற வேண்டுமாயின் சரியான  பாதையொன்றினைத் தாபித்தல் வேண்டும்.
"For instance, we should work within the framework of an appropriate policy.","அதாவது, சரியான கொள்கையொன்றுக்கு உட்பட்டவாறு செயலாற்றுதல் வேண்டும்."
"However, there had not been a policy for social integration in the country and hence the Ministry of National Languages and Social Integration stepped forward to formulate the National Policy for Social Integration.",சமூக ஒருமைப்பாடு தொடர்பாக நாட்டிலே கொள்கையொன்று இருக்கவில்லை. எனவே இவ்வமைச்சின் சமூக ஒருமைப்பாடு  மற்றும்  இன விவகாரப் பிரிவானது அதனை வகுக்கும் நடவடிக்கையை மேற்கொண்டது.
"The objectives of this policy are promoting a sense of responsibility in all citizens as equal partners in the process of promoting social integration and creating a sense of belongingness to the society, creating a society nourished by the pillars of discipline, education and empowerment and strengthening the basis of social integration policy.","சமூக  ஒருமைப்பாட்டை கட்டியெழுப்புவதற்கு அனைத்து குடிமகனும் சம பங்குதாரர் எனும் கடப்பாட்டினை ஏற்படுத்துதல், தாம் சமூகத்துக்கு உரித்தானவர் என்ற மனநிலையை மேம்படுத்துதல், சமூக ஒருமைப்பாட்டினால் போசிக்கப்பட்ட  ஒழுக்கநெறி, கல்வி, மற்றும் வலுவூட்டல் எனும் தூண்களால் கட்டியெழுப்பப்பட்ட  சமூகத்தினை உருவாக்கல் , சமூக ஒருமைப்பாட்டு கொள்கை அடிப்படையை வலுவூட்டல் ஆகியவற்றின் மூலம் அனைவரையும் சமூகமயப்படுத்தலே இந்த கொள்கையின் நோக்கமாகும்."
One of the objectives of this process is  identifying the importance of Communication and a common media with a sense of social responsibility as an inter-medium that could contribute towards social integration.,இச்செயற்பாட்டின் போது சமூக ஒருமைப்பாட்டுச் செயற்பாட்டிற்கு வழிசமைக்கும் இடை ஊடகங்களாக மொழித்தொடர்புகள் மற்றும் சமூகப் பொறுப்பு பற்றிய கடப்பாட்டைக் கொண்ட பொது ஊடகமொன்றின் முக்கியத்துவத்தை இனங்காண்பதும் இதன் மற்றொரு நோக்கமாகும்.
3.2.1 Social Integration Week,3.2.1  சமூக ஒருமைப்பாட்டு வாரம்
Cabinet approval had been granted on 2012/07/19 to hold social integration week annually.,ஒவ்வொரு வருடமும் சமூக ஒருமைப்பாட்டு வாரத்தினை நடாத்துவதற்காக அமைச்சரவை அனுமதியானது 2012/07/19 ஆம் திகதி வழங்கப்பட்டுள்ளது.
"Although Social Integration Week was not held due to the changes took place in the country in 2015, several parallel programmes, such as social welfare and educational programmes were held island-wide.","2015 ஆம் ஆண்டில், அரசாங்கத்தில் ஏற்பட்ட மாற்றம் காரணமாக  சமூக ஒருமைப்பாட்டு வாரத்தினை நடாத்தமுடியவில்லை. ஆயினும், அதற்குச் சமாந்தரமாக சமூக நலன்புரி, கல்வி நிகழ்ச்சித்திட்டங்கள் நாடளாவிய ரீதியில் நடாத்தப்பட்டன."
"There are several ethnic groups based on race, caste, religious beliefs, cultural background and gender living in the society.","இனம், சாதி, வகுப்பு, மத நம்பிக்கை, பண்பாட்டுப் பின்னணி, மொழி, பால்நிலை என்பவற்றின் அடிப்படையில்  வேறுபட்ட இனக்குழுக்கள் சமுதாயத்தில் வாழ்கின்றனர்."
All these groups and ethnic divides stand united and carry out programmes contributing labour with commitments.,"இந்த அனைத்துக் குழுக்களும், இனப்பிரிவுகளும் ஒன்றோடு ஒன்றிணைந்து அவர்களது உழைப்பை அர்ப்பணித்து வேலைத் திட்டங்களை ​செயற்படுத்துகின்றனர்."
These programmes are carried out such a way that the benefits of them reach all the people living in the society.,அதன் பலன்கள் சமுதாயத்தில் வாழ்கின்ற அனைவரையும் சென்றடையும் குறிக்கோளுடன் இந்த நிகழ்ச்சித்திட்டங்கள் செயல்முறைப் படுத்தப்படுகின்றன.
"On that basis, programmes carried out on regional level with the contribution of the people of the society is one of the programmes of social integration week.","அதனடிப்படையில், பிரதேச மட்டத்தில் சமுதாய மக்களின் பங்களிப்புடன் முன்னெடுக்கப்பட்ட நிகழ்ச்சித்திட்டங்களானவை சமூக ஒருமைப்பாட்டு வாரத்தின் அடிப்படை நிகழ்ச்சித்திட்டங்களில்  ஒன்றாகும்."
"Under this programme, essential basic facilities such as rehabilitation of pre-schools, children parks, health facilities, elders' homes, community centres and supplying drinking water, rehabilitating bridges, roads, school buildings were carried out.","சமுதாயத்தின் பங்களிப்புடன் முன்பள்ளி, சிறுவர் பூங்கா, சுகாதார வசதிகள், முதியோர் இல்லம், பராமரிப்பு நிலையம், சனசமூக நிலையம் ஆகியவற்றை புனர்நிர்மாணம்  செய்தல், குடிநீர் வசதியை வழங்குதல், பாலம், வீதி, பாடசாலை கட்டிடங்கள் புனர்நிர்மாணம் செய்தல் போன்ற அத்தியாவசியமான அடிப்படை வசதிகளானவை இந்நிகழ்ச்சித்திட்டத்தின் கீழ் அபிவிருத்தி செய்யப்பட்டுள்ளன."
"In the year 2015, two programmes per district were carried out.","2015 ஆம் ஆண்டில், ஒரு  மாவட்டத்திற்கு  இத்தகைய இரண்டு நிகழ்ச்சித் திட்டங்கள் வீதம்  நிறைவேற்றப்பட்டுள்ளன."
Community centre prior to the rehabilitation,சனசமூக நிலையமானது  புனர்நிர்மாணம் செய்வதற்கு முன்னர்
Community centre after the rehabilitation,சனசமூக நிலையமானது புனர்நிர்மாணம் செய்யப்பட்டதன் பின்னர்
"One of the main programmes of the Social Integration Week was the conducting of the year 5 scholarship program, aimed at empowering school children gain access to education as one of the seven elements of social integration.",சமூக ஒருமைப்பாட்டின் ஏழு மூலகங்களில் ஒன்றான கல்விக்கான அணுகுமுறையை பெற்றுக்கொள்வதன் நிமித்தம் பாடசாலை மாணவர்களை வலுவூட்டும் நோக்கத்தில் நாடளாவிய ரீதியில் தரம் ஐந்திற்கான புலமைப்பரிசில் நிகழ்ச்சித்திட்டங்கள் நடாத்தப்பட்டமை சமூக ஒருமைப்பாட்டு வாரத்தின் பிரதானவொரு நிகழ்ச்சித்திட்டமாகும்.
"Under this programme, steps were also taken to hold a discussion based on answering model question papers of year 5 scholarship examination  for students of difficult areas.",இதனூடாக தரம்  ஐந்து புலமைப் பரிசில் பரீட்சைக்குத் தயாராகும்   தூரப்பிரதேச மாணவர்களுக்கு மாதிரி வினா விடை பற்றிய கலந்துரையாடல் மற்றும் பதிலளிக்கும் முன்னாயத்தப் பயிற்சி ஒன்றினை வழங்குவதற்கும் நடவடிக்கை எடுக்கப்பட்டது.
"Under this programme commenced in 2013, two programmes per district were carried out.",2013 ஆம் ஆண்டிலே ஆரம்பிக்கப்பட்ட இந்நிகழ்ச்சித்திட்டத்தில்  ஒரு மாவட்டத்திற்கு இரண்டு நிகழ்ச்சித்திட்டங்கள் வீதம் செயற்படுத்தப்பட்டன.
"In compliance with  the requests received, 79 such programmes were conducted in 2015; 38 Of them 38 were Sinhala medium programmes while 41 were Tamil medium programmes.","விடுக்கப்பட்ட வேண்டுகோள்களுக்கு அமைவாக, 2015 ஆம் ஆண்டிலே இவ்வாறான நிகழ்ச்சித்திட்டங்கள் 79 செயற்படுத்தப்பட்டதுடன், சிங்கள மொழியில் 38 நிகழ்ச்சித்திட்டங்களும் தமிழ் மொழியில் 41 நிகழ்ச்சித்திட்டங்களும்  நடாத்தப்பட்டன."
"In 2015, 11862 Sinhala medium students and 11793 Tamil medium students were benefitted out of these programmes.","2015 ஆம் ஆண்டில், 11862  சிங்கள மொழிமூல மாணவர்களும் 11793  தமிழ் மொழிமூல மாணவர்களும் இதனூடாக நன்மையடைந்துள்ளனர்."
"In 2015,45 social integration programmes parallel to Social integration week with the contribution of language societies were implemented.","2015 ஆம் ஆண்டில், சமூக ஒருமைப்பாட்டு வாரத்திற்குச் சமாந்தரமாக மொழிச்சங்கங்களின் பங்களிப்புடன் 45 சமூக ஒருமைப்பாட்டு நிகழ்ச்சித்திட்டங்கள் செயற்படுத்தப்பட்டன."
"Under these programmes, there were programmes to develop friendliness, knowledge of language, skills and attitude among ethnic groups and initiatives to prepare name boards in three languages in Monaragala and Buttala Divisional Secretariats.","அதனூடாக இனங்களுக்கிடையில் நட்புறவு, மொழியறிவு, திறன்  மற்றும்  மனப்பாங்கு விருத்தி நிகழ்ச்சித்திட்டங்கள் இடம்பெற்றதுடன் மொனராகலை மற்றும் புத்தளை பிரதேச செயலக அலுவலகங்களில் அறிவித்தல் பலகைகளை மும்மொழிகளிலும்  தயாரிக்கும் பணிகளும் மேற்கொள்ளப்பட்டன."
"Through these programmes, many benefits such as improvement of education, economic and infrastructure facilities, building of mutual understanding and trust among ethnic groups, awareness of social integration were granted to the marginalized general public.","இந்த நிகழ்ச்சித்திட்டங்களின் ஊடாக வலுவூட்டல் உட்பட  கல்வி, பொருளாதார உட்கட்டமைப்பு வசதிகளை மேம்படுத்தல், இனங்களுக்கு இடையில் புரிந்துணர்வினையும்  நம்பிக்கையையும் கட்டியெழுப்புதல், சமூக ஒருமைப்பாடு தொடர்பான விழிப்பூட்டல் போன்றவற்றின் ஊடாக சமூகத்திலிருந்து ஓரங்கட்டப்பட்ட இனப்பிரிவினருக்கு பல்வேறு நன்மைகள் பெற்றுக்கொடுக்கப்பட்டன."
"Programmes of this nature were carried out with the objective of taking the multi-ethnic, multi-religious, peaceful country with several social strata respecting one another towards accelerated development.","பல்லின, பல மதங்கள் மற்றும் பல்வேறு சமூக மட்டங்களைக் கொண்டுள்ள இந்நாட்டை அமைதியாகவும், ஒற்றுமையாகவும் ஒருவருக்கொருவர் மதிப்பளித்து துரித அபிவிருத்தியினை நோக்கி பயணிக்கும் ஒரு நாடாக மாற்றியமைக்கும் நோக்குடன் இவ்வாறான நிகழ்ச்சித்திட்டங்கள் செயற்படுத்தப்பட்டுள்ளன."
3.2.2 Mobile Services for providing legal Documents,3.2.2  சட்ட ஆவணங்களை பெற்றுக் கொடுப்பதற்கான நடமாடும் சேவைகள்
The objective of this programme is to provide the impoverished people in the society with  basic legal documents essential to live as one of the fellow citizens in the society by creating mutual trust among all Sri Lankans regardless of ethnic differences.,இன பேதமின்றி அனைத்து இலங்கையர்கள் மத்தியிலும் பரஸ்பர நம்பிக்கையினை கட்டியெழுப்பி சமூகத்தின் வசதிவாய்ப்பற்ற குழுக்களுக்கு சமவாய்ப்பினை பெற்றுக்கொடுப்பதன் ஊடாக பிரசைகளில் ஒருவராக சமூகத்திலே வாழ்வதற்கு அவசியமான  அடிப்படைச் சட்ட ஆவணங்களைப் பெற்றுக்கொடுப்பதே இந்நிகழ்ச்சித்திட்டத்தின் நோக்கமாகும்.
"While steps were taken to  provide the people with an opportunity to obtain all these services in one place, all these services were provided to the people free of charge without any interruption.","ஒரே இடத்தில் இந்த அனைத்துச் சேவைகளையும்  மக்கள் தடையின்றி பெற்றுக்கொள்வதற்குத் தேவையான அனைத்து வசதிகளும் வழங்கப்பட்டதுடன், இந்த சேவைகள் அனைத்தும் பொது மக்களுக்கு இலவசமாகவும் பெற்றுக்கொடுக்கப்பட்டன."
"(For instance, charges for photos and stamps for NIC, birth certificates, marriage certificates and death certificates and charges for new marriages were provided with individuals concerned without being charged.)","(உதாரணமாக தேசிய அடையாள அட்டைக்குத் தேவையான புகைப்படங்கள் மற்றும் முத்திரைகள், பிறப்புச் சான்றிதழ், விவாகச் சான்றிதழ் மற்றும் மரணச் சான்றிதழ் என்பவற்றிற்காக அறவிடப்படுகின்ற கட்டணங்கள் மற்றும் புதிய திருமணங்கள் தொடர்பிலான கட்டணங்கள் ஆகியன சம்பந்தப்பட்ட நபர்களிடமிருந்து அறவிடப்படாமல் பெற்றுக் கொடுக்கப்படுகின்றன.)"
"While this enables people to save time and labour, this also helps them to obtain the NIC, the document essential to establish their identity as citizens and thereby get themselves socialized.","இதனூடாக மக்களுக்கு காலமும்  சிரமமும்  மீதப்படுத்தப்படுவதுடன், பிரசை  என்ற ரீதியில் தமது ஆளடையாளத்தை உறுதிப்படுத்திக் கொள்வதற்கான அடிப்படை ஆவணமான தேசிய அடையாள அட்டையை  பெற்றுக்கொள்வதற்கான வாய்ப்பு ஏற்படுவதால் அதனூடாக அவர்கள் சமூகமயமாக்களுக்கு உட்படுத்தப்படும் வாய்ப்பும் ஏற்படுகின்றது."
"Mobile services were conducted for providing Civic Documentations, covering five Divisional Secretariats in the year 2015.","2015 ம் ஆண்டில், பிரதேச செயலகப் பிரிவுகள் ஐந்தினை உள்ளடக்கும் விதத்தில் சட்ட ஆவணங்களை வழங்கும் நடமாடும் சேவைகள் நடாத்தப்பட்டன."
"These mobile services were conducted in Hanguranketa, Walapane, Ayagama, Pelmadulla and Hali-ella divisional secretariats.","இவை ஹிங்குராங்கெத்த, வலப்பனை, அயகம, பெல்மடுல்ல மற்றும் ஹாலிஎல ஆகிய பிரதேச செயலகப் பிரிவுகளில்  நடாத்தப்பட்டன."
"In addition to that, 5000 Legal Documentation folders with details  were printed and distributed among all the families each in Kiriella Divisional Secretariat to keep their legal documents safely.","இதற்கு மேலதிகமாக, கிரியல்ல பிரதேச செயலகப் பிரிவிலுள்ள மக்களுக்காக அவர்களின் அடிப்படைச் சட்ட ஆவணங்களை பாதுகாப்பாக பேணும் வகையில் அனைத்து குடும்பங்களுக்கும் ஒரு கோவை என்ற ரீதியில் சட்ட  விபரங்களுடன் கோவைகள் 5000 அச்சிடப்பட்டு வழங்கப்பட்டுள்ளன."
"Services rendered,","இங்கு வழங்கப்பட்ட  சேவைகளானவை,"
Issuance of National- Identity Cards-NICs have been provided to about 967 individuals in 2015.,தேசிய அடையாள அட்டையைப் பெற்றுக் கொடுத்தல்- 2015 ஆம்  ஆண்டிலே சுமார் 967 நபர்களுக்கு தேசிய அடையாள அட்டையானது பெற்றுக் கொடுக்கப்பட்டுள்ளது.
"Issuance of birth certificates, registration of late births, making amendments, probable birth certificates-about 2073 documents of the above nature have been issued in 2015.","பிறப்புச் சான்றிதழ்களைப் பெற்றுக் கொடுத்தல், காலம் கடந்து பிறப்பினை பதிதல், திருத்தங்கள் மேற்கொள்ளல், அண்ணளவான வயதுச் சான்றிதழ்கள் பெற்றுக் கொடுத்தல்-2015 ஆம் ஆண்டில் மேற்படி ஆவணங்கள் கிட்டத்தட்ட  2073 பெற்றுக் கொடுக்கப்பட்டுள்ளன."
"Registrations of new marriages-30 couples, who had been living together without married, were registered free of charge in 2015.",புதிய விவாகங்களை செய்து வைத்தல்-2015 ஆம் ஆண்டில் மாத்திரம் விவாகமாகாது ஒன்றாக வாழ்க்கை நடாத்திய 30 நபர்களுக்கு இலவசமாக விவாகப் பதிவு செய்து வைக்கப்பட்டது.
Issuing of police reports  for lost National Identity Cards - Police reports were issued in place of lost NICs free of charge.,காணாமற்போன அடையாள அட்டைகளுக்காக காவல்துறை அறிக்கைகளை வழங்குதல் - காணாமற்போன தேசிய அடையாள அட்டைகளுக்காக காவல்துறை அறிக்கைகள்  இலவசமாக  பெற்றுக் கொடுக்கப்பட்டுள்ளன.
"Issuing Passports, Issuing Certificates of Justice of Peace - Steps were also taken to provide affidavits in relation to NIC’s, Birth, Marriage and Death Certificates.","கடவுச் சீட்டுக்களைப் பெற்றுக் கொடுத்தல், சமாதான நீதவான் சான்றிதழ்களைப் பெற்றுக் கொடுத்தல் - இதனூடாக தேசிய அடையாள அட்டைகள் மற்றும் பிறப்புச் சான்றிதழ்கள், மரண மற்றும் விவாகச் சான்றிதழ்கள் தொடர்பிலான சத்தியக் கடதாசிகளை பெற்றுக் கொடுப்பதற்கும் நடவடிக்கை எடுக்கப்பட்டுள்ளது."
Issuance of Senior Citizens' Identity Cards - steps were taken to provide Senior Citizens with photos free of charge and thereby to provide NICs.,முதியோர் அடையாள அட்டைகளை பெற்றுக் கொடுத்தல் - சிரேட்ட  பிரசைகளுக்காக இலவசமாக புகைப்படங்களைப் பெற்றுக் கொடுத்து முதியோர் அடையாள அட்டைகளை பெற்றுக் கொடுப்பதற்கும்  நடவடிக்கை எடுக்கப்பட்டுள்ளது.
Approximately 507 Senior Citizens were benefited by this programme in 2015.,2015 ஆம் ஆண்டிலே சுமார் 507 நபர்கள் இதன் மூலம்  நன்மையடைந்துள்ளனர்.
"These Mobile Services were carried out covering especially the Northern and Eastern Provinces, plantation  regions and backward areas.","இந்த நடமாடும் சேவைகளானவை முக்கியமாக வடக்கு, கிழக்கு மாகாணங்கள், தோட்டப்புற பிரதேசங்கள், பின்தங்கிய பிரதேசங்கள் ஆகியவற்றை உள்ளடங்கும் வகையில் நடாத்தப்பட்டுள்ளன."
"(Mullathive, Kilinochchi, Mannar, Batticaloa, Trincomalee, Ampara, Ratnapura, Badulla and Nuwara Eliya Districts)","(முல்லைத்தீவு, கிளிநொச்சி, மன்னார், மட்டக்களப்பு, திருகோணமலை, அம்பாறை, இரத்தினபுரி, பதுளை, நுவரெலியா ஆகிய மாவட்டங்கள்)"
"Since 2013, steps have been taken to conduct mobile services from 2014 based on the statistics identified in 12 districts under the project Equal Access to Justice of the ministry to issue legal documents.",2013 ஆம் ஆண்டு தொடக்கம் அமைச்சின் நீதி நியாயத்திற்காக சமமான அந்தஸ்தினை வழங்கும் செயற்றிட்டத்தின் ஊடாக சட்ட ஆவணங்களை பெற்றுக் கொடுப்பது தொடர்பாக 12  மாவட்டங்களில் மேற்கொள்ளப்பட்ட  ஆய்வின் போது இனங்காணப்பட்ட புள்ளி விபரங்களை அடிப்படையாகக் கொண்டு 2014 ஆம் ஆண்டு முதல் நடமாடும் சேவைகளை நடாத்துவதற்கு நடவடிக்கை எடுக்கப்பட்டுள்ளது.
3.2.3 Youth Camp for Social Integration,3.2.3 சமூக ஒருமைப்பாட்டுக்கான இளைஞர் முகாம்
"The objective of this youth camp is to create a young society knit with wholeheartedly by creating social integration based on peace, co-existence and social integration among youths of different ethnic groups.","பல்வேறு இனங்களைச் சேர்ந்த இளைஞர்களிடையே சமாதானம், சகவாழ்வு மற்றும் சமூக ஒருமைப்பாட்டினை அடிப்படையாகக் கொண்ட சமூக இணக்கப்பாட்டினை ஏற்படுத்துவதன் ஊடாக இதய சுத்தியுடன் கூடிய இளம் சமுதாயம் ஒன்றினை உருவாக்குவதே இந்த இளைஞர் முகாமின் நோக்கமாகும்."
“Social Integration” Youth Camps are held annually by the ministry as one of the special programmes in recognition of them as a leading group capable of taking up the future and bringing about a social change.,"இளம் சமுதாயத்தினரை நாட்டின் எதிர்காலத்தை பொறுப் பேற்கக்கூடிய மற்றும் சமூகத்திலே மாற்றமொன்றினை ஏற்படுத்துவதற்கான செயற்பாட்டிலே முன்னணி வகிக்கக்கூடிய குழுவொன்றாகப் புரிந்து கொண்டு  ஒவ்வொரு ஆண்டிலும் விசேடமான நிகழ்ச்சித்திட்டங்களில்  ஒன்றாக ""சமூக ஒருமைப்பாட்டு"" இளைஞர் பாசறையானது அமைச்சால் நடாத்தப்படுகின்றது."
"04 Youth Camps per year are organized and there are facilities for about 100-150 males and females around the age of 18-30 representing Sinhala, Tamil and Muslim nationalities to take part in a camp.","ஒரு வருடத்தில் இவ்வாறான பாசறைகள் 04 வீதம் நடாத்தப்படுவதுடன், ஒரு முகாமில் 18  வயதிற்கும்  30 வயதிற்கும் இடைப்பட்ட இளைஞர் யுவதிகள் 100-150 வரையில்  சிங்களம், தமிழ் மற்றும் முஸ்லிம் இனங்களை பிரதிநிதித்துவம்  செய்யும்  வகையில் பங்கேற்பதற்கான  வழிசமைக்கப்பட்டுள்ளது."
"This youth camp includes programmes to develop leadership and skills, lectures by university lecturers, music as a medium of social integration in  establishing  reconciliation amongst the youth, programmes on methods of teaching Tamil, Sinhala and English languages and avenues for youths to expose their talents.","இந்த இளைஞர் முகாமானது தலைமைத்துவம் மற்றும் ஆற்றல் விருத்தி நிகழ்ச்சித்திட்டங்கள், பல்கலைக்கழக விரிவுரையாளர்களின் விரிவுரைகள், நல்லிணக்கத்தை ஏற்படுத்துவதற்கான பிரபல ஊடகமாக சங்கீதத்தை இனங்கண்டு அதனூடாக சமூக ஒருமைப்பாட்டினை இளைஞர்களின் மத்தியில் கொண்டு செல்லும் பொருட்டு சமூக ஒருமைப்பாட்டினை தொனிப் பொருளாகக்கொண்ட இசை நிகழ்ச்சிகள், சிங்களம், தமிழ் மற்றும் ஆங்கிலம் ஆகிய மொழிகளை கற்பிக்கும் புதிய வழிமுறைகள் அடங்கிய தொழிற்பாட்டு நிகழ்ச்சித்திட்டம்  மற்றும் இளைஞர் யுவதிகளின் திறமைகளை வெளிக் காட்டுவதற்கான வாய்ப்பளித்தல் உள்ளிட்ட  பல்வேறு  அம்சங்களை உள்ளடக்குகின்றது."
"In 2015, there were two camps held and about 200 youths participated in them.","2015 ஆம் ஆண்டில் இளைஞர் முகாம்கள் 02 நடாத்தப்பட்டுள்ளதுடன், சுமார் 200 இளைஞர் யுவதிகள் இதில் கலந்துகொண்டுள்ளனர்."
Vocational Training Authority briefed the youths participated in the camp on the trainings available through vocational guidance service and also took action to provide them with employment opportunities.,"தொழிற்பயிற்சி அதிகாரசபையானது இந்த நிகழ்ச்சித்திட்டத்திற்கு சமூகமளித்த  இளைஞர் யுவதிகளுக்கு தொழில் வழிகாட்டல் சேவையின் ஊடாக பெற்றுக்கொள்ளக்கூடியதாக  உள்ள பயிற்சிகள் மற்றும் அதனூடாக ஏற்படுகின்ற தொழில் வாய்ப்புக்கள் பற்றிய விளக்கத்தினை வழங்கியதுடன், தொழில் வாய்ப்பினை பெற்றுக் கொடுப்பதற்கும் நடவடிக்கையை எடுத்தது."
3.2.4 Social Integration Programme for Orphans and Single Parented Children,3.2.4.  பெற்றோரை இழந்த மற்றும் ஒரு பாதுகாவலர் மாத்திரமுள்ள சிறுவர்களுக்கான சமூக ஒருமைப்பாட்டு நிகழ்ச்சித்திட்டம்
Access to Education is one of the goals of the Policy of Social Integration.,கல்விக்கான அணுகுமுறையானது சமூக ஒருமைப்பாட்டு தேசியக் கொள்கையின் ஒர் இலக்காகவுள்ளது.
Attention is focused on preventing any injustice or marginalization within the education sector caused by  socio-economic inequalities or ethnicity or religion in order to provide the right of access to education.,"இந்த உரிமையினை பெற்றுக் கொடுக்கும் வகையில் பொருளாதார, சமூக ஏற்றத்தாழ்வுகள் அல்லது இனத்துவத்தின் அல்லது சமயத்தின் காரணமாக கல்வித் துறையினுள் ஏதும் அநீதி அல்லது ஓரங்கட்டப்படுதல் போன்றவற்றை தடுப்பதற்காக கவனம் செலுத்தப்படுகின்றது."
"A programme to provide school equipment to school  children of marginalized groups, who have a single guardian or lost their parents, has been implemented by our ministry in order to help them gain access to education.",ஓரங்கட்டப்பட்டுள்ள குழுக்களை சேர்ந்த பிள்ளைகளின் கல்விக்கான அணுகுமுறையினை பெற்றுக்கொடுக்கும் பொருட்டு பெற்றோரை இழந்த அல்லது ஒரு பாதுகாவலர் மாத்திரம் உள்ள பாடசாலை பிள்ளைகளுக்கு பாடசாலை உபகரணங்களைப் பெற்றுக் கொடுக்கும் நிகழ்ச்சித் திட்டமொன்று எமது அமைச்சினால் மேற்கொள்ளப்பட்டது.
"This programme was implemented in Puttlam, Kurunegala, Kandy, Batticaloa, Matara and Colombo Districts in the year 2015.","2015ஆம் ஆண்டில், புத்தளம், குருணாகல், கண்டி, மட்டக்களப்பு , மாத்தறை மற்றும் கொழும்பு மாவட்டங்களில் இந்நிகழ்ச்சித்திட்டம்  மேற்கொள்ளப்பட்டுள்ளது."
More than 1270 schools children were benefited.,1270 இற்கும் மேற்பட்ட பாடசாலை மாணவர்களுக்கு வசதிகள் ஏற்படுத்திக் கொடுக்கப்பட்டுள்ளன.
"It helps to draw the attention of the disadvantaged school children towards education by facilitating them and  to socialize them through the development of knowledge, skills and attitudes of vulnerable groups in the community.","இதனூடாக குறைந்த சலுகைகளைப் பெற்றுள்ள மாணவர்களின் கல்விக்கு  வசதியளிப்பதன் மூலம் அவர்களின் கவனத்தை கல்வியில் செலுத்துவதற்கும், சமூகத்திலே இலகுவில் பாதிப்பிற்கு உள்ளாகக்கூடிய குழுக்களின் அறிவு, திறன், மனப்பாங்கு  அகியவை விருத்தியடைவதன் ஊடாக அவர்களை சமூகமயமாக்களுக்கு  உட்படுத்தவும் முடிகின்றது."
3.2.5. Cultural and Religious Programmes,3.2.5 கலாசாரம் மற்றும் மத விழாக்கள்
"Sri Lanka being a multi ethnic country, Sinhala, Tamil and Muslim nationalities live in this country.","பல்லின சமூகங்கள் வாழும்  ஒரு நாடான இலங்கையினுள்  சிங்களவர், தமிழர் மற்றும் முஸ்லிம்கள் ஆகிய இனத்தவர்கள் வாழ்ந்து வருகின்றனர்."
"In accordance with these ethnic groups, their religions and cultures differ from each other.","இந்த இனங்களுக்கு ஏற்ப அவர்களது சமயம், கலாசாரம் என்பன ஒன்றுக்கொன்று மாறுபட்ட வகையில்  காணப்படுகின்றன."
"Such cultural festivals are Thaipongal, Sinhala Hindu New Year festival, Haj Festival, Deepavali and Christmas.","தைப்பொங்கல், சிங்கள-தமிழ் புத்தாண்டு விழா, ஹஜ் விழா, தீபாவளி, சரஸ்வதி பூசை, நத்தார் பண்டிகை என்பன அவ்வாறான கலாசார விழாக்களாகும்."
An event to celebrate different religious and cultural festivals of this nature is held at the ministry annually.,இவ்வாறு ஒன்றுக்கொன்று வித்தியாசமான சமய மற்றும் கலாசார விழாக்களை கொண்டாடும் நிகழ்வானது எமது அமைச்சினால் வருடாந்தம் மேற்கொள்ளப்படுகின்றது.
This event provides an opportunity to learn about the values ​​of different religions and cultures within the same community.,இவ்விழாவானது  ஒரே சமூகத்தினுள் ஒன்றுக்கொன்று  வித்தியாசமான சமய மற்றும் கலாசாரங்களின் பெறுமதிகள் பற்றிய அறிவை பெற்றுக் கொள்வதற்கான சந்தர்ப்பமாக அமைகின்றது.
"This ensures mutual trust, understanding, mutual respect and welcoming amongst each communities living in the society.","அதனூடாக இலங்கைச் சமூகத்தில் வாழுகின்ற ஒவ்வொரு இனத்தவர்களுக்கு  இடையேயும் பரஸ்பர நம்பிக்கை, புரிந்துகொள்ளல் மற்றும் பரஸ்பர கௌரவமளித்தல் ஆகியனவும்  உறுதிபடுத்தப்படுகின்றது."
People belonging to all the ethnic groups take part in these festivals regardless of ethnic differences.,இன பேதமின்றி அனைத்து இனத்தவர்களும் இந்த விழாக்களில் கலந்துகொள்கின்றனர்.
"In 2015, festivals of this nature were conducted by the ministry in Kandy, Matale and Colombo Districts.","2015 ஆம் ஆண்டில், எமது அமைச்சினால் இவ்வாறான விழாக்கள் யாழ்ப்பாணம், கண்டி, மாத்தளை, கொழும்பு ஆகிய மாவட்டங்களில் நடாத்தப்பட்டன."
3.2.6 Providing financial assistance to the Social Integration related activities carried out by other Institutions.,3.2.6  வெளி நிறுவனங்களால் செயற்படுத்துகின்ற சமூக ஒருமைப்பாட்டுக்கான நிதி அனுசரணையை வழங்குதல்.
"With the objective of building Social Integration , events related to social integration are held with the collaboration of other institutions or financing them are done by our ministry.",சமூக ஒருமைப்பாட்டினைக் கட்டியெழுப்பும் நோக்கில் சமூக ஒருமைப்பாட்டுடன் தொடர்புடைய நிகழச்சித்திட்டங்கள் ஏனைய நிறுவனங்களுடன் இணைந்து மேற்கொள்ளல் அல்லது அவற்றுக்கு நிதியளித்தல் ஆகியன எமது அமைச்சினால் மேற்கொள்ளப்படுகின்றன.
"Accordingly, the programmes for which financial assistance was given in 2015 are as follows.",அதன் பிரகாரம் 2015 ஆம் ஆண்டிலே நிதிசார் அனுசரணை பெற்றுக் கொடுக்கப்பட்ட நிகழ்ச்சித் திட்டங்கள் பின்வருமாறு.
Kalutara-Providing wooden furniture for Diri Daru Piyasa Children’s Home (Children with mental retardation)Bandaragama.,களுத்துறை-பண்டாரகம திரிதரு பியச சிறுவர் இல்லத்திற்காக (மனவளர்ச்சி குன்றிய விசேட சிறுவர்கள்) மரத்திலான தளபாடங்கள் வழங்குதல்.
Galle-Providing learning materials and stationeries essential to the special education units of two schools in Thavalama.,காலி-தவலம பிரதேசத்திலுள்ள பாடசாலைகள் இரண்டின் விசேடக் கல்வி வகுப்பறைகளுக்கு  தேவையான கற்றல் உபகரணங்கள் மற்றும் காகிதாதிகள் வழங்குதல்.
(For the school children of the Special Education Units in Vidyaraja Vidyalaya in Thavalama and Mahabodhi Vidyalaya in Panangala),(தவலம வித்யாராஜ வித்தியாலயம்  மற்றும் பனாங்கல மஹாபோதி வித்தியாலத்தின் விசேடற் கற்கை பிரிவில் கல்வி கற்கும் சிறுவர்களுக்காக)
Gampaha-Providing sanitary facilities to the community hall located in Mahaththuwa Grama Niladari Division.,கம்பஹா-மாஹத்துவ கிராம சேவை உத்தியோகத்தர் பிரிவிலுள்ள சனசமூக நிலையத்திற்காக மலசலகூட வசதியை ஏற்படுத்திக் கொடுத்தல்.
Kurunegala-Development Programme for special needs children under “Apen Obata Athwelak” in Kurunegala(five selected Divisional Secretariats in the District),குருணாகலை-குருணாகலையில் எங்களால் உங்களுக்கு உதவியென்ற  நிகழ்ச்சித் திட்டத்தின் கீழ் விசேட தேவைப்பாடுடைய சிறுவர்களுக்கான மேம்பாட்டு நிகழ்ச்சித்திட்டங்கள் (மாவட்டத்தில் தெரிவுசெய்யப்பட்ட பிரதேச செயலகங்கள்  05  இல்)
Puttlam-Socializing school children of less resourced  schools located in difficult areas by assuring their future through vocational training and providing books for school libraries concerned.,புத்தளம்-மிகக் குறைந்தளவு வளங்களையுடைய  தூரப் பிரதேசங்களிலுள்ள பாடசாலை மாணவர்களின் எதிர்காலத்திற்காக அவர்களை தொழில் வழிகாட்டல் ஊடாக  சமூகமயப்படுத்தல் மற்றும்  பாடசாலைகளின் நூலகங்களுக்கு புத்தகங்களை வழங்குதல்.
"(Sinhala, Tamil and Muslim students of 04 selected schools in Vanathawilluwa and Kalpitiya Divisional Secretariats)","(வனாத்தவில்லுவ, மற்றும் கல்பிட்டி பிரதேச செயலகப் பிரிவுகளில் தெரிவுசெய்யப்பட்ட சிங்களம், தமிழ், முஸ்லிம் பாடசாலைகள் நான்கின் மாணவர்கள்)"
"Matara- thihaagoda,Fostering national unity in the hearts of the children by wall painting",மாத்தறை - திஹகொட  சுவர் ஓவியங்களால் சிறுவர்களின் இதயத்தில் தேசிய ஐக்கியத்தை ஏற்படுத்தல்
(Painting competition for school children and awareness programme on language policy/social integration),(பாடசாலை சிறுவர்களுக்கான சித்திரப் போட்டி மற்றும் மொழிக்கொள்கை/சமூக ஒருமைப்பாடு தொடர்பிலான விழிப்பூட்டல்)
Mannar–Programme on peacebuilding and co-existence based on the experience gained by cultural and sports,மன்னார் - கலாசாரம் மற்றும் விளையாட்டின் மூலம் பெற்றுக்கொண்ட  அனுபவத்தின் ஊடாக சமாதானத்தினை கட்டியெழுப்பும்  மற்றும் நல்லிணக்கத்தினை ஏற்படுத்தும் நிகழ்ச்சித்திட்டம்
Jaffna–Providing water and sanitary facilities for Vigneshwara pre-school located in Wadewatta GS Division.,யாழ்ப்பாணம்-வாதவத்த கிராம சேவகர் பிரிவிலுள்ள விக்கினேஸ்வரன் முன்பள்ளிக்கு தேவையான நீர் மற்றும் சுகாதார வசதிகளை பெற்றுக் கொடுத்தல்.
Ratnapura-Building social integration by establishing cooperative education programme in Balangoda,"இரத்தினபுரி-பலாங்கொடை, கூட்டுறவுக் கல்வியினை ஏற்படுத்திக் கொடுப்பதன் மூலம் சமூக ஒருமைப்பாட்டை ஏற்படுத்தல்."
(Establishing library facilities at Rassagala Tamil Vidyalaya and Rassagala Sinhala Vidyalaya),(ராஸ்ஸகல தமிழ் வித்தியாலயம்  மற்றும் ராஸ்ஸகல சிங்கள வித்தியாலயம் ஆகியவற்றுக்கு நூலக வசதிகளை ஆரம்பித்துவைத்தல்)
"Kalutara-04 day educational tour to build National Unity by languages programme-(Grade 10-11 Tamil learning students of Horana, Sripalee Vidyalaya)",களுத்துறை - தேசிய ஐக்கியத்தை மொழி மூலம் கட்டியெழுப்பவதற்கான நான்கு நாள் கல்விச் சுற்றுலா ( ஸ்ரீ பாலி வித்தியாலயத்தின் 10-11 தரங்களை சேர்ந்த தமிழ் மொழியை கற்கும் மாணவர்கள்)
Colombo-Protecting children by preventing child abuse and harassment of children  from taking place in Timbirigasyaya,கொழும்பு - திபிரிகஸ்யாய பிரதேசத்தில் நிகழும் சிறுவர் துஷ்பிரயோகம் மற்றும்  சித்திரவதை ஆகியவற்றை தடுப்பதன் மூலம் சிறுவர் தலைமுறையினை பாதுகாத்தல்
Kelaniya–Empowering programme for differently abled children,களனி - விசேட தேவைப்பாடுடைய சிறுவர்களுக்கு வலுவூட்டும்  நிகழ்ச்சித்திட்டம்
"Agalawatta–Constructing a toilet for students of Tamil Primary School located in Galewatta, Agalawatta.","அகலவத்தை-அகலவத்தை, கலேவத்தை தமிழ் ஆரம்ப பாடசாலைகளின் மாணவர்களுக்காக மலசலகூடத்தினை அமைத்துக் கொடுத்தல்."
Matugama–Constructing a toilet for the Community Hall located at 79 C Badugama Nawajanapada in Matugama Divisional Secretariat.,மத்துகம-மத்துகம பிரதேச செயலகப் பிரிவின் 79 சீ பதுகம நவஜனபத சனசமூக நிலையத்திற்காக பொது மலசலகூடத்தினை அமைத்தல்.
"Colombo– Seethawaka, Senehasaka Thaksalawa Integration programme of students of schools located in the North and South","கொழும்பு - சீதாவக, அன்புக் கூடம் , வடக்கு தெற்கு பாடசாலை  மாணவர்களின் ஒருமைப்பாட்டு நிகழ்ச்சித்திட்டம்"
"(Students and teachers of St.John Bosco College and students and teachers of Nageshwara Vidyalaya in Killinochchi)Further, some programmes are carried out with the provisions of Ministry of Child Development and Women Affairs.","(புனித ஜோன் பொஸ்கொ பாடசாலை ஆசிரிய மாணவர்கள் மற்றும் கிளிநொச்சி நாகேஸ்வர பாடசாலையின் ஆசிரிய மாணவர்கள்) மேலும், சிறுவர் அபிவிருத்தி மற்றும் மகளிர் விவகார அமைச்சின்  நிதி ஒதுக்கீட்டின்  மூலம் நிகழ்ச்சித்திட்டங்கள் செயற்படுத்தப்படுகின்றன."
"Among them, the programmes mentioned below have been conducted.",அவற்றுக்கிடையில்  கீழே குறிப்பிடப்பட்டுள்ள நிகழ்ச்சித்திட்டங்களும் நடாத்தப்பட்டுள்ளன.
The awareness programme on the issues faced by the female employees in the government sector.,அரச சேவையிலுள்ள பெண்கள் முகங்கொடுக்கும் பிரச்சினைகள் தொடர்பாக விழிப்புணர்வூட்டும்  நிகழ்ச்சித் திட்டம்.
Health Clinic.,சுகாதார  மருத்துவ முகாம்.
Programme on prevention of Gender based violence.,பால்நிலை சமத்துவ அடிப்படையில் அமைந்த வன்முறையை ஒழித்தல்.
3.2.7. Conducting dialogues involving religious leaders and community leaders towards enhancing social harmony.,"3.2.7  மதத் தலைவர்கள், சமுதாயத் தலைவர்களை ஒன்றிணைப்பதன் மூலம் நல்லுறவினை விருத்தி செய்தல் தொடர்பிலான கலந்துரையாடலை நடாத்துதல்."
"While this programme was conducted with the objective of fostering mutual understanding among religions at Divisional secretariats and building mutual trust and thereby building a society with mutual respect for each other, multi-religious groups, teachers and students of Damma Schools, civil security group, community leaders, youth teams and government employees participated in the programme.","பிரதேச செயலப்பிரிவில் மதங்களுக்கிடையிலான புரிந்துணர்வினை ஏற்படுத்தி பரஸ்பர நம்பிக்கையை கட்டியெழுப்புவதன் மூலம் ஒருவருக்கொருவர் மதிப்புக் கொடுக்கும் சமுதாயத்தை கட்டியெழுப்பும் நோக்குடன் இந்த நிகழ்ச்சித் திட்டம் நடாத்தப்பட்டதுடன் சர்வ மதக் குழுக்கள், அறநெறிப் பாடசாலை ஆசிரியர்கள் மற்றும் மாணவர்கள், சிவில் பாதுகாப்புக்குழு, சமுதாயத் தலைவர்கள், இளைஞர் குழுக்கள் மற்றும்  அரச உத்தியோகத்தர்கள் ஆகியோர் இந்நிகழ்வுக்கு சமூகமளித்திருந்தனர்."
"While the dialogue helped each member get an awareness of the religious and cultural facts of others, it also focused on the disputes taking place among religions and as to how they could be resolved.","இங்கு ஏனைய மதக் கலாசாரங்கள் தொடர்பாக ஒவ்வொருவரும் அறிந்துக் கொள்ளும் அதேவேளையில், பிரதேசத்தில் நிகழும் மதங்களுக்கு  இடையிலான பிரச்சினைகள் மற்றும் அவற்றை தீர்த்துவைக்கும் முறைகள் பற்றிய விடயங்களும்  கலந்துரையாடலில் இடம்பெற்றன."
"Giving priority to mitigate religious issues when cropping up among religions in the society, avoiding religious conflicts among religions, ensuring unity among religions are good deeds done by this programme.","சமுதாயத்தினுள் மதங்களுக்கிடையிலான பிரச்சினைகள் எழும் சந்தர்ப்பங்களில் அவற்றை தடுப்பதற்கு முன்னுரிமை வழங்குதல், மதங்களுக்கிடையில் முரண்பாடுகளை தவிர்த்துக்கொள்ளுதல், மதங்களுக்கிடையிலான ஒற்றுமையை உறுதிப்படுத்திக்கொள்ளுதல் போன்றவை இந்த நிகழ்ச்சித்திட்டத்தின் மூலம் மேற்கொள்ளப்படும் நற்காரியங்களாகும்."
"Programmes of this nature have been carried out at the Divisional Secretariats of Badulla,Matara,Galle and Kegalle Districts.","இவ்வாறான நிகழ்ச்சித்திட்டங்கள் பதுளை, மாத்தறை, காலி மற்றும் கேகாலை மாவட்டங்களிலுள்ள பிரதேச செயலகப் பிரிவுகளில் நடாத்தப்பட்டுள்ளன."
3.2.8. Dialogue with Media towards enhancing social harmony,3.2.8. சகவாழ்வு மேம்பாட்டிற்காக ஊடகக் கலந்துரையாடல் நிகழ்ச்சித் திட்டம்
Financial Progress of the Social Integration and Ethnic Affairs Division,சமூக ஒருமைப்பாடு மற்றும் இன விவகாரங்கள் பிரிவுக்கான நிதிசார்  முன்னேற்றம்
Implementing the National policy on Social integration via stakeholders concerned.,சமூக ஒருமைப்பாடு பற்றிய தேசிய கொள்கையினை  சம்பந்தப்பட்ட  பங்குதாரர்களின் ஊடாக செயற்படுத்தல்.
"Ensuring socialization by effecting changes in knowledge, attitude and skills of vulnerable people.","இலகுவில் பாதிப்பிற்கு உள்ளாக்கக்கூடிய மக்களின் அறிவு, திறன் விருத்தி மற்றும்  மனப்பாங்கு  ஆகியவற்றில்  மாற்றத்தினை ஏற்படுத்துவதன் மூலம் சமூகமயமாக்களை உறுதிப்படுத்துதல்."
Creating awareness on the importance of protecting their uniqueness and developing mutual understanding in the society.,சமூகத்திற்கு மத்தியில் மக்களின் தனித்துவத்தைப் பாதுகாத்தல் மற்றும் பரஸ்பர புரிந்துணர்வினை விருத்தி செய்தல் என்பவற்றின் முக்கியத்துவம்  பற்றிய  விழிப்பூட்டல்.
Estimated cost,மதிப்பிடப்பட்ட செலவு
Actual cost,உண்மையான செலவு
3.3 Administration Division,3.3 நிர்வாகப் பிரிவு
"Main objectives of the administrative branch are maintaining better institutional administrative environment, managing human and physical resources, fulfiling career needs of staff and assisting the ministry in implementing its services.","அமைச்சில் சிறந்த அலுவலக நிர்வாக சூழலை பேணல், மனித மற்றும் பௌதீக வளங்களை முகாமை செய்தல், பணியாற்றொகுதியின் தொழிற்சார் தேவைகளை பூர்த்தி செய்தல், மற்றும் அமைச்சின் சேவைகளை அமுற்படுத்துவதற்கு உதவி புரிதல் போன்றவை நிர்வாகப் பிரிவின் பிரதான நோக்கங்களாகும்."
Functions of the Administrative Branch,நிர்வாகப் பிரிவின் செயற்பாடுகள்
Internal administration of the ministry,அமைச்சின் உள்ளக நிர்வாகம்.
Getting approvals of carder,பதவிகளுக்கான அனுமதியைப் பெறல்.
Preparing Scheme of Recruitment,ஆட்சேர்ப்புத் திட்டங்களை உருவாக்கள்.
"Activities related to appointments, transfers and promotions","நியமனம்  செய்தல், இடமாற்றம்  செய்தல், பதவி உயர்வு அகியவை தொடர்பான நடவடிக்கைகள்"
Maintenance of personal files,தனியார் கோவைகளை பேணுதல்
Disciplinary activities,ஒழுக்காற்று நடவடிக்கைகள்
Training,பயிற்சியளித்தல்
Maintenance of physical resources including building and vehicles,"கட்டிடம், வாகனம் உள்ளடங்களாக அனைத்து பௌதீக வளங்களையும் பேணுதல்"
Coordinating Parliament Advisory Committees,பாராளுமன்ற ஆலோசனைக் குழுக்களை ஒருங்கிணைப்புச் செய்தல்
Preparing cabinet papers,அமைச்சரவை நிருபத்தை  தயாரித்தல்
Performance as per the Action Plan,செயற்றிட்டத்தின் பிரகாரம்  செயலாற்றுகை
Financial Progress of the Administration Division,நிர்வாகப் பிரிவின் நிதிசார் முன்னேற்றம்
"Compulsory Tamil training programme for National Integration Coordinators under the programme of bilingual knowledge improvement-stage I-IV, days 10x06",இருமொழி  அறிவை  மேம்படுத்தல் பற்றிய பயிற்சி  நிகழ்ச்சித்திட்டம் தொடர்பாக/தேசிய ஒருமைப்பாட்டு ஒருங்கிணைப் பாளர்களுக்கு கட்டாயமான தமிழ் பயிற்சிச்சித்திட்டம் - கட்டம்  I-IV தினங்கள் 10x06
Initial training programme meant for National Integration coordinators,தேசிய ஒருமைப்பாட்டு ஒருங்கிணைப் பாளர்களுக்கான ஆரம்பப் பயிற்சி நிகழ்ச்சித்திட்டம்
"Training programme to improve  knowledge, attitude and skills","அறிவு, மனப்பாங்கு மற்றும் திறன் ஆகியவற்றை மேம்படுத்துவதற்கான பயிற்சி நிகழ்ச்சித்திட்டம்"
Programme on Bachelor degree studies,இளமானி பட்டப்படிப்பு நிகழ்ச்சித்திட்டம்
Programme on improvement of vocational training,தொழிற்தேர்ச்சி மேம்பாட்டு பயிற்சி நிகழ்ச்சித்திட்டம்
3.4 Planning Division,3.4 திட்டமிடல் பிரிவு
"The Planning Division is one of the main divisions of the Ministry of National Co-existence, Dialogue and Official Languages.","திட்டமிடல் பிரிவானது, தேசிய சகவாழ்வு, கலந்துரையாடல் மற்றும் அரசகரும மொழிகள் அமைச்சின் பிரதான பிரிவுகளில் ஒன்றாகும்."
"Projects/programs implemented by the ministry to obtain results generated, efficiency, effectiveness are monitored and evaluated.","வௌியிடப்படும் பெறுபேறுகள், வினைத்திறன், விளைத்திறன்  பற்றிய தகவல்களை பெற்றுக் கொள்வதற்காக அமைச்சால் அமுற்படுத்தப்படும் செயற்றிட்டம்/நிகழ்ச்சித்திட்டம் பற்றிய கண்காணிப்பு மற்றும் மதிப்பீடு மேற்கொள்ளப்படும்."
By reviewing the progress monthly and quarterly in terms of reports on the Action Plan and reporting back to the management on the instances of deviations from the expected targets.,"மாதாந்த, காலாண்டு மற்றும் வருடாந்த முன்னேற்ற அறிக்கைகளின் பிரகாரம் முன்னேற்றத்தை பகுப்பாய்வு செய்து உத்தேச இலக்குகளில் இருந்து விலகிச்செல்லும் சந்தர்ப்பங்கள் தொடர்பில் உயர் முகாமைத்துவத்திற்கு அறிக்கை சமர்பிக்கப்படும்."
The functions of the Planning Division,திட்டமிடல் பிரிவின் பணிகள்
Coordinating with the divisions of ministry and the institutions functioning under the Ministry to prepare the Annual Plan and the Annual Performance Report of the ministry.,"அமைச்சின் வருடாந்த செயற்பாட்டுத் திட்டம், வருடாந்த செயலாற்றுகைத் திட்டம் என்பவற்றை தயாரிக்கும் வகையில் அமைச்சின் பிரிவுகள் மற்றும் அமைச்சின் கீழ் இயங்கும் நிறுவனங்களுடன் ஒருங்கிணைப்பை மேற்கொள்ளல்."
Coordinating the implementation of the activities in relation to the pilot projects identified by the Ministry.,அமைச்சால் இனங்காணப்பட்ட முன்னோடிச்  செயற்றிட்டங்களை அமுற்படுத்தும் செயற்பாட்டை  ஒருங்கிணைத்தல்.
Regulating and evaluating the activities undertaken by the Ministry and the Institutions under it.,அமைச்சு மற்றும் அதன் கீழுள்ள நிறுவனங்கள் ஊடாக செயற்படுத்துவதற்கு  பொறுப்பேற்கப் பட்டுள்ள செயற்பாடுகளை ஒழுங்குபடுத்தல் மற்றும் மதிப்பிடல்.
"Preparing the Monthly, Quarterly and Annual Progress reports and submitting them to the Secretary to the Ministry, Department of National Planning, Department of National Budget, Department of Project Management and Evaluation and any other interested parties.","மாதாந்த, காலாண்டு மற்றும் வருடாந்த அறிக்கைகளை தயாரித்தல் மற்றும் அவற்றை  அமைச்சின் செயலாளர், தேசிய திட்டமிடல் திணைக்களம், தேசிய வரவு செலவுத்திட்ட  திணைக்களம்,  செயற்றிட்ட முகாமைத்துவம் மற்றும் மதிப்பீட்டு திணைக்களம் மற்றும் ஏனைய கரிசனையுடைய பிரிவினருக்குச் சமர்பித்தல்."
Preparing Progress and Action Plan for the year ahead and submitting the same to the Parliament during the course of the budget debates.,முன்னேற்றம் மற்றும் அடுத்த ஆண்டு செயற்பாட்டுத் திட்ட அறிக்கையை  தயாரித்து  வரவு செலவுத்திட்ட விவாதத்தின் வேளையில் பாராளுமன்றத்திற்கு சமர்ப்பித்தல்.
"Maintaining, updating and developing the data of the Ministry.","அமைச்சின் தரவுகளை பேணுதல், இற்றைப்படுத்தல் மற்றும்  விருத்தி செய்தல்."
"Preparing the Annual Performance Report and submitting it to the Parliament, Ministry of Finance and Planning and Auditor General.","வருடாந்த செயலாற்றுகை அறிக்கையை தயாரித்து பாராளுமன்றம், நிதி அமைச்சு மற்றும் கணக்காய்வாளர் நாயகத்திற்கு சமர்ப்பித்தல்."
3.5. Finance Division,3.5 நிதிப் பிரிவு
"Coordinating the financial services, and relevant units and thereby Preparing and maintaining positive financial ​information and financial management structure.",நிதிச்சேவை வழங்கல் நடவடிக்கைகள் மற்றும் சம்பந்தப்பட்ட  பிரிவுகளை ஒருங்கிணைத்தல் ஊடாக அமைச்சுக்கு நேர்மறையான நிதிசார் தகவல்கள் மற்றும்  நிதி முகாரமத்துவ கட்டமைப்பு ஆகியவற்றை தயாரித்து அவற்றை பேணல்.
The main functions of the Finance Division,நிதிப்பிரிவின் பிரதானமான பணிகள்
Assisting the Secretary to the Ministry in the capacity of Chief Accounting Officer to implement the financial obligations of the Ministry and be accountable for the Parliament,அமைச்சின் செயலாளருக்கு அமைச்சின் நிதிக் கடப்பாடுகளை நிறைவேற்றவும் பாராளுமன்றத்திற்கு பொறுப்புக்கூறவும் பிரதம கணக்காளர் என்ற வகையில் உதவுதல்
Ensuring compliance with the financial obligations and regulations of the Government,அரசாங்கத்தின் நிதி விதிகள் மற்றும் ஒழுங்கு விதிகளின்  இணக்கப்பாட்டை  உறுதி செய்தல்
Establishing and maintaining a sound financial accounting structure including finance management,நிதி முகாமைத்துவம் உட்பட சிறந்த நிதிக் கணக்கீட்டு கட்டமைப்பை தாபித்து அதனை பேணல்
Coordinating with the Treasury and the institutions under the Ministry and Foreign Funded Projects to prepare/update/review financial reports and budgetary requirements and finalize accounts,"திறைசேரி, அமைச்சு ஆகியவற்றின் கீழ்வரும் நிறுவனங்கள் மற்றும் வெளிநாட்டு நிதியுதவியுடனான செயற்றிட்டங்கள் ஆகியவற்றை ஒருங்கிணைந்து நிதி அறிக்கைகள் மற்றும் வரவு செலவுத்திட்ட தேவைகளை தயாரித்தல்/இற்றைப்படுத்தல்/ மீளாய்வு செய்தல் மற்றும்  கணக்கை நிறைவு செய்தல்"
Financial planning and budgeting,நிதி திட்டமிடல் மற்றும் வரவு செலவைத் தயாரித்தல்
Ensuring timely and accurate financial reporting,உரிய நேரத்திலான துல்லியமான நிதி அறிக்கையிடலை உறுதிப்படுத்தல்
Management of assets of the Ministry,அமைச்சின் சொத்துக்களை முகாமைத்துவம் செய்தல்
3.6 Internal Audit Division,3.6 உள்ளகக் கணக்காய்வுப் பிரிவு
"Assisting the Management by reviewing, measuring, evaluating and reporting on compliance with the internal management system of services and functions carried out by the Ministry and institutions functioning under it.","அமைச்சில் மற்றும் அதன் கீழுள்ள நிறுவனங்களின் அணைத்து மட்டங்களிலும் மேற்கொள்ளப்படும் சேவைகள் மற்றும் பணிகளை மீளாய்வுசெய்தல், அளவிடுதல், மதிப்பிடுதல் மற்றும் உள்ளக நிர்வாக முறைமை பற்றிய இணக்கப்பாடு தொடர்பாக அறிக்கை இடுவதன் மூலம் முகாமைத்துவத்திற்கு உதவுதல்."
The functions of the internal audit unit,உள்ளகக் கணக்காய்வுப் பிரிவின் பணிகள்
Evaluating the success of the system of internal control carried out in the Ministry and other institutions under it in order to avoid errors and frauds and assisting to strengthen the internal administration,பிழைகள் மற்றும் மோசடிகளை தடுப்பதற்காக அமைச்சு மற்றும் அதன் கீழியங்கும்  நிறுவனங்களில் அமுற்படுத்தப்படும் உள்ளக நிர்வாக முறைமையின் வெற்றியை மதிப்பிடலும் உள்ளக  நிர்வாகத்தை பலப்படுத்தவும் உதவுதல்
Ascertaining the reliability of the accounting and other reports and checking if the recognized accounting methods employed provide the information necessary for the preparation of correct financial statements,கணக்குகள் மற்றும் வேறு அறிக்கைகளின் நம்பகத்தன்மையை நிர்ணயித்தல் மற்றும் பயன்படுத்தியுள்ள ஏற்றுக்கொள்ளப்பட்ட  கணக்கீட்டு முறைமைகளினால் சரியான நிதிக் கூற்றுக்களை தயார்  செய்வதற்கு  அவசியமான தகவல்கள் வழங்கப்படுகின்றனவா என்பதைப் பரிசீலனை செய்தல்
Appraising the quality of performance of the staff in carrying out the responsibility assigned to them,நிறுவனத்தின் பணியாற்றொகுதிக்கு வழங்கப்பட்டுள்ள  பொறுப்புக்களை நிறைவேற்றுவதில் அவர்களுக்குள்ள  செயலாற்றுகையின் தரத்தை மதிப்பீடு செய்தல்
Ascertaining as to how the assets of ministry and its institutions are safeguarded from all kinds of losses,அமைச்சு மற்றும் அதன் கீழுள்ள  நிறுவனங்களின் சொத்துக்கள்  சகல வகையான பாதிப்புகளில் இருந்தும் எந்தளவு பாதுகாக்கப்படுகிறது என்பதைத் தேடிப்பார்த்தல்
"Monitoring whether the establishment code, financial regulation, public administration, treasury  and other circulars and instructions are adhered to","தாபனக்கோவை, நிதிக்கோவை, பொது நிர்வாகம், திறைசேரி மற்றும்  வேறு சுற்றறிக்கைகள் மற்றும் அறிவுரைகள் பின்பற்றப்படுகின்றனவா என்பதைக் கண்காணித்தல்"
Carrying out special investigations whenever necessary,தேவையான சந்தர்ப்பங்களில் விசேட விசாரணைகளை நடாத்துதல்
Conducting audit and management committees,கணக்காய்வு மற்றும் முகாமைத்துவக் குழுக்களை  நடாத்துதல்
Department of Official Languages and its Performance,அரசகரும மொழிகள் திணைக்களம் மற்றும் அதன் செயலாற்றுகை
Department of Official Languages was established on 01.10.1956 as an Institution tasked with the implementation of Official Language Act no 33 of 1956.,1956 ஆம் ஆண்டின் 33 ஆம் இலக்க அரசகரும மொழிகள் சட்டத்தை நடைமுறைப்படுத்தும் நிறுவனமாக  1956.10.01 ஆம் திகதியன்று அரசகரும மொழிகள் திணைக்களம் தாபிக்கப்பட்டது.
Both Sinhala and English languages were made Official Languages of Sri Lanka while English language  was named the link language as per 13th and 16th amendments to the Constitution of Sri Lanka enacted in 1987 and 1988 respectively.,1987- 13ஆம் அரசியலமைப்பு திருத்தத்திற்கும் 1988-16 ஆம் அரசியலமைப்பு திருத்தத்திற்கும் அமைவாக சிங்களம் மற்றும் தமிழ் மொழிகள் இரண்டும் இலங்கையின் அரசகரும மொழிகளாக  ஆக்கப்பட்டதுடன் ஆங்கிலமானது இணைப்பு மொழியாகவும் பெயரிடப்பட்டது.
"As per the articles 18 and 19 of Chapter IV of the Constitution, Department of Official Languages, as the facilitator for effective implementation of Official Language Policy, is engaged in providing translations to the government in all three languages, enhancing the language competence of public officers, compiling glossaries and preparing textbooks and dictionaries.","அரசியலமைப்பின் IVஆம் அத்தியாயத்தின் 18ஆம் மற்றும் 19ஆம் உறுப்புரைகளில் குறித்துரைக்கப் பட்டுள்ளவாறு மொழிக் கொள்கையை வினைத்திறன் மிக்கதாக நடைமுறைப் படுத்துவதற்கான வசதிகளை வழங்கும் நிறுவனமாக தற்போது அரசகரும மொழிகள் திணைக்களம் செயற்படுவதோடு  அதற்கமைய மேற்குறித்த மூன்று மொழிகளுக்கும் உரிய மொழிபெயர்ப்பு நடவடிக்கைகளை பூர்த்தி  செய்து  அரசாங்கத்திற்கு வழங்கல், அரசாங்க உத்தியோகத்தர்களின்  மொழித்தேர்ச்சியை விருத்தி செய்தல், கலைச் சொற்றொகுதிகளை தயாரித்தல், மொழி தொடர்பான பாடப்புத்தகங்கள் மற்றும் அகராதிகளை தொகுத்தல் முதலான பணிகள் அரசகரும மொழிகள் திணைக்களத்தினால் மேற்கொள்ளப்படுகின்றன."
"The Department of Official Languages situated at “Bhasha Mandiraya” No:341/7, Kotte Road, Rajagiriya is headed by the Commissioner of Official Languages.","""பாஷா மந்திரய"", இலக்கம்  3471/7, கோட்டே வீதி,  ராஜகிரிய எனும் முகவரியில் அமைந்துள்ள இத்திணைக்களத்தின் பிரதான பதவியை அரசகரும மொழிகள் ஆணையாளர் வகிக்கின்றார்."
Vision,நோக்கு
Peaceful trilingual society with coexistence,சகவாழ்வுடன் கூடிய சமாதானமான மும்மொழிச் சமூகம்.
Providing facilities and co-ordination for implementing the Official Languages Policy efficiently with the objective of establishing ethnic unity and peace,இனரீதியான ஒற்றுமை மற்றும் சமாதானத்தை நோக்கமாகக் கொண்ட  அரசகரும மொழிக் கொள்கையை வினைத்திறன் மிக்கதாக நடைமுறைப் படுத்துவதற்கான வசதிகளை வழங்கலும் ஒருங்கிணைப்பை மேற்கொள்வதும்.
Major functions performed by the Department,திணைக்களத்தினால் நிறைவேற்றப்படும் பிரதான பணிகள்
Conducting written and oral examinations and issuing certificates to the officers who are required to acquire official language proficiency in terms of Public Administration Circular No.01/2014 and 04/2014,பொது நிர்வாக சுற்றறிக்கை இலக்கம் 01/2014 மற்றும்  04/2014 பிரகாரம் அரசகரும மொழித்தேர்ச்சியை பெற்றுக்கொள்ள வேண்டிய அரச உத்தியோகத்தர்களுக்கான எழுத்துமூல மற்றும் வாய்மூல பரீட்சைகளை நடாத்தலும் சான்றிதழ்களை வழங்கலும்
"Carrying out translation tasks of government and semi–government institutions(in  Sinhala, Tamil, English)","அரச மற்றும் பகுதி அளவிலான அரச நிறுவனங்களின் மொழிபெயர்ப்புப்  பணிகளை நிறைவேற்றல் (சிங்களம் ,தமிழ், ஆங்கிலம்)"
"Compiling Sinhala, Tamil and English glossaries on various subjects","பல்வேறு பாடத் துறைகளுக்கு கலைச்சொற் றொகுதிகளை தொகுத்தல் (சிங்களம், தமிழ், ஆங்கிலம்)"
Compiling and selling of textbooks and guide books for the Language Proficiency tests of public officers,அரச உத்தியோகத்தர்களின் மொழித் தேர்ச்சிப் பரீட்சைகளுக்கான பாடப்புத்தகங்களையும் வழிகாட்டல் நூல்களையும் தொகுத்தலும் விற்பனை செய்தலும்
Compiling of trilingual glossaries.,மும்மொழி அகராதிகளை தொகுத்தல்.
"Teaching international languages just as Sinhala, Tamil, and English languages and holding examinations with the application of modern technology","நவீன தொழிநுட்ப முறைகளைப் பயன்படுத்தி சிங்களம், தமிழ், ஆங்கிலம் ஆகிய மொழிகளைப் போன்றே சர்வதேச ரீதியான மொழிகளை கற்பித்தலும் பரீட்சைகளை நடாத்தலும்"
Conducting Language Proficiency and Efficiency Bar Examinations for the staff of external institutions.,வெளி நிறுவனங்களின் பணியாற் றொகுதிக்கு மொழித் தேர்ச்சிப் பரீட்சைகளையும் தடைத்தாண்டல் பரீட்சைகளையும் நடாத்தல்.
Providing practical training for those students who follow translation degree programmes in universities and other recognized educational institutions.,பல்கலைக்கழகங்கள் மற்றும் அங்கீகரிக்கப்பட்ட வேறு கல்வி நிறுவனங்கள் ஆகியவற்றில் மொழிபெயர்ப்புப் பாடநெறிகளை பயில்வோருக்கு செயன்முறைப் பயிற்சியை வழங்கல்.
"Divisions such as examination, Translation, Language laboratory, Publications and Selling, Glossary Compilation, Research, Development and Library have been established in the department to carry out the above functions.","மேற்குறித்த அனைத்து பணிகளையும் நிறைவேற்றதுவதன் பொருட்டு திணைக்களத்தில் அபிவிருத்தி, பரீட்சை, மொழிபெயர்ப்பு, மொழி ஆய்வுகூடம், வெளியீடுகள் மற்றும் விற்பனை, கலைச்சொல் தொகுதி தொகுப்பு, ஆராய்ச்சி, நூலகம் ஆகிய பிரிவுகள் தாபிக்கப்பட்டுள்ளன."
4.1 Providing facilities helpful to obtain language proficiency,4.1. மொழித்தேர்ச்சியைப்  பெற்றுக்கொள்வதற்கு வழிசமைக்கும் வசதிகளை வழங்குதல்
01.Printing of books and practical books.,01. புத்தகங்கள் மற்றும் பயிற்சிப் புத்தகங்களை அச்சிடுதல்
The major function of the Official Languages Department is to compile textbooks and other supportive books as a written media for professionals and all those interested in learning Official Languages.,வல்லுனர்களுக்கு மற்றும் அரசகரும மொழியைக் கற்பதற்கு  ஆர்வமுள்ள அனைவருக்கும் எழுத்து மொழியொன்றாகப் பயன்படுத்தக்கூடிய பாடப்புத்தகங்கள் மற்றும் ஏனைய கைநூல்களை உருவாக்கல் அரசகரும மொழிகள் திணைக்களத்தின் பிரதான பணியாகும்.
"Accordingly, 10,000 copies of “Spoken Tamil book” and 4,590 copies of “Written Tamil book “ were printed.","அதற்கிணங்க, 2015 ஆம் ஆண்டில் பேச்சுத் தமிழ் புத்தகங்களின் 10,000 பிரதிகளும் எழுத்துத் தமிழ் புத்தகங்களின் 4590 பிரதிகளும்  அச்சிடப்பட்டன."
The major responsibility that was entrusted with the Department was the formulation of 04 textbooks both in Sinhala and Tamil Languages in simple style to be used easily with the view to providing facilities to learn the second language for public officers as per 8.2(a)recommendations under the implementation of recommendations made by the committee appointed by the Cabinet of Ministers  on the language proficiency of public officers.,அரச அலுவலர்களின் மொழித் தேர்ச்சி சம்பந்தமாக அமைச்சரவையினால் நியமிக்கப்பட்ட குழுவின் பரிந்துரைகளைச் செயற்படுத்துவதன்  கீழ்  8.2  (அ) இலக்க பரிந்துரையின்  பிரகாரம் அரச அலுவலர்களுக்கு இரண்டாம் மொழியைக் கற்பதற்கான வசதிகளை ஏற்படுத்திக் கொடுக்கும் நோக்கில் இலகுவாக உபயோகிக்கக்கூடிய எளிய நடையிலான பாடப் புத்தகங்கள் 04 வீதம் சிங்களம் மற்றும் தமிழ் மொழிகளில் 08 புத்தகங்களை தயாரிக்கும் பணியானது  திணைக்களத்திற்கு வழங்கப்பட்டுள்ள  பாரியதொரு பொறுப்பாகும்.
Pre-research workshop on teaching lessons in the Sinhala textbook Level-IV.,அதன் IVஆம்  மட்ட–சிங்களப் பாடப்புத்தகத்தில் உள்ளடக்கப்பட்டுள்ள பாடங்களை கற்பிக்கும்  முன்னோடி ஆய்வுப்  பயிற்சிப் பட்டறை.
"This workshop was conducted on 27,28, and 29.08.2015 for the officers belonging to level-IV of the Public Service at Trilingual Learning Centre in the city of Jaffna.","இந்த முன்னோடி ஆய்வுப் பயிற்சிப் பட்டறையானது அரச சேவையின் IVஆம்  மட்டத்தைச் சேர்ந்த அலுவலர்களுக்காக  2015.08.27,28  மற்றும் 29 ஆம் திகதிகளில் யாழ்ப்பாணம் நகரத்தின் மும்மொழிக் கற்கை நிலையத்தில் நடாத்தப்பட்டது."
Sessions of pre–research workshop on teaching lessons in the Sinhala textbook–Level IV,IVஆம் மட்ட–சிங்களப் பாடப்புத்தகத்தில்  உள்ளடக்கப்பட்டுள்ள பாடங்களைக் கற்பிற்கும்  முன்னோடி நிகழ்வின் சில சந்தர்ப்பங்கள்
"The task of compiling textbooks during the year 2015 was finalized and 10,000 copies of textbook-level IV (Sinhala and Tamil),30,000 copies of textbook– level III(Sinhala and Tamil), 40,000 copies of textbook-level II (Sinhala and Tamil ),10,000 copies of textbook level-1 have been handed over for printing.",2015 ஆம் ஆண்டிற்குள் பாடப் புத்தகங்களைத் தயாரிக்கும் பணியானது  நிறைவடைந்துள்ளதோடு  மட்டம் IV இனது  பாடப்புத்தகத்தின் (சிங்களம் மற்றும் தமிழ்)  10000  பிரதிகளும்   மட்டம் III இனது பாடப்புத்தகத்தின் (சிங்களம் மற்றும் தமிழ்) 30000 பிரதிகளும்‚ மட்டம் II இனது  பாடப் புத்தகத்தின் (சிங்களம் மற்றும் தமிழ்) 40000 பிரதிகளும்‚ மட்டம் I இனது  பாடப்புத்தகத்தின் (சிங்களம் மற்றும் தமிழ்) 10000 பிரதிகளும் அச்சிடுவதற்காக ஒப்படைக்கப்பட்டுள்ளன.
02.Conducting Language Proficiency Examinations,02. மொழித் தேர்ச்சிப் பரீட்சையை நடாத்தல்
"Conducting of written and oral examinations public officers, issuing of results and result sheets were carried out with the objective of assessing Language Proficiency of public officers and encouraging them to acquire bilingual Language Proficiency.","அரச உத்தியோகத்தர்களின் மொழி ஆற்றலை மதிப்பிடுவதையும் இருமொழி ஆற்றலை ஊக்கப்படுத்துவதையும் நோக்கமாகக் கொண்டு எழுத்துமூல மற்றும் வாய்மூலப் பரீட்சைகளை நடாத்தல், பரீட்சைப் பெறுபேறுகளை வெளியிடுதல் மற்றும் பரீட்சைப் பெறுபேறு ஆவணங்களை வெளியிடுதல் ஆகியன இடம்பெற்றன."
Evaluation of Listening skill test using technical instruments was commenced on 23rd October this year.,தொழில்நுட்ப உபகரணங்களை பயன்படுத்தி கேட்டல் திறனை  மதிப்பிடும் பரீட்சை இவ்வாண்டு ஒக்டோபர் மாதம் 23 ஆம் திகதி ஆரம்பிக்கப்பட்டது.
Various instances of the workshop for preparing question papers for oral tests,வாய்மூலப் பரீட்சையின் வினாத்தாள்களை தயாரிக்கும் பயிற்சிப் பட்டறையின் பல்வேறு சந்தர்ப்பங்கள்
"In 2015, written Test for Official Languages Proficiency Level I, II, III, IV was held on 31.05.2015 for 75,606 applicants.","2015ஆம் ஆண்டில் அரசகரும மொழித் தேர்ச்சி  I,II,III,IV ஆம்  மட்டங்களுக்கான எழுத்துமூலப் பரீட்சையானது 75,606 விண்ணப்பதாரிகளுக்கு 2015.05.31ஆம் திகதி நடாத்தப்பட்டது."
The Number of participants was 30582.,"தோற்றியோரின் எண்ணிக்கையானது 30,582 ஆகும்."
"Under the programme of conducting oral tests for candidates who have passed written examination and  second language in G.C.E.(O/L) examinations, Oral tests were conducted for 44,047 officers who passed the written examination in previous years.","எழுத்துமூலப் பரீட்சையில் சித்தியடைந்தவர்கள் மற்றும் க.பொ.த (சா.த) இரண்டாம் மொழியில் சித்தியடைந்தவர்கள் ஆகியோருக்கு வாய்மூலப் பரீட்சையை நடாத்தும் செயற்பாட்டின் கீழ் முன்னைய வருடத்தில் எழுத்துமூலப் பரீட்சையில் சித்தியடைந்த 44,047 உத்தியோகத்தர்களுக்கு வாய்மூலப்  பரீட்சை நடாத்தப்பட்டது,"
"44,047 results sheets and 297 certificates (old)have been issued.","பெறுபேறு  ஆவணங்கள்  44,047 மற்றும் சான்றிதழ்கள் 297(பழையவை)  விநியோகிக்கப் பட்டுள்ளன,"
"Also, issuing of  result sheet printed on a special protective paper for all candidates was commenced this year.","அத்துடன், விசேடமான பாதுகாப்புத் தாளில் அச்சிடப்பட்ட  பெறுபேறுகளை அனைத்துப் பரீட்சாத்திகளுக்கும் வழங்கும் நடவடிக்கையானது  இந்த  ஆண்டில் ஆரம்பிக்கப்பட்டது,"
"In 2015, steps were taken to conduct examinations for 11 external institutions.","2015ஆம் ஆண்டில்   11 வௌிவாரி  நிறுவனங்களுக்கான  பரீட்சையை  நடாத்தும்  நடவடிக்​கையானது மேற்கொள்ளப்பட்டது,"
4.2 Providing translation services to government and semi-government institutions and compiling glossaries.,"4.2. அரச மற்றும் பகுதியளவிலான அரச நிறுவனங்களுக்காக மொழிபெயர்ப்புச் சேவையை வழங்குவதும், கலைச்சொற்களை தயாரிப்பதும்,"
Providing translation services using state of the art technology and techniques is yet another specific role of the Department.,தர நிர்ணயத்திற்கமைய தொழில்நுட்ப முறைகளைப் பயன்படுத்தி தரமான மொழிபெயர்ப்புச் சேவையினை வழங்குவது திணைக்களத்தின் மற்றுமொரு  விசேடமான வகிபாகமாகும்.
"Under the task of providing necessary inputs for making translation work efficient,a Sinhala/Tamil auto-translation software is now being prepared in collaboration with the University of Moratuwa.",மொழிபெயர்ப்புச் செயற்பாட்டை வினைத்திறனாகும் வகையில் அவசியமான உள்ளீடுகளைத் தயாரிக்கும் பணியின் கீழ் சிங்களம்/தமிழ் தன்னியக்க மொழிபெயர்ப்பு மென்பொருளொன்றை தயாரிப்பது  தொடர்பிலான பணியானது மொரட்டுவை பல்கலைக்கழகத்துடன் இணைந்து மேற்கொள்ளப்படுகின்றது.
"Similarly, letters equivalent to Sinhala/Tamil languages are being translated.","அவ்வாறே, சிங்களம்/தமிழ் மொழிக்கு இணையான கடிதங்கள் மொழிபெயர்க்கப் படுகின்றன."
"For this purpose, Training was provided to 04 officers of the Department.",இச்செயற்பாட்டிற்காக திணைக்களத்தின் 4  உத்தியோகத்தர்களுக்கு பயிற்சியளிக்கப்பட்டது.
"02. In order to improve the knowledge of experts, professionals, students and writers and generally all groups of people, a new trilingual glossary is being compiled  by the Glossary Section of the Department.","02. நிபுணர்கள், வல்லுநர்கள், மாணவர்கள் மற்றும் எழுத்தாளர்கள், மற்றும் பொதுவாக அனைத்து சமூகக் குழுக்களின் அறிவை மேம்படுத்தும்  வகையில் புதிய மும்மொழி கலைச்சொற்கள் திணைக்களத்தின் கலைச்சொற் பிரிவினால் தயாரிக்கப் படுகின்றன."
Under the programme,அவற்றின் கீழ்
Building and Construction technology,கட்டிடம் மற்றும்  கட்டிட நிர்மாணத் தொழில்நுட்பம்
"Glossaries related  to the Army, Navy and Airforce","இலங்கை இராணுவம், இலங்கை கடற்படை மற்றும் இலங்கை விமானப் படைக்குரிய கலைச்சொற்கள்"
Police craftsmanship,காவல்துறை கைவினைத்திறன்
Public Administration(Establishment Code),அரசாங்க நிர்வாகம் (தாபன விதிக்கோவை)
Financial Regulation,நிதி ஒழுங்குவிதிகள்
Land Administration,காணி நிர்வாகம்
Information Technology(Sinhala and English),தகவல் தொழில்நுட்பம் (சிங்களம் –ஆங்கிலம்)
Psychology,உளவியல்
Law,நீதி
Mathematics,கணிதம்
Physics,பௌதிகவியல்
Statistics,புள்ளிவிபரங்கள்
Botany,தாவரவியல்
History,வரலாறு
Linguistics,மொழியியல்
Literature,இலக்கியம்
Twenty two (22) technical glossaries including Counselling and Economics were finalized and uploaded to the Department web site.,ஆலோசனையியல் மற்றும் பொருளியல் உட்பட  22 மும்மொழிக் கலைச்சொல்  அகராதிகள் நிறைவுசெய்யப்பட்டு திணைக்களத்தின் இணையத்தளத்தில் பதிவேற்றப்பட்டுள்ளன.
4.3.Conducting seminars and research on language usage and  technology and providing recommendations and tools,"4.3  மொழிப் பயன்பாடு மற்றும்  தொழில்நுட்பம் பற்றிய  கருத்தரங்குகள் மற்றும்  ஆய்வுகளை நடாத்தல், பரிந்துரைகளை முன்வைத்தல் மற்றும் கருவிகளை தயாரித்தல்."
"Under this programme, computer based games (Sinhala/Tamil) including 200 questions related to 10 different fields of the language were produced for improving the knowledge of language in a recreational way and uploaded to the web site.","இதன்கீழ், மொழியறிவை  மேம்படுத்தும்  வகையில் மொழிசார்ந்த  10 பல்வேறு துறைகள் ஊடாக கிட்டத்தட்ட  200 வினாக்கள்  உள்ளடக்கப்பட்டு கணினிசார் மொழி விளையாட்டுக்கள் (சிங்களம்/தமிழ்) நிர்மாணிக்கப்பட்டு அவை இணையத்தளத்திலும் பதிவேற்றப் பட்டுள்ளன."
"Information related  brand names in Sinhala and Tamil were gathered, letters were sent to 75 institutions to find the Sinhala and Tamil equivalents to them. Accordingly, 95 brand names were received from 25 institutions and work pertaining to 27 brand names of 05 institutions has been completed and handed over to those institutions.","சிங்களம் மற்றும் தமிழ் மொழி குறியீட்டுப் பெயர்கள் தொடர்பான தகவல்களை சேகரித்து, அதற்குரிய அர்த்தமுள்ள சிங்கள, தமிழ் சொற்களை தயாரிப்பதன் அடிப்படையில்  75 நிறுவனங்களுக்கு கடிதங்கள் அனுப்பப்பட்டு, 25 நிறுவனங்களிடமிருந்து  95 குறியீட்டுப் பெயர்கள்  திணைக்களத்திற்கு  கிடைக்கப் பெற்றதுடன், அதில்  05 நிறுவனங்களின் 27 குறியீட்டுப் பெயர்களின் சொல்லாக்கப் பணியானது நிறைவு செய்யப்பட்டு அந்த நிறுவனங்களுக்கு கையளிக்கப்பட்டுள்ளது."
"Under the programme of uploading words in alphabetical order to the website, 5000 words  have been identified and computerized.",அகரவரிசையாக சொற்களை வகுத்தமைத்து இணையதளத்தில் வெளியிடுவதற்காக 5000 சொற்கள் இனங்கண்டு கணினிமயப் படுத்தப்பட்டுள்ளன.
"In order to find a solution to the problems caused to those learning Sinhala or Tamil as a second language, a research book was formulated to facilitate them  under the name of a “A hand book  to write official letters in Public Service” and it has been given to be printed.",சிங்களம் மற்றும் தமிழ் மொழிகளை இரண்டாம் மொழியாகக் கற்பவர்களுக்கு ஏற்படும் சிக்கல்களை நிவர்த்தி செய்வதற்கான அனுசரணையை வழங்குவதன் பொருட்டு  “அரச சேவையில் அலுவலக கடிதங்களை எழுவதற்கான வழிகாட்டி”என்ற  முன்னோடி நூல் தயாரிக்கப்பட்டு அச்சிடுவதற்காக வழங்கப்பட்டுள்ளது.
"While formulating a standard form in writing  the common names of all Sri Lankan districts, cities and villages in Sinhala, Tamil and English  is  another objective, the task  was not implemented as it was implemented by the Department of Survey with its  representation.","இலங்கையின் அனைத்து மாவட்டங்களின் பெயர்கள், நகரங்களின் பெயர்கள்  மற்றும் கிராமங்களின் பெயர்கள் தொடர்பில் வழக்கத்தில் உள்ள பெயர்களை சிங்களம், தமிழ் மற்றும் ஆங்கிலத்தில் எழுதும் போது அவற்றை குறிப்பிட்டவொரு  தரத்திற்கு அமைவாக எழுதும் வகையில் நியமமொன்றை தயாரித்தலானது மேலுமொரு நோக்கமாக இருப்பதுடன், இப்பணியானது நில அலவைத் திணைக்களத்தால் நாடத்தப்படுவதாலும் அதற்கு திணைக்களப் பிரதிநிதித்துவம் இருப்பதாலும் அதனை செயற்படுத்தவில்லை."
Programme on preparing Language plans,மொழித் திட்டங்களை தயாரிக்கும் நிகழ்ச்சித்திட்டம்
A workshop was held with the participation of 185 Department Officers to obtain  proposals for the preparation of a Language Plan on behalf of the Department with the objective of encouraging the Officers to work while the implementation of  Official Languages ​​Policy.,அரசகரும மொழிக் கொள்கையை அமுற்படுத்தும் வேளையில்  அங்கீகரிக்கப்பட்ட  திட்டமொன்றுக்கு அமைவாக செயற்படும் வகையில் உத்தியோகத்தர்களை ஊக்கப்படுத்தும் நோக்குடன் திணைக்களத்திற்கான மொழிக் கொள்கையொன்றை தயாரிப்பதற்காக யோசனைகளை பெற்றுக்கொள்ளும் செயலமர்வொன்று 185 உத்தியோகத்தர்களின் பங்குபற்றலுடன் நடாத்தப்பட்டது.
"The above awareness programme which was implemented under provisions of the department, was held on 03.08.2015.",அமைச்சின் ஏற்பாடுகளின்  கீழ் செயற்படுத்தப்பட்ட இந்த  விழிப்பூட்டல் நிகழ்ச்சித்திட்டமானது  2015.08.03 ஆம் திகதி நடைபெற்றது.
"A Language plan was prepared in line with the proposal received. Accordingly, Departmental name boards, notice boards were prepared as proposed in the language plan and displayed in all three languages.","அங்கு கிடைக்கப் பெற்ற பரிந்துரைகளின் பிரகாரம் மொழித் திட்டமொன்று தயாரிக்கப்பட்டதுடன், அத்திட்டத்தின் பரிந்துரைகளின் பிரகாரம் திணைக்களப் பெயர்ப் பலகைகள், அறிவித்தல் பலகைகள் மும்மொழியிலும் தயாரிக்கப்பட்டு  காட்சிப்படுத்தப் பட்டுள்ளன."
Attention of officers has been drawn to the fact that dealing with official documents should be in official languages.,அரசகரும மொழிகளில் கடித ஆவணங்கள் இடம்பெறல் வேண்டும் என்ற விடயம் உத்தியோகத்தர்களின் கவனத்திற்கு  கொண்டுவரப்பட்டது.
Various instances of the preparation of  Language plans,மொழிக் கொள்கைகளைத் தயாரிக்கும் நிகழ்ச்சித் திட்டத்தின் பல்வேறு  சந்தர்ப்பங்கள்
Promotion of National and International Language Proficiency,தேசிய மற்றும் சர்வதேச மொழி ஆற்றலை மேம்படுத்தல்
"Sinhala, Tamil and English and foreign  language courses are being conducted in a Language laboratory equipped with modern technology for those interested in  following national and international languages on half-yearly study courses.","தேசிய மற்றும் சர்வதேச மொழிகளை கற்றுக்கொள்வதற்கு ஆர்வம் உள்ளவர்களுக்காக நவீன தொழில்நுட்பத்துடனான மொழி ஆய்வுக்கூடமொன்றில் சிங்களம், தமிழ், ஆங்கிலம் மற்றும் வெளிநாட்டு மொழிகள் அரையாண்டு கற்கைநெறிகளாக நடைபெறுகின்றன."
"During the year 2015, Sinhala, Tamil, English and foreign languages courses were  conducted successfully for 1500 students.","2015 ஆம் ஆண்டில் 1500 மாணவர்களுக்கு சிங்களம், தமிழ், ஆங்கிலம் மற்றும் வெளிநாட்டு மொழிகள் சம்பந்தமான பாடநெறிகள் வெற்றிகரமாக நடைபெற்றன."
"Similarly, implementing the programme for promoting bilingual knowledge by using e-learning distant mode of education methodology(for 1st level) and the establishment of computer based examination system to evaluate language proficiency(in collaboration with the Department of Examinations)were not implemented during 2015 and it has been proposed to commence them once the new language laboratory is opened.","அவ்வாறே,  ஈ-லர்னிங்  தொலைத்தூரக் கல்விமுறையைப் பயன்படுத்தி இருமொழி அறிவினை மேம்படுத்தும் நிகழ்ச்சியை செயற்படுத்தல் (மட்டம் 1) மற்றும் மொழித் தேர்ச்சியை மதிப்​பிடுவதற்காக கணினியை பயன்படுத்தி பரீட்சை முறையொன்றைத் தாபித்தல் (பரீட்சை திணைக்களத்துடன் இணைந்து) போன்ற பணிகள் 2015 ஆம் ஆண்டில் செயற்படவில்லை என்பதுடன் புதிய மொழி ஆய்வுக்கூடத்தை ஆரம்பித்ததன் பின்னர் அவற்றை நடாத்துவதற்கான உத்தேசம் உள்ளது."
"Also, Certificate Awarding Ceremony in relation to the 2nd semester 2014, was held under the auspicious of Hon.Minister A. Mano Ganesan in 2015.","அவ்வாறே  2015  ஆம் ஆண்டில், 2014 ஆம் ஆண்டின் இரண்டாவது அரையாண்டிக்குரிய சான்றிதழ் வழங்கும் வைபவமானது  2015.10.26 ஆம் திகதி கௌரவ அமைச்சர் மனோ கணேசன் அவர்களின் தலைமையில் நடைபெற்றது."
582 students were awarded certificates at the programme.,இங்கு 582 மாணவர்களுக்கு சான்றிதழ்கள் வழங்கப்பட்டன.
Actual Expenditure,உண்மைச் செலவு
Printing Books and Language Text books likely to facilitate language proficiency and Conducting Language Proficiency Tests.,மொழித் தேர்ச்சியை பெற்றுக் கொள்வதற்கு உதவக்கூடிய புத்தகங்கள் மற்றும் பாடப் புத்தகங்கள் அச்சிடலும் மொழி  தேர்ச்சிப் பரீட்சைகளை நடாத்தலும்.
Providing translation Services for Government and Semi Government institutions and Compiling of glossaries.,அரச மற்றும் பகுதியளவிலான அரச நிறுவனங்களுக்கான மொழிபெயரப்பு சேவைகளை வழங்குதலும் கலைச்சொற் றொகுதிகளை தயாரித்தலும்.
Conducting research and seminars on language usage and technology,மொழிப் பிரயோகம் மற்றும் தொழில்நுட்பம் பற்றிய கருத்தரங்குகள் மற்றும் ஆய்வுகளை நடாத்தல்
Promoting National and International Languages proficiency,தேசிய மற்றும் சர்வதேச மொழித் தேர்ச்சியை மேம்படுத்தல்
Modernization of institutional environment,நிருவனத்தின் சூழலை நவீனமயப்படுத்தல்
"Implementing recommendations of the committee on language proficiency of public officers, appointed by the cabinet",அரச உத்தியோகத்தர்களின் மொழித் தேர்ச்சி தொடர்பில் அமைச்சரவையினால் நியமிக்கப்பட்ட குழுவின் விதப்புரைகளை அமுற்படுத்தல்
Developing and analyzing methodologies and regulations,முறைமைகள் மற்றும்  ஒழுங்கு விதிகள் அபிவிருத்தி மற்றும் பகுப்பாய்வு
Development of Human resources,மனிதவள அபிவிருத்தி
Official Languages Commission and its Performance,அரசகரும மொழிகள் ஆணைக்குழு மற்றும் அதன் செயலாற்றுகை
The Official Languages Commission has been established under the provisions of the Official Languages Commission Act No 18 of 1991.,1991 ஆம் ஆண்டின் 18 ஆம் இலக்க அரசகரும மொழிகள் ஆணைக்குழுச் சட்டத்தின் மூலம்  இந்த ஆணைக்குழு  தாபிக்கப்பட்டுள்ளது.
"The Commission  consists of six members, appointed by His Excellency the President",ஆணைக்குழுவானது அதிமேதகு ஜனாதிபதி அவர்களால் நியமிக்கப்பட்ட  ஆறு உறுப்பினர்களை கொண்டுள்ளது.
One of them shall be nominated by the President to be the Chairman of the Commission.,இவர்களுள் ஒருவர் ஜனாதிபதி அவர்களால் பெயர் குறித்து  நியமிக்கப்படுவார்.
The Commissioner of the Official Languages Department shall be the official secretary to the Commission.,அரசகரும மொழிகள் திணைக்களத்தின் ஆணையாளர் அதிகார பூர்வமாக ஆணைக்குழுவின் செயலாளராக உள்ளார்.
The new chairman and the members have been  appointed with effect from 05th August 2014.,2014 ஆகஸ்ட் மாதம்  05 ம் திகதியில் இருந்து அமுலுக்கு வரும் வகையில் ஆணைக்குழுவுக்கான புதிய  தலைவர் உட்பட உறுப்பினர்கள் தெரிவு செய்யப்பட்டுள்ளனர்.
To be the organization empowered to ensure the implementation of the official languages policy by all organizations providing services to the public.,பொது மக்களுக்கு சேவை வழங்கும் அனைத்து நிறுவனங்களிலும் அரசகரும மொழிக் கொள்கையானது அமுற்படுத்தப்படுவதை  உறுதிப்படுத்தக்கூடிய  பலமிக்க நிறுவனமாக செயற்படல்.
"Providing for the bilingual needs of the public through reviewing, monitoring, educating and advising on implementing the official language policy.","அரசகரும மொழிக் கொள்கை தொடர்பான விசாரணை, கண்காணிப்பு ,கல்வி மற்றும் ஆலோசனை  ஆகியவற்றின் மூலம் பொதுமக்களின் இருமொழித் தேவையினை வழங்குதல்."
Objectives:,நோக்கங்கள்:
To recommend principles of policy related to the use of the Official Languages and to monitor and supervise compliance with the provisions contained in Chapter IV of the Constitution.,அரசகரும மொழிகளின் பயன்பாடு பற்றிய கொள்கை  அடிப்படைகளை விதந்துரைத்தல் மற்றும் அரசியலமைப்புத் திட்டத்தின் iv ஆம் அத்தியாயத்தில் குறித்துரைக்கப்பட்டுள்ள ஒழுங்குவிதிகளின் பிரகாரம் செயற்படுதல் தொடர்பில்  விழிப்பாயிருத்தலும் மேற்பார்வை செய்தலும்.
Taking all necessary measures and implementing them to ensure the use of the languages referred to in Article 18 of the Constitution (hereinafter referred to as the “relevant languages”)in accordance with the spirit and intent of Chapter IV of the Constitution;,அரசியலமைப்புத் திட்டத்தின் 18 ஆம் உறுப்புரையில் (இதன் பின்னர் சம்பந்தப்பட்ட  மொழி என்று குறிப்பிடப்படும்.) குறித்துரைக்கப்பட்ட  மொழிப்பாவனையானது அரசியலமைப்புத்  திட்டத்தின் ivஆம் அத்தியாயத்தின் நோக்கத்திற்கும்  எண்ணத்துக்கும் ஏற்ற விதத்தில் இடம்பெறுகின்றது  என்பதை  உறுதிப்படுத்திக் கொள்வதற்கு அவசியமான அனைத்துச் செயற்பாடுகளையும் மேற்கொண்டு நடவடிக்கையெடுத்தல்;
"Promoting the evaluation of the Official Languages and recognizing, maintaining and taking forward their status; equality and right of usage.","அரசகரும மொழிகள் மதிப்பீட்டை உற்சாகப்படுத்துதலும்  அவற்றின் நிலைமை, சமத்தன்மை மற்றும் பயன்பாட்டு உரிமையினை அங்கீகரித்தல், பேணல் மற்றும் முன்னெடுத்துச் செல்லுதல்;"
In responding to any complaints received  conducting self investigations and also taking remedial action as provided for by the provisions of this Act.,சுயமாகவும் மற்றும் கிடைக்கப்பெரும் புகார்களுக்கு பதிலளித்தல் என்ற இரண்டு முறைகளிலும் ஆய்வுசெய்தல் மற்றும் இச்சட்டத்தின் ஏற்பாடுகளினால் வழங்கப்பட்டுள்ளவாறு  தீர்வை முன்வைத்தல்.
Functions,பணிகள்
"Initiating reviews of any regulations, directions or administrative practices, which affect or may affect, the status or use of one of the three languages.",குறித்த மொழிகளில் ஏதாவதொரு மொழியின் அந்தஸ்து அல்லது பிரயோகம் தொடர்பில் செல்வாக்கு செலுத்தும் அல்லது செலுத்தக்கூடிய ஏதாவது கட்டளை அல்லது நிர்வாக நடைமுறை  தொடர்பாக மீளாய்வினை ஆரம்பித்தல்.
Issuing or applying Researchers and policy statements that Commission considers necessary in relation to the status or application of particular languages.,குறித்த மொழிகளின் அந்தஸ்த்து அல்லது பிரயோகம் தொடர்பில்  அவசியமென ஆணைக்குழுவினால் கருதக்கூடிய ஆய்வு அல்லது கொள்கை விளக்கத்தை வெளியிடல் அல்லது பயன்படுத்தல்.
Undertaking common educational activities including sponsoring or initiating publications or other media presentations considered suitable by the commission on the status or use of  languages concerned.,குறித்த மொழிகளின் அந்தஸ்த்து அல்லது பிரயோகம் தொடர்பில் பொறுத்தமானதென ஆணைக்குழுவினால் கருதக்கூடிய வெளியீடுகள் அல்லது வேறு ஊடக வெளிப்பாடுகளுக்கு அணுசரணை வழங்குதல் அல்லது அவற்றை ஆரம்பித்தல் உட்பட பொதுக்கல்வி செயற்பாடுகளில் ஈடுபடல்.
"Purchasing or otherwise acquiring any movable or immovable asset and maintaining, leasing or renting or selling, mortgaging or otherwise dealing with.","ஏதாவது அசையும் அல்லது அசையா சொத்தை கொள்வனவு செய்தல் அல்லது வேறுவகையில் கைப்பற்றல் மற்றும் பராமரித்தல், குத்தகைக்கு அல்லது வாடகைக்கு பெறல் அல்லது வழங்குதல், விற்பனை செய்தல், அடகு வைத்தல் அல்லது வேறு வகையில் கைமாற்றுதல்."
Taking necessary measures to attain the objectives of the commission by taking any other necessary or appropriate measures to exercise the powers of the commission.,ஆணைக்குழுவின் நோக்கத்தை அடையும் வகையில் ஆணைக்குழுவின் அதிகாரங்களை அமுற்படுத்துவதற்கு அவசியமான அல்லது உகந்த  வேறு அனைத்து விடயங்களையும்  மேற்கொள்ளல்.
Programmes Implemented by Official Languages Commission in 2015,"2015 ஆம் அண்டில் , அரசகரும மொழிகள் ஆணைக்குழுவினால் அமுற்படுத்தப்பட்ட நிகழ்ச்சித் திட்டங்கள்"
5.1 Creating awareness among public officers,5.1 அரசாங்க உத்தியோகத்தர்களை விழிப்பூட்டல்
The objective of these programmes is to create awareness on the responsibility and legal background of public officers with regard to implementation of the Official Languages Policy in Government institutions.,அரசகரும மொழிக் கொள்கையினை அரச நிறுவனத்தினுள் நடைமுறைப்படுத்தல் சம்பந்தமாக அரச உத்தியோகத்தர்களின் கடப்பாடு  மற்றும் சட்டரீதியான பின்னணிகள் சம்பந்தமாக விழிப்பூட்டுவது இந்நிகழ்ச்சித் திட்டங்களின் நோக்கமாகும்.
Two methods are being followed up by Commission in implementing these programmes.,இந்நிகழ்ச்சித் திட்டங்கள் நடைமுறைப்படுத்தும் வேளையில் ஆணைக்குழுவானது இரண்டு முறைகளை பின்பற்றுகின்றது.
i.e. Conducting common awareness creation programmes and conducting awareness creation programmes for identified  groups of public officers.,"அவையாவன, பொது  விழிப்பூட்டல்  நிகழ்ச்சித்திட்டத்தை  நடாத்துதல் மற்றும் இனங்காணப்பட்ட துறைகளுக்குரிய அரசாங்க உத்தியோகத்தர் குழுக்களுக்கு விழிப்பூட்டல்  நிகழ்ச்சித்திட்டத்தை நடாத்துதல் என்பனவாகும்."
"Awareness creation programme among Deans and Secretaries of Universities in Western Province, with regard to the Official Languages Policy.",மேல்மாகாணத்தின் பல்கலைக்கழகப் பீடாதிபதிகளுக்கும்   பதிவாளர்களுக்கும்  அரசகரும மொழிக்கொள்கை சம்பந்தமாக விழிப்பூட்டும் நிகழ்ச்சித் திட்டம்
This awareness creation programme was organized after analyzing the complaints received by the Commission in the  previous years with regard to violation of the Official Languages Policy considering National Universities as special fields.,இந்த விழிப்பூட்டல் நிகழ்ச்சித் திட்டமானது கடந்த வருடங்களில் அரசகரும மொழிக்கொள்கை மீறப்பட்டமை தொடர்பில் ஆணைக்குழுவுக்கு கிடைத்துள்ள முறைப்பாடுகளை பகுப்பாய்வு செய்து தேசிய பல்கலைக்கழகங்களை விசேடத் துறையாகக்கருதி ஏற்பாடு செய்யப்பட்டது.
"Accordingly, this workshop was held on 08.10.2015 at Central Bank Auditorium “Center for Banking Studies”, Rajagiriya.","அதற்கிணங்க, இச்செயலமர்வானது 2015.10.08 ஆம்  திகதி  “வங்கிக் கற்கைகளுக்கான நிலையம்” ராஜகிரிய, இலங்கை மத்திய வங்கி  கேட்போர் கூடத்தில் நடைபெற்றது."
All Universities and affiliated Institutions in the Western Province took part in this workshop.,"இந்நிகழ்ச்சித்திட்டத்தில் மேல்மாகாணத்தின் சகல அரசாங்க பல்கலைக்கழகங்களும், இணை நிறுவனங்களும் கலந்து கொண்டன."
Special matters discussed,கலந்துரையாடப்பட்ட  விசேட விடயங்கள்
Official Languages Policy and its legal background,அரசகரும மொழிக்கொள்கை மற்றும்  அதன் சட்ட ரீதியான பின்னணி
"In accordance with the provisions of the circular no:04/2014 to implement the Official Languages Policy in Universities, a university student has the right to follow  his higher education in the language of his basic education",பல்கலைக்கழகங்களில் அரசகரும மொழிக் கொள்கையினை நடைமுறைப்படுத்தல் பற்றிய 04/2014 சுற்றறிக்கையின் பிரகாரம் பல்கலைக்கழகத்தில் கல்வி பயிலும் மாணவரொருவருக்கு  தான் ஆரம்ப கல்வியினைப் பெற்ற மொழியிலேயே  உயர் கல்வியை பெறும் உரிமையுள்ளது
The due place for Official Languages must be given in administration of University,அரசகரும மொழிகளுக்குரிய இடம் பல்கலைக்கழக நிர்வாகத்திலே வழங்கப்படல் வேண்டும்
Awareness creation among heads of private hospitals with regard to the Official Languages Policy.,அரசகரும மொழிக்கொள்கை சம்பந்தமாக தனியார் வைத்தியசாலை தலைவர்களை வழிப்பூட்டல்.
"At present, the private sector provides various services for general public.",தற்போது தனியார்  துயைானது பொதுமக்களுக்கு பாரியளவில் பல்வேறு வகையான சேவைகளை நல்குகின்றது.
Of which the health sector is special.,இவற்றுள் சுகாதாரத்துறையானது  விசேடமானதாகும்.
It has been observed by the Commission that the general public has been greatly inconvenienced as most of the private hospitals deal with English language in rending their service.,அதிகமான தனியார் மருத்துவமனைகள் ஆங்கில மொழிக்கு முக்கியத்துவம் வழங்கியவாறு சேவைகளை வழங்கும் காரணத்தினால் பொதுமக்கள் அசௌகரியங்களுக்கு முகம் கொடுத்த சந்தர்ப்பங்களை ஆணைக்குழு அவதானித்துள்ளது.
"Because of that reason, an awareness creation programme with regard to the Official Languages Policy was held for leading private hospitals in the district of Colombo on 28.08.2015 at the auditorium of the Central Bank, “Center for Banking Studies”, Ragagiriya.","இதனால் கொழும்பு மாவட்டத்தினுள் அமைந்துள்ள முதற்தர தனியார் மருத்துவமனைகளுக்கான விழிப்பூட்டல் நிகழ்ச்சித் திட்டமானது 2015.08.28 ஆம் திகதி  “வங்கிக் கற்கைகளுக்கான நிலையம்”ராஜகிரிய, இலங்கை மத்திய வங்கி  கேட்போர் கூடத்தில் நடைபெற்றது."
Officers from about 27 private hospitals took part in this programme.,இந்த  நிகழ்ச்சித் திட்டத்தில் சுமார்  27 தனியார் மருத்துவமனைகளை சேர்ந்த  உத்தியோகத்தர்கள் கலந்து கொண்டனர்.
"Officers from Private Medical Services Development Division- the regulatory institution of private hospitals of the Ministry of Health and the Chairman, representing the Association of Private Hospitals and Nursing Homes also participated in this programme.",அத்துடன் தனியார் மருத்துவமனைகளின் ஒழுங்கமைப்பு  நிறுவனமான சுகாதார அமைச்சின் தனியார் வைத்திய சேவை அபிவிருத்திப் பிரிவின் உத்தியோகத்தர்கள் மற்றும்  தனியார் மருத்துவமனைகள் மற்றும் தாதியர் விடுதிகள் சங்கத்தினை பிரதிநிதித்துவம் செய்யும் வகையில் அதன் தலைவர் ஆகியோர்  பங்குபற்றினர்.
"A basic awareness creation with regard to the Official Languages Policy was held, and subsequently a session for questions and discussions was held.",அரசகரும மொழிக்கொள்கை சம்பந்தமான ஆரம்ப விழிப்பூட்டல்  நிகழ்ந்ததுடன் அதனைத் தொடர்ந்து வினாக்கள் மற்றும் கலந்துரையாடல் அமர்வானது இடம்பெற்றது.
The following matters were discussed here.,கீழ் குறிப்பிடப்பட்டுள்ள விடயங்கள் இங்கு கலந்துரையாடப்பட்டன.
Obtaining the services of a translator in the case of Doctors lacking bilingual proficiency,இருமொழி ஆற்றலற்ற வைத்தியர்களின் உதவிக்காக மொழிபெயர்ப்பாளர் ஒருவரின் உதவியைப் பெறுதல்
Non-availability of trilingual announcements,அறிவிப்புச் செயற்பாடுகள் மும்மொழிகளிலும் இடம்பெறாமை
"Name boards, notice boards and information boards not being displayed in three languages","பெயர்ப் பலகைகள், அறிவித்தல் பலகைகள் மற்றும்  தகவல் பலகைகள் மும்மொழிகளிலும் காட்சிப்படுத்தாமை"
Lack of officers who are well versed in three languages,மும்மொழிகளில் கடமை செய்யக்கூடிய உத்தியோகத்தர் பற்றாக்குறை
Difficulty in translating certain technical words and using them,சில தொழில்நுட்ப சொற்களை மொழிபெயர்ப்பு செய்து உபயோகத்தில் எடுக்க முடியாமை
Outcomes of the programmes,நிகழ்ச்சித் திட்டங்களின் பிரதிபலன்கள்
"Following the programme, it was decided that the future activities should be carried forward by the commission.","நிகழ்ச்சித் திட்டங்களைத் தொடர்ந்து, கீழ் குறிப்பிடப்பட்டுள்ள எதிர்கால செயற்பாடுகளை முன்னெடுக்க ஆணைக்குழுவினால் தீர்மானிக்கப்பட்டது."
Making necessary arrangements to issue recommendations via Private Health Services Regulatory Commission to prepare all boards displayed in private hospitals participated in the programme in three languages and make announcements in three languages within a time limit and monitoring the same.,"கலந்து கொண்ட தனியார் மருத்துவமனைகளில் பொது மக்களுக்காக காட்சிப் படுத்தப்பட்டுள்ள சகல பெயர்ப் பலகைகளையும் குறிப்பிட்ட கால வரையறைக்குள் அரசகரும மொழிக்கொள்கைக்கு அமைவாக தயாரித்தல், அறிவித்தள்களை மும்மொழிகளிலும் மேற்கொள்ளல், தனியார் சுகாதார சேவைகள் ஒழுங்கமைப்பு ஆணைக்குழுவின் மூலம் பரிந்துரைகளை வழங்குவதற்குரிய நடவடிக்கையை மேற்கொள்ளல் மற்றும் மேற்பார்வை செய்தல்."
Obtain​ing assistance from Private Medical Development Division of the Ministry of Health with regard to implementation of the recommendations aforesaid.,மேற்படி பரிந்துரைகளை நடைமுறைபடுத்துவது சம்பந்தமாக சுகாதார அமைச்சின் தனியார் வைத்திய அபிவிருத்தி பிரிவின் ஒத்துழைப்பினையும் பெற்றுக்கொள்ளல்.
03.Awareness creation programme among the officers of Colombo Municipal Council,03. கொழும்பு மாநகர சபை உத்தியோகத்தர்களை விழிப்பூட்டல் நிகழ்ச்சித் திட்டம்
"An awareness programme under the awareness programme of creating awareness among field officers in the government institutions located in bilingual administrative areas under the instruction of the Hon. Minister of National Dialogues, was held for officers of Colombo MMC and field officers of affiliated institutions on 2015.11.30 at the auditorium of the Department of Training, MMC Colombo.",தேசிய கலந்துரையாடல் சம்பந்தமான கௌரவ அமைச்சரின் ஆலோசனைக்கு இணங்க இருமொழி நிர்வாகப் பகுதிகளில் அமைந்துள்ள அரச நிறுவனங்களிலுள்ள வெளிக்கள உத்தியோகத்தர்களை விழிப்பூட்டல் நிகழ்ச்சித் திட்டத்தின் ஒரு நிகழ்ச்சித்திட்டமானது கொழும்பு மாநகர சபையின் உத்தியோகத்தர்கள் மற்றும் அதனோடிணைந்த வெளிக்கள உத்தியோகத்தர்கள் ஆகியோருக்கு 2015.11.30 ஆம் திகதி கொழும்பு மாநகர சபையின் பயிற்சியளிக்கும் திணைக்களத்தின் கேட்போர் கூடத்தில் நடாத்தப்பட்டது.
"After the awareness programme on the official language policy, a discussion with regard to the problems faced by officers when implementing the Official Languages Policy and possible remedies was held.","கலந்து கொண்டவர்களுக்கு அரசகரும மொழிக் கொள்கை சம்பந்தமாக  விழிப்பூட்டல் இடம்பெற்ற பின்னர், அரசகரும மொழிக் கொள்கையை நடைமுறைப்படுத்தும் வேளையில் உத்தியோகத்தர்கள் முகங்கொடுக்கும் சிக்கல்கள் மற்றும் அதற்கான பரிகாரங்கள் பற்றிய கலந்துரையாடலும் இடம்பெற்றது."
5.2 Language Audits,5.2. மொழிக் கணக்காய்வு
Reviewing with regard to implementation of the Official Languages Policy in institution audited up to 2014,01.2014  வரை ஆய்வுக்கு உட்படுத்திய நிறுவனங்களில் அரசகரும மொழிக் கொள்கையை  அமுற்படுத்தியமை  சம்பந்தமாக மீளாய்வு செய்தல்
Recommendations have been given by the commission in relation to the institutions subjected to audit up to 2014.,2014 ஆம் வருடம் வரையில் ஆய்வுக்குட்படுத்திய நிறுவனங்கள் சம்பந்தமாக ஆணைக்குழுவானது பரிந்துரை வழங்கியுள்ளது.
Heads of relevant institutions will report the commission with regard to implementation of these recommendations.,இப்பரிந்துரையை நடைமுறைப்படுத்துவது சம்பந்தமாக குறித்த நிறுவனத் தலைவர்கள் ஆணைக்குழுவுக்கு அறிக்கையிடுவார்கள்.
"The objectives of language audits are implementing, examining and reviewing the recommendations.","பரிந்துரைகளை நடைமுறைப்படுத்தல், பரீட்சித்தல், மீளாய்வு செய்தல் என்பன மொழி ஆய்வின் நோக்கங்களாகும்."
The follow up language audits conducted in 2015 are as follows,2015 ஆம் ஆண்டில் நடாத்தப்பட்ட மீளாய்வு மொழி ஆய்வுானது  கீழே காட்டப்பட்டுள்ளது.
Divisional Secretariats,பிரதேச செயலகங்கள்
Deltota,தெல்தோட்ட
Akurana,அக்குரன
Udapalatha,உடபளாத்த
Ambangangakorale,அம்பன்கோரளை
Ukuwela,உக்குவளை
Hanguranketha,ஹங்குரன்கெத்த
Kotmale,கொத்மலை
Udunuwara,உடுநுவர
Doluwa,தொழுவ
Gangaihalakorale,கங்க இஹல கோரலே
Negambo,நீர்கொழும்பு
Passara,பசரை
Haliela,ஹாலிஎல்லை
Ella,எல்லை
Police Stations,காவல் நிலையங்கள்
Auditing of unaudited Government institutions in Bilingual Administrative Divisions,இருமொழி  நிர்வாக பகுதிக்குள் ஆய்வுக்குட்படுத்தாத அரச நிறுவன ஆய்வு
Divisional Secretariats,பிரதேச செயலாளர் காரியாலயங்கள்
Kataragama,கதிர்காமம்
Thanamalwila,தனமல்வில
Alawathugoda,அளவத்துகொட
Rattota,ரத்தோட்டை
Hanguranketha,அங்குரன்கெத்தை
Jaffna,யாழ்பாணம்
Hambantota,அம்பாந்தோட்டை
Hospitals,வைத்தியசாலைகள்
General Hospital-Kandy,கண்டி பொது வைத்தியசாலை
Teaching Hospital-Peradeniya,பேராதனை போதனா வைத்தியசாலை
District Hospital-Matale,மாத்தளை மாவட்ட வைத்தியசாலை
Divisional Medical Development Unit–Ukuwela,உக்குவளை பி. வை. ச  பிரிவு
Base Hospital-Rikillagaskada,ரிகில்லஹஸ்கட ஆரம்ப வைத்தியசாலை
Health Medical Officer’s Office–Ambagamuwa,அம்பகமுவ சுகாதார வைத்திய உத்தியோகத்தர் காரியாலயம்
Institutions,நிறுவனங்கள்
Seegiriya World Heritage,சீகிரிய உலக உரிமை
University of Colombo,கொழும்புப் பல்கலைக்கழகம்
University of Jaffna,யாழ்ப்பாணப் பல்கலைக்கழகம்
Mahinda Rajapaksha International Airport of Mattala,மத்தள மஹிந்த ராஜபக்ஷ சர்வதேச விமான நிலையம்
5.3. Printed Media Advertisements,5.3. அச்சிட்ட ஊடக அறிவிப்புக்கள்
Advertisements are published in main media by the Commission focusing on important days and occasions commemorated by Sri Lankans.,இலங்கை மக்களால் நினைவு கூரப்படும் முக்கியமான விழாக்கள் மற்றும் சந்தர்ப்பங்கள் நிகழும் தினங்களை நோக்கமாகக் கொண்டு பிரதான ஊடகங்களில் ஆணைக்குழுவானது அறிவித்தல்களை பிரசுரிக்கின்றன.
"Two advertisements, depicting the message of importance of language rights and the Official Languages Policy, together with greetings have been published in 2015.",மொழி உரிமைகள் மற்றும் அரசகரும மொழிக்கொள்கை பற்றிய விழிப்பூட்டலின்  முக்கியத்துவத்தினை குறிப்பிடும் வாழ்த்துச் செய்தி ஆகியவை  உட்புகுத்தி அச்சிடப்பட்ட ஊடக அறிவித்தல்கள் இரண்டு  2015 ஆம்  வருடத்தில் பிரசுரிக்கப்பட்டன.
01. Islandwide awareness creation programme for general pubic,01. நாடளாவிய ரீதியில் பொதுமக்களுக்கான விழிப்பூட்டல்
Printed media notices,அச்சிட்ட ஊடக அறிவித்தல்கள்
There are two objectives in publishing printed media advertisements.,அச்சிட்ட ஊடக அறிவித்தல்களை பிரசுரிப்பதில் இரண்டு முக்கிய நோக்கங்கள் காணப்படுகின்றன.
One objective is to create an awareness on language rights among general public and thereby create an interest towards a bilingual public service.,இதன் ஒரு நோக்கமானது தமது மொழி உரிமைகள் தொடர்பில் மக்களை விழிப்பூட்டுவதன் மூலம் இருமொழி அரச சேவையில் பொதுமக்களின் ஆர்வத்தினை அதிகரிக்கச் செய்தல் ஆகும்.
Creating an awareness on the legal responsibility of public servants in providing a bilingual public service could be said as the other objective of this programme.,இருமொழியிலான பொதுமக்கள் சேவையினை வழங்குவது சம்பந்தமாக அரச ஊழியர்களுக்கு இருக்கும் சட்டரீதியான கடப்பாட்டு தொடர்பில் வழிப்பூட்டலானது இச்செயற்பாட்டின் மற்றைய நோக்கமென்று கூறலாம்.
"These advertisements are published in both languages focusing on main days of religious, cultural and national significance of Sri Lankans.","இலங்கை மக்களின் பிரதானமான சமய, கலாசார மற்றும் தேசிய முக்கியத்துவமான தினங்களை நோக்கமாகக் கொண்டு இந்த அறிவித்தல்கள் இருமொழிகளிலும் பிரசுரிக்கப்படும்."
These messages will include a greeting along with messages with regard to the language rights of people and the responsibilities of public officers.,இந்த செய்திகளில் அத்தினங்கள் சம்பந்தமான வாழ்த்துச் செய்தியொன்றும் மக்களின் மொழி உரிமைகள் மற்றும்  அரச உத்தியோகத்தர்களின் பொறுப்புக்கள் சம்பந்தமான செய்திகளும் உள்ளடக்கப்படும்.
"Accordingly, the advertisements published in 2015 have been given below.","அதற்கமைய, 2015 ஆம்  ஆண்டில் பிரசுரிக்கப்பட்ட அத்தகைய அறிவித்தல்களாவன  கீழே  தரப்பட்டுள்ளன."
Greeting pertaining to Deepawali festival,தீபாவளி பண்டிகை தொடர்பான  வாழ்த்துக்கள்
Greeting pertaining to Poson Festival,பொஷொன் போயா தொடர்பான வாழ்த்துக்கள்
5.4. Investigation of complaints,5.4. புகார் பற்றிய  விசாரணை
Investigating complaints with regard to violation of language rights is a primary task of the Commission.,மொழி உரிமைகள் மீறப்படுகின்றமை சம்பந்தமாக கிடைக்கப் பெறும் பொதுமக்களின் முறைப்பாடுகளை விசாரணை செய்தலானது ஆணைக்குழுவின் அடிப்படை நடவடிக்கைகளில் ஒன்றாகும்.
"Accordingly, of the 91 complaints received by Commission in 2015,46 complaints have been resolved.","அதற்கமைய, 2015 ஆம்  ஆண்டில் அரசகரும மொழிகள் ஆணைக்குழுவுக்கு 91 முறைப்பாடுகள் கிடைத்ததுடன் அவற்றில் 46 முறைப்பாடுகள் தீர்க்கப்பட்டன."
5.5. Establishing and promoting language circles in school level and implementing school programmes via them.,"5.5. பாடசாலை மட்டத்தில் மொழிச் சங்கங்களை தாபித்தல், அவற்றை விருத்தி செய்யதல் மற்றும் அதனூடாக பாடசாலை நிகழ்ச்சித் திட்டங்களை நடைமுறைப்படுத்தல்."
The attention of the Commission was drawn towards the importance of conducting programmes for school children based on the experiences got from school debates and speech contests organized by the commission in 2013 and 2014.,2013 மற்றும் 2014 ஆம் ஆண்டுகளில் ஆணைக்குழுவால் ஏற்பாடு செய்யப்பட்ட  பாடசாலை விவாதப் போட்டிகள் மற்றும் பேச்சுப்போட்டிகள் ஆகியவற்றின் அனுபவத்தினை அடிப்படையாகக் கொண்டு பாடசாலைச் சிறார்கள் தொடர்பில்  நிகழ்ச்சித் திட்டமொன்றை  நடைமுறைப்படுத்த வேண்டியதன் முக்கியத்துவம் ஆணைக்குழுவின் கவனத்தை ஈர்ந்தது.
"As a future course of action of the above development, a decision was taken to establish language promotion circles in schools.",இதன் எதிர்கால நடவடிக்கையாக பாடசாலைகளில் மொழிவிருத்திச் சங்கங்களை தாபிப்பதற்கு  தீர்மானிக்கப்பட்டது.
"Steps were taken by Official Languages Commission to establish language circles with a long term objective of generating a trilingual environment in Sri Lanka through developing knowledge, attitudes and skills of school children with regard to the Official Languages Policy.","அரசகரும மொழிக்கொள்கை சம்பந்தமாக பாடசாலை பிள்ளைகளின் அறிவு, மனப்பாங்கு, திறன் என்பன விருத்தி செய்வதன் மூலம் மும்மொழிச் சூழலை இலங்கையினுள் ஸ்தாபிக்கும் நீண்டகால நோக்கத்துடன் மொழிச் சங்கங்களை தாபிப்பதற்காக அரசகரும மொழிகள் ஆணைக்குழுவினால் நடவடிக்கை மேற்கொள்ளப்பட்டது."
"Under the above programme, the Official Languages Commission expects to establish language circles in all the schools located Island wide.",இதன்கீழ்  நாட்டின் சகல பாடசாலைகளிலும் மொழிச் சங்கங்கள் அமைப்பதற்கு அரசகரும மொழிகள் ஆணைக்குழுவானது  எதிர்பார்க்கின்றது.
"Accordingly, it has been decided to conduct all activities taking place within schools, including displaying of main name board, in both languages via language circles.","இதன் அடிப்படையில், பாடசாலையினுள் பிரதான பெயர்ப் பலகையை காட்சிப்படுத்தல் முதல் பாடசாலையினுள் இடம்பெறும் சகல நடவடிக்கைகளும் இரண்டு மொழிகளிலும்  நடாத்துவதற்குரிய  நடவடிக்கைகளை மொழிச் சங்கங்களின் மூலம் மேற்கொள்ள தீர்மானிக்கப்பட்டுள்ளது."
"The objective of establishing language circles in schools is to direct the student society towards the aim of generating one Sri Lankan Nation twined by  Bilingualism, to generate the attitudes and interest in student society towards using trilingual usage and to effect trilingual usage in all audible, visual, readable things in the school and also to develop the ability to convert the future society into a trilingual society.","இருமொழிகளால் இதயபூர்வமாக இணைந்த இலங்கை தேசத்தினைத் தோற்றுவிக்கும் நோக்கத்தினுள் மாணவர்  சமுதாயத்தை ஈடுபடுத்தல், பாடசாலை மாணவர்களுள் மும்மொழிப் பாவனை சம்பந்தமாக மனப்பாங்கு மற்றும்  ஆர்வத்தை  உருவாக்கல், பாடசாலைகளில் கேட்கும், காணும், பேசும் சாதனங்கள் யாவற்றிலும் மும்மொழிப் பாவனையை ஏற்படுத்தல், எதிர்கால சமூகத்தை மும்மொழிச் சமூகமாக உருவாக்கும் திறனை விருத்தி செய்தல் என்பன மொழிச் சங்கங்கள் அமைப்பதன் நோக்கமாகும்."
"The language circle consists of a panel which includes student representing each  class, the principal and teachers.","மொழிச் சங்கங்கமானது அதிபர், ஆசிரியர்கள் மற்றும் ஒவ்வொரு தரத்திலும் மாணவர் ஒருவரை பிரதிநிதித்துவம் செய்யும் வகையில் அமைந்த உத்தியோகத்தர்கள் குழுவை உள்ளடக்கியவாறு  இருக்கும்."
"The activity identified by language circle is to display all boards including the school main board in three languages,","பாடசாலைகளின் பிரதான பெயர்ப் பலகை முதல் ஏனைய பெயர்ப் பலகைகளையும் மும்மொழிகளிலும் காட்சிப்படுத்தல் மொழிச் சங்கங்கள் மூலம் நடைமுறைப்படுத்துவதற்கு இனங்காணப்பட்டுள்ள செயற்பாடாகும்,"
"Using Sinhala, Tamil and English in all the activities carried out in the school, conducting trilingual competitions and awarding prizes and certificates to the winners,","பாடசாலையினுள் நடைபெறும் சகல நடவடிக்கைகளிலும் சிங்களம், தமிழ் மற்றும் ஆங்கிலம் ஆகிய மும்மொழிப் பாவனையை ஏற்படுத்தல், மும்மொழிப் போட்டிகளை நடாத்தி வெற்றியீட்டியவர்களுக்கு பரிசுகளும், சான்றிதழ்களும் வழங்குதல்,"
"Displaying trilingual alphabets  in schools, building words and sentences on daily, weekly and monthly basis and conducting programmes to encourage winners by giving points,","மும்மொழி அரிச்சுவடிகள் பாடசாலையினுள் காட்சிப்படுத்தல் மற்றும் தினமும், வாராந்தம், மாதாந்தம் சொற்கள் மற்றும் வாக்கியங்கள் உருவாக்குதல் மற்றும் அதற்காக புள்ளிகள் வழங்கி வெற்றி பெற்றவர்களை ஊக்கப்படுத்தும் நிகழ்ச்சித் திட்டங்களை நடாத்துதல்,"
"Organizing programmes to exchange  cultural and social friendship with fellowship schools which follow other mediums of instruction,","ஏனைய மொழிகளில் கல்வி நடவடிக்கைகளை மேற்கொள்கின்ற  சினேபூர்வ பாடசாலைகளுடன் கலாசார மற்றும் சுமூக உறவுகளை பரிமாற்றும்  நிகழ்ச்சித்திட்டங்களை ஏற்பாடு செய்தல்,"
"Implementing trilingual programmes in national festivals,","தேசிய விழாக்களில் மும்மொழிப் பாவனையை செயற்படுதல்,"
Providing assistance to people in the neighbourhood with regards to their language needs and many other activities.,​சுற்றுச்சூழலில் உள்ள மக்களின் மொழித் தேவைகள் சம்பந்தமாக உதவி வழங்குதல் உட்பட மேலும் பல செயற்பாடுகள்.
Organizing relevant tasks to establish language circles in collaboration with the Commission of Official languages and Ministry of Education.,"மொழிச் சங்கங்கள் அமைப்பதற்காக அரசகரும மொழிகள் ஆணைக்குழு, கல்வி அமைச்சு ஆகியவற்றுடன் இணைந்து சம்பந்தப்பட்ட விடயத்தினை ஒழுங்குபடுத்தல்."
A circular in this regard has been issued to schools by the Ministry of Education.,இவ்விடயம் தொடர்பில் கல்வி அமைச்சினால் பாடசாலைகளுக்கு சுற்றறிக்கைகள் வழங்கப்பட்டுள்ளன.
"In accordance with that circular, by now certain schools have  submitted their Annual Action Plan to the Commission.",அச்சுற்றறிக்கைகளின் பிரகாரம் இதுவரையில்  சில பாடசாலைகள்  அவற்றின் வருடாந்த செயற்பாட்டுத் திட்டத்தினை ஆணைக்குழுவிற்கு சமர்ப்பித்துள்ளன.
Financial Progress of Official Languages Commission,அரசகரும மொழிகள் ஆணைக்குழுவின் பொருளாதார முன்னேற்றம்
Estimated cost,உத்தேசிக்கப்பட்ட செலவு
Briefing universities and Higher Educational Institutes.,பல்கலைக்கழகங்கள் மற்றும் உயர் கல்வி நிறுவனங்கள் ஆகியவற்றை விழிப்பூட்டல்.
Awareness programme for the Hospital Staff.,வைத்தியசாலை பணியாற்றொகுதியை விழிப்பூட்டல்.
Reviewing random samples with regard to implementation of the Official Languages Policy in institutions audited up to 2014.,2014 ஆம்  ஆண்டு வரையில் ஆய்வுக்கு உட்படுத்தப்பட்ட நிறுவனங்களில் அரசகரும மொழிக் கொள்கையை அமுற்படுத்துவது தொடர்பில் எழுந்தமான மாதிரிகளை மீளாய்வு செய்தல்.
Auditing of unaudited Government institutions located in Bilingual Administrative Divisions,இருமொழி நிர்வாகப் பிரிவுகளில் கணக்காய்வுக்கு உட்படுத்தப்படாத அரச நிறுவனங்களில் கணக்காய்வை மேற்கொள்ளல்.
Investigating complaints received with regard to violation of the Official Languages Policy.,அரசகரும மொழிகள் கொள்கை மீறப்படுதல் தொடர்பில் பெறப்படும் முறைப்பாடுளை விசாரணை செய்தல்.
Establishing language circles in school level and implementing programmes via them.,பாடசாலை மட்டத்தில்  மொழிக்குழு வட்டங்களை தாபித்தல் மற்றும் அவற்றினூடாக நிகழ்ச்சித்திட்டங்களை அமுற்படுத்தல்.
Islandwide awareness programme for general public(Printed Media Advertisements),நாடளாவிய ரீதியில் மக்களுக்கு விழிப்பூட்டல் (அச்சு  ஊடக விளம்பரம்)
Social Integration week,சமூக ஒருமைப்பாட்டு வாரம்
Awareness programme for Government officers,அரச உத்தியோகத்தர்களை விழிப்பூட்டல்
National Institute of Language Education and Training and its Performance,தேசிய மொழிக் கல்வி மற்றும் பயிற்சி நிறுவனம் மற்றும் அதன் செயலாற்றுகை
National Institute of Language Education and Training,தேசிய மொழிக்கல்வி மற்றும் பயிற்சி நிறுவனம்
National Institute of Language Education and Training was established under the provision of the National Institute of Language Education and Training Act No 26 of 2007 as a Statutory Body under the Ministry of National Languages and Social Integration with the objective of implementing the Trilingual policy of the Democratic Socialist Republic of Sri Lanka.,இலங்கை சனநாயக சோசலிசக் குடியரசின் மும்மொழிக் கொள்கையை அமுற்படுத்தும் நோக்கில் 2007 ஆம் ஆண்டின் 26 ஆம் இலக்க தேசிய மொழிக்கல்வி மற்றும்  பயிற்சி நிறுவனச் சட்டத்தின் கீழ் தேசிய மொழிகள் மற்றும் சமூக ஒருமைப்பாட்டு அமைச்சின் கீழானவொரு  நியதிச்சட்ட நிறுவனமாக தேசிய மொழிக்கல்வி மற்றும் பயிற்சி  நிறுவனம் தாபிக்கப்பட்டது.
"From 1st of November 2007, this Institute has been functioning being affiliated to the Ministry of Constitutional Affairs and National Integration at no:310, Galle Road, Colombo 3.","2007 நவம்பர் மாதம்  01 ஆம்  திகதியிலிருந்து இந்த  நிறுவனமானது  அரசியலமைப்பு விவகாரம் மற்றும் தேசிய ஒருமைப்பாட்டு அமைச்சுக்கு இணைக்கப்பட்டு, அந்த  அமைச்சானது தாபிக்கப்பட்டுள்ள  இல 310,  காலி வீதி , கொழும்பு  03  என்ற முகவரியில் செயற்படுகின்றது."
"With effect from 25th of April 2010, this Ministry was renamed as the Ministry of National Languages and Social Integration and functioned under the ministry concerned.","2010 ஏப்ரல் மாதம்  25 ஆம் திகதியிலிருந்து குறித்த அமைச்சு தேசிய மொழிகள் மற்றும் சமூக ஒருமைப்பாட்டு அமைச்சாகப்  பெயர் மாற்றப்பட்டதுடன், அந்த அமைச்சின் கீழ் செயற்பட்டது."
"With effect from 18th of January 2015, the Institute had been functioning under the Ministry of Public Administration, Provincial Councils and Democratic Governance.","2015. 01.18 ஆம்  திகதியிலிருந்து  இந்நிறுவனமானது பொது நிர்வாக, மாகாண சபைகள் மற்றும் சனநாயக ஆட்சி பற்றிய அமைச்சின் கீழ் செயற்பட்டது."
"With effect from 21st September 2015,the Institute has been functioning under the Ministry of National Co-existence, Dialogues and Official languages.","2015. 09. 21 ஆம் திகதியிலிருந்து தேசிய சகவாழ்வு, கலந்துரையாடல் மற்றும் அரசகரும மொழிகள் அமைச்சின் கீழ் செயற்படுகின்றது."
"At present, this institute is  functioning at No:40, Buthgamuwa road, Rajagiriya.","தற்போது இந்நிறுவனமானது இல: 40, புத்கமுவ வீதி, இராஜகிரிய என்ற இடத்தில் செயற்படுகின்றது."
"At present, this institution, has expanded its scope, implements a number of training courses island wide.",தற்போது இந்நிறுவனமானது தனது விடயப்பரப்பை விரிவுப்படுத்தி பயிற்சி நிகழ்ச்சித்திட்டங்கள் பலவற்றை நாடு தழுவியவாறு அமுற்படுத்தி வருகின்றது.
Of them the following are the key programmes.,"அவற்றில்,  கீழ்வரும் பயிற்சிக் கற்கைநெறிகள் முக்கியத்துவம் பெறுகின்றன."
Part-time Second Languages Courses for Public Officers(Level I/Level II/Level III),"அரச உத்தியோகத்தர்களுக்கான பகுதிநேர மொழிக் கற்கைநெறி (மட்டம் 1, மட்டம் II,மட்டம் III,மட்டம் IV)"
12–Day short-term non-residential training courses for public officers,அரச உத்தியோகத்தர்களுக்கான 12 நாள் வதிவிட வசதியற்ற  குறுங்காலப் பயிற்சி நிகழ்ச்சித்திட்டம்
Teacher Training Courses,ஆசிரியப் பயிற்சி நிகழ்ச்சித்திட்டம்
Feedback and Monitoring Programmes for Resource Persons,வளவாளர்களுக்கான மீளாய்வு மற்றும் கண்காணிப்பு  நிகழ்ச்சித்திட்டம்.
Diploma courses on Translation Studies (Part-time/Full Time),மொழிபெயர்ப்பு  பற்றிய  டிப்ளோமா  பாடநெறி (பகுதி நேரம் மற்றும்  முழு நேரம்)
Basic Courses on Translation (Residential 10 days),அடிப்படை மொழிபெயர்ப்பு நிகழ்ச்சித்திட்டம் ( 10 நாள்-வதிவிட )
Spoken Sinhala/Tamil language training courses under Language Circles National  Programme,மொழிச் சங்கங்கள் தேசிய நிகழ்ச்சித்திட்டத்தின் கீழ் சிங்களம் மற்றும் தமிழ் பேச்சுப் பயிற்சி கற்கைநெறிகள்)
"Short term Second Languages Training Courses for newly recruited government officers(Doctors, Administrative Officers and Other Professionals)","புதிதாக ஆட்சேர்ப்பு செய்யப்பட்ட  அரச உத்தியோகத்தர்களுக்கான கட்டாய தொழிற்பயிற்சிக்  காலத்திற்குள் வழங்கப்படும் குறுங்கால இரண்டாம் மொழி கற்கைநெறி (வைத்தியர்கள், பொது நிர்வாக உத்தியோகத்தர்கள், மற்றும் ஏனைய தொழில் வல்லுநர்கள் போன்றோர்களுக்காக)"
Several courses organized by the Institute are held at the training center located at Galewatta in Agalawatta.,"நிறுவனத்தினூடாக ஒழுங்கமைக்கப்படும் பல வதிவிட  கற்கைநெறிகள் கலேவத்தை, அகலவத்தையிலுள்ள பயிற்சி நிலையத்தில் நடாத்தப்பபடும்."
"The training center, which is situated in an attractive location, consists of a lecture hall with room  for about 250 trainees at a time, group discussion facilities for residential training for about 60 persons  and a Library.","மிகவும் கண்கவர் பிரதேசத்தில் அமைந்துள்ள இந்தப் பயிற்சி நிலையமானது  ஒரே தடவையில்  250 பயிற்சியாளர்கள் வரையில் பங்கேற்கக்கூடிய விரிவுரை மண்டபம், குழுக் கலந்துரையாடல் வசதியுடன் 60 நபர்களுக்கு வதிவிடவசதி மற்றும் நூலகம் ஆகியவற்றை உள்ளடக்குகின்றது."
"While the service of a pool of expert resource persons is obtained in conducting the above island wide programmes, the staff of the Institute has been working with a sense of dedication.","மேலே குறிப்பிடப்பட்ட  கற்கைநெறிகளை நாடளாவியவாறு அமுற்படுத்தும் முகமாக  அனுபவமிக்க வளவாளர் குழாமொன்றின் பங்களிப்பு பெறப்படுவதுடன், நிறுவனத்தின் பணிக்குழுவும் மிகவும் அர்ப்பணிப்புடன் பணியாற்றி வருகின்றது."
Enhancing peace and co-existence among the people of Sri Lanka through training of national languages.,தேசிய மொழிகள் சம்பந்தமான பயிற்சியின் மூலம் இலங்கை மக்களிடத்திலே சமாதானம் மற்றும் சகவாழ்வை மேம்படுத்தல்.
Functioning as the strategic centre for providing trilingual knowledge for language education and training with  the purpose of implementing the Official Language Policy.,அரசகரும மொழிக் கொள்கையை அமுற்படுத்துவது தொடர்பில் மொழிக் கற்கைநெறி மற்றும் பயிற்சி சம்பந்தமான மும்மொழி அறிவுவை பெருக்கும் கேந்திர நிலையமாக செயற்படல்.
"Generating knowledgeable  translators and interpreters of Sinhala, Tamil and English languages to be recruited in the National Translators' and Interpreters' Service established by  written law.","எழுத்துமூலச் சட்டத்தினால் தாபிக்கப்பட்ட தேசிய மொழிபெயர்ப்பாளர் சேவை மற்றும் தேசிய உரைபெயர்ப்பாளர் சேவை ஆகியவற்றில் நியமனம் செய்யவேண்டிய சிங்களம், தமிழ் மற்றும் ஆங்கில அறிவைக் கொண்ட மொழிபெயர்ப்பாளர்கள் மற்றும் உரைபெயர்ப்பாளர்களை உருவாக்குதல்."
"Generating suitable and skilful teachers to train teachers of Sinhala, Tamil and English Translators and Interpreters.","சிங்களம், தமிழ் மற்றும் ஆங்கில மொழி ஆசியர்கள்,  மொழிபெயர்ப்பாளர்கள் மற்றும்  உரை பெயர்ப்பாளர்கள்  ஆகியோரை பயிற்றுவிப்பதற்கு தகுதியுடைய திறமையான ஆசிரியர்களை உருவாக்குதல்."
Generating public officers well versed in three languages to render an efficient  service to the general public.,பொது மக்களுக்கு வினைத்திறனான சேவையை வழங்கும் முகமாக மும்மொழித்திறன் கொண்ட அரச உத்தியோகத்தர்களை  உருவாக்குதல்.
Functions of the Institution,நிறுவனத்தின் பணிகள்
"Providing continuous  training in the three languages to those persons who wish to acquire such knowledge to be able to teach Sinhala, Tamil and English languages.","சிங்களம், தமிழ் மற்றும் ஆங்கில மொழிகளில் கற்பிக்கக்கூடிய திறமையுடைய நபர்களை உருவாக்குவதற்காக அவ்வாறான அறிவை  பெறவிருப்பும்  நபர்களுக்கு அம்மூன்று மொழிகளில் தொடர்ச்சியான பயிற்சியை வழங்குதல்."
Conducting research and studies on issues about language training with the objective of utilising the results of studies and researches to conduct the activities of the Institution effeciently.,நிறுவனத்தின் நடவடிக்கைகளை வினைத்திறன்மிக்க வகையில் கொண்டு நடாத்துவதற்கான ஆராய்ச்சி மற்றும் ஆய்வுகளின் முடிவுகளை பயன்படுத்தும் நோக்கத்துடன் மொழிப்பயிற்சி   தொடர்பிலான பிரச்சினைகள் பற்றிய ஆராய்ச்சி மற்றும் ஆய்வுகளை நடாத்தல்.
Providing language training and education to suitable persons and awarding certificates and diplomas to those who successfully complete such language training and education.,பொருத்தமான நபர்களுக்கு மொழிப் பயிற்சி மற்றும்  கல்வியை  வழங்குதல் மற்றும் அப்பயிற்சி மற்றும் கற்கைநெறிகளை வெற்றிகரமாக பூர்த்தி செய்யும் நபர்களுக்கு சான்றிதழ்கள் மற்றும் டிப்ளோமா சான்றிதழ்களை வழங்குதல்.
Establishing a board of trained  personnel to continue language studies.,மொழிக் கற்பித்தலை தொடர்வதற்காக பயிற்றப்பட்ட நபர்களை உள்ளடக்கிய சபையொன்றைத் தாபித்தல்.
Setting up of a depository of details related to languages.,மொழிகள் தொடர்பான தரவுகளை சேமிக்கும் இடத்தைத் தாபித்தல்.
"Conducting special language training courses in Sinhala,Tamil and English languages for persons belonging to special categories such as interpreters, translators and stenographers.","மொழிபெயர்ப்பாளர்கள், உரைபெயர்ப்பாளர்கள் மற்றும் தட்டச்சாளர்கள் போன்ற விசேட குழுக்களுக்கு சிங்களம், தமிழ் மற்றும் ஆங்கில மொழிகளில் விசேடமான பயிற்சி கற்கைநெறிகளை நடாத்தல்."
Various Training Courses conducted by the National Institute of Language Education and Training in the year 2015,தேசிய மொழிக்கல்வி மற்றும் பயிற்சி நிறுவனத்தினால் 2015 ஆம் ஆண்டில் அமுற்படுத்தப்பட்ட  பல்வேறு பயிற்சி கற்கைநெறிகள்
6.1. Part-time training courses for public officers,6.1. அரச உத்தியோகத்தர்களுக்கான பகுதி நேர மொழிப் பயிற்சி கற்கைநெறிகள்
"In order to empower the public officers in the two official languages, island wide part-time Language training programmes are implemented by the National Institute of Language Education and Training.",அரச உத்தியோகத்தர்களை இரு மொழிகளிலும் வலுப்படுத்துவதற்கான பகுதி நேர கற்கைநெறியானது நாடளாவிய ரீதியில் தேசிய மொழிக்கல்வி மற்றும்  பயிற்சி நிறுவனத்தினால் நடாத்தப்படுகின்றது.
"These programmes are organized at service stations level and conducted in such government institutions as Government Departments, Divisional Secretariats and Police Stations covering a duration of 4 to 6 hours per week, without causing disturbance to official duties of the participants.","இந்த நிகழ்ச்சித்திட்டங்கள் சேவை நிலைய மட்டத்தில்  ஒழுங்கமைக்கப் படுவதுடன் அரச திணைக்களங்கள், பிரதேச செயலகங்கள், காவல் நிலையங்கள் ஆகிய அரச நிறுவனங்களின் உத்தியோகத்தர்களின் பணிகளுக்கு  தடையேற்படாத  வகையில் வாரத்திற்கு  4 அல்லது  6 மணித்தியாலயங்கள் நடாத்தப்படுகின்றன."
"While these Sinhala and Tamil Training Programmes are divided into four categories as level I, II,III and Level IV,the time durations of them are 250 hours,200 hours,150 hours and 100 hours respectively.","இந்த  சிங்கள, தமிழ் பகுதி நேர மொழிப் பயிற்சி கற்கைநெறிகள்   I, II, III மற்றும்  IV மட்டங்களாகப் பிரிக்கப்பட்டுள்ளதுடன் Iவது மட்டத்தில்  250  மணித்தியாளங்களும், IIவது  மட்டத்தில் 200 மணித்தியாளங்களும், IIIவது மட்டத்தில் 150 மணித்தியாளங்களும் மற்றும் IV வது மட்டத்தில் 100 மணித்தியாளங்களும் உள்ளடக்கப்படுகின்றன."
The objective of this programme is to improve the efficiency of the public service by enhancing the public officers'second language proficiency and facilitate the effective implementation of Official Language Policy.,"இந்த கற்கைநெறியை செயற்படுத்துவதன் நோக்கங்களாவன, அரச  உத்தியோகத்தர்களுக்கு  இரண்டாம் மொழித் தேர்ச்சியை வழங்குவதன் மூலம் அரச  சேவையின் வினைத்திறனை மேம்படுத்தல், அரசகரும மொழிக் கொள்கையை வினைத்திறனாக மேற்கொள்வதற்கு வசதியளித்தல் என்பனவாகும். ."
The details of the part-time language training programmes conducted for public officers in the year 2015 are as follows.,"அந்த வகையில் 2015 ஆம் ஆண்டில், அரச உத்தியோகத்தர்களுக்காக நடாத்தப்பட்ட  பகுதிநேர பயிற்சி  கற்கைநெறிகளின் விபரம்  பின்வருமாறு."
Classes approved for 2015,2015 ஆம் ஆண்டில் அனுமதி வழங்கப்பட்ட வகுப்புகள்
Leve l,மட்டம் I
Leve l1,மட்டம் II
Level III,மட்டம் III
"Accordingly, arrangements were made to provide training for around 5456 public officers through 186 classes by the Institute in the year 2015.","அந்த வகையில், நிறுவனமானது 2015 ஆம் ஆண்டில் 186 வகுப்புகளை நடாத்தியதன் மூலம் ஏறக்குறைய 5446 அரச உத்தியோகத்தர்களுக்கு மொழிப் பயிற்சி வழங்குவதற்கான ஏற்பாடுகளை ஒழுங்கமைத்தது."
Level l,மட்டம் I
Level l1,மட்டம் II
6.2. 12 day Non-residential Tamil Language Training Courses for Public Officers,6.2. அரச உத்தியோகத்தர்களுக்கான தங்குமிட வசதியற்ற 12 நாள் இரண்டாம் மொழிப் பயிற்சி கற்கைநெறி
12-day Short Term Language Training Courses are to be organized by the National Institute of Language Education and Training for public officers who are unable to attend the part-time language training programmes.,பகுதி நேர கற்கைநெறிகளுக்கு இணைவதற்கு முடியாத அரச உத்தியோகத்தர்களுக்கு 12 நாள் குறுங்கால மொழிப் பயிற்சி கற்கைநெறிகள் தேசிய மொழிக்கல்வி மற்றும் பயிற்சி நிறுவனத்தினால் ஒழுங்கமைக்கப்படும்.
This 12-day Short Term Language Training programme can be identified as a unique effort of the Institute to cultivate humane and pro-coexistence feelings in public officers and thereby to bring about cultural and social integration.,கலாசாரம் மற்றும் சமூக ஒருமைப்பாட்டிற்காக மனித நேயம் மற்றும் சகவாழ்வுப் பண்புடன் கூடிய அரச உத்தியோகத்தர்களை உருவாக்க நிறுவனமானது மேற்கொள்ளும் முக்கிய முயற்சியாக இந்த  12 நாள் குறுங்கால மொழிப் பயிற்சியை குறிப்பிடலாம்.
"The officers participating in the classes should continuously attend the classes for 12 days and on completion of the course, certificates are awarded based on the result of a written and oral test.","இந்த கற்கைநெறியை மேற்கொள்ளும் உத்தியோகத்தர்கள் 12 நாட்களும் தொடர்ந்து பங்குபற்ற வேண்டுமென்பதுடன், கற்கைநெறியை நிறைவு செய்த பின்னர் முறையான எழுத்து மற்றும் பேச்சு மதிப்பீடுகளுக்கு அமைய சான்றிதழ்கள் வழங்கப்படும்."
The details of the 12-day non residential language training programmes conducted for public officers are as follows.,2015 ஆம் ஆண்டில்  நடாத்தப்பட்ட  12  நாட்கள் தங்குமிட வசதியற்ற கற்கைநெறிகள் பற்றிய விபரங்கள் பின்வருமாறு.
"Health	Medical officers training center, Kopay","சுகாதார வைத்திய உத்தியோகத்தர்களுக்கு பயிற்சியளிக்கும் மத்திய நிலையம், கோப்பாய்"
June 10-21,ஜூன் 10-21
University of Vavuniya,வவுனியா பல்கலைக்கழகம்
June 11-22,ஜூன் 11-21
Management development centre,முகாமைத்துவ அபிவிருத்தி  மத்திய நிலையம்
Sabaragamuwa provincial centre,சபரகமுவ மாகாண நிலையம்
June 16-27,ஜூன்  16-17
"Screed Heart college, Rajagiriya","சிரி ஹத கல்லூரி, இராஜகிரிய"
July 16-27,ஜூலை  16-17
Divisional Secretariat Kelaniya,களனி பிரதேச செயலகம்
July 21-Aug 01,ஜூலை 21-ஆகஸ்ட் 01
Divisional Secretariat Tangalla,தங்கல்ல பிரதேச செயலகம்
Sep 11- 22,செப். 11-122
Oct 15-26,ஓக்டோபர் 15-26
"Sirihandha college, Rajagiriya","சிரி ஹத கல்லூரி, இராஜகிரிய"
Oct 21- Nov 01,ஓக்டோபர் 21-நவம்பர் 01.
Divisional Secretariat Batticaloa,மட்டக்களப்பு பிரதேச செயலகம்
Oct 23 Nov 03,ஓக்டோபர் 23 நவம்பர் 03
Divisional	Secretariat Nochchiyagam,நொச்சியாகம பிரதேச செயலகம்
Divisional	Secretariat Bamunakotuwa,பமுனகொடுவ பிரதேச செயலகம்
Nov 08-19,நவம்பர் 08-19
Divisional	Secretariat Galgamuwa,கல்கமுவ பிரதேச செயலகம்
Sabaragamuwa Provincial centre,சபரகமுவ மாகாண நிலையம்
Nov 9-20,நவம்பர் 09-20
Divisional Secretariat Thihagoda,திஹகொட  பிரதேச செயலகம்
Nov 09- 20,நவம்பர் 09-20
"Gamunu	Regiment School, Diyatalawa","கெமுனு ரெஜிமன்ட் பாடசாலை, தியத்தலாவ"
Nov 11 - 21,நவம்பர் 11-21
Divisional Secretariat Kalutara,களுத்தறை பிரதேச செயலகம்
Nov 14-25,நவம்பர் 14-25
Divisional Secretariat Uhana,உஹன  பிரதேச செயலகம்
Nov 16-27,நவம்பர் 16-27
Divisional Secretariat Ambalantota,அம்பலந்தொட்ட  பிரதேச செயலகம்
District Secretariat Monaragala,மொணராகல பிரதேச செயலகம்
District Secretariat Trincomalee,திருகோணமலை பிரதேச செயலகம்
Nov 18-29,நவம்பர் 18-29
Divisional	Secretariat Devinuwara,தெவிநுவர பிரதேச செயலகம்
Nov 21-Dec 02,நவம்பர் 21-டிசம்பர் 02
Divisional Secretariat Okwala,ஓக்வல  பிரதேச செயலகம்
Nov 23-Dec 04,நவம்பர் 23- டிசம்பர் 04
Divisional	Secretariat Hambantota,ஹம்பந்தொட்ட  பிரதேச செயலகம்
Nov 25 -Dec 06,நவம்பர் 25-டிசம்பர் 06
Divisional	Secretariat Yatinuwara,யடிநுவர பிரதேச செயலகம்
Nov 26 Dec 07,நவம்பர் 26 -டிசம்பர் 07
Divisional Secretariat Badalkumbura,படல்பும்புர பிரதேச செயலகம்
Dec 01- 11,டிசம்பர் 01-11
Divisional	Secretariat Rajanganaya,ராஜாங்கனய பிரதேச செயலகம்
Dec 06-17,டிசம்பர் 06-17
Divisional	Secretariat Meerigama,மீரிகம  பிரதேச செயலகம்
Dec 07 - 17,டிசம்பர் 07-17
Divisional	Secretariat Thanamalwila,தனமல்வில  பிரதேச செயலகம்
Dec 08- 19,டிசம்பர் 08-19
Divisional Secretariat Thissamaharama,திஸ்ஸமஹராம பிரதேச செயலகம்
Dec 08-19,டிசம்பர் 08-19
Divisional	Secretariat Seethawaka,சீதாவக்க பிரதேச செயலகம்
Nov 26 Dec 11,நவம்பர் 26 - டிசம்பர் 11
Daham medura Ampara,தஹம் மெதுர
Dec 02-13,டிசம்பர் 02-13
6.3 Teacher Training Programmes,6.3. ஆசிரியர் பயிற்சி  நிகழ்ச்சித்திட்டம்
"Only those who participate in the 5-day residential Teacher Training Programmes conducted by the Institute and get through the relevant test, are eligible to teach in the island wide teacher training programmes conducted by the institute.",05  நாள் வதிவிட நிகழ்ச்சித்திட்டத்தில் பங்கேற்று அதில் சித்தியடையும் ஆசிரியர்கள் மட்டுமே நிறுவனத்தினால் நாடாளவிய ரீதியில் ஒழுங்கு செய்யப்படும் மொழிப் பயிற்சி கற்கைநெறியை கற்பிப்பதற்குரிய தகைமையை பெறுவர்.
"While these teachers employ the  heartly-fused teaching learning Process in teaching, Institution conducts provincial level review and supervisory training study courses meant for them.","இந்த ஆசிரியர்கள் இதயபூர்வமாக இணைந்த கற்றல் மற்றும் கற்பித்தல் செயன்முறையை கையாண்டு கற்பித்தல் நடவடிக்கைகளில் ஈடுபடுகின்ற அதேவேளையில், நிறுவனமானது அவர்களுக்கான மாகாண மட்ட மீளாய்வு மற்றும் மேற்பார்வை பயிற்சிக் கற்கைநெறிகளையும் செயற்படுத்துகின்றது."
"The objectives of these programmes are to teach the second language to the public officers for the purpose of implementation of the Official Language Policy and to produce a pool of teachers capable of providing knowledge to the general public to acquire language proficiency,through the National Movement of Language Associations.","அரசகரும மொழிக் கொள்கையை அமுற்படுத்தும் வகையில் அரச உத்தியோகத்தர்களுக்கு இரண்டாம் மொழியை கற்பிப்பதும், தேசிய மொழிச் சங்கங்கள் ஊடாக  பொது மக்களுக்கு மொழித் தேர்ச்சியை வழங்ககூடிய  சிறந்த திறமையான ஆசிரியர்  குழாத்தை  உருவாக்குதலும் இவ்வாறான நிகழ்ச்சித் திட்டங்கள்  நடாத்துவதன் நோக்கங்களாகும்."
"In 2015, 02 teacher training programmes were conducted as income generating programmes and 68 teachers have been trained under the programme.","2015 ஆம் ஆண்டில் வருமானம்  ஈட்டும் நிகழ்த்திட்டங்களின் கீழ் ஆசிரியர்களுக்கான பயிற்சி நிகழ்ச்சித்திட்டங்கள் 02 நடாத்தப்பட்டதுடன், இந்நிகழ்ச்சித் திட்டங்களில் 68 ஆசிரியர்கள் பயிற்றுவிக்கப் பட்டுள்ளனர்."
6.4.Progress Review and supervision training programmes for teachers,6.4. ஆசிரியர்களுக்கான பின்தொடர் மற்றும் மேற்பார்வை பயிற்சி நிகழ்ச்சித்திட்டங்கள்
Agalawattta	Training Centre,அகலவத்தை பயிற்சி நிலையம்
"Feb 12, 13","பெப்ரவரி  12,13"
92 (no of groups 02),92( குழுக்களின் எண்ணிக்கை 2)
"March 08,09","மார்ச் 08,09"
86 (no of groups 02),86  ( குழுக்களின் எண்ணிக்கை   2)
March 18 -20,மார்ச் 18-20
Agalawattta Training Cente,அகலவத்தை பயிற்சி நிலையம்
"June 29,30","ஜூன் 29,30"
Agalawattta Training Centre,அகலவத்தை பயிற்சி நிலையம்
"September 29,30","செப்தெம்பர் 29,30"
86 (no of groups 2),86 (குழுக்களின் எண்ணிக்ைக 02)
"Oct 10,11","ஒக்டோபர் 10,11"
92 (no of groups 2),92 (குழுக்களின்  எண்ணிக்கை  02)
6.5.Planning and Development of Curriculums,6.5. பாடவிதானங்கள் திட்டமிடலும் அபிவிருத்தியும்
Programme for Preparation of the syllabus for Step I and II of the 60-hour Tamil language programmes intended for the National Integration Coordination officers recruited and a total of around 05 such programmes were conducted in 2015.,2015 ஆம் ஆண்டில் புதிதாக  அரசசேவைக்கு  ஆட்சேர்ப்பு  செய்யப்பட்ட தேசிய ஒருப்பாட்டு ஒருங்கிணைப்பு உத்தியோகத்தர்களுக்காக 60  மணித்தியால தமிழ் மொழி நிகழ்ச்சித்திட்டங்களின் படிநிலை II மற்றும் IIIக்கான பாடவிதானங்கள் தயாரிப்புப் பணி உட்பட  இத்தகைய நிகழ்ச்சித் திட்டங்கள் 05 வரையில்  நடாத்தப்பட்டுள்ளது.
Feb. 06-08,பெப்ரவரி 06-08
"April 03,04","ஏப்ரில் 03,04"
June 01-05,ஜூலை 01-05
"Aug 22,23",ஆகஸ்ட்  22-23
Office in Colombo,கொழும்பு அலுவலகம்
1st week of October onwards,ஒக்டோபர்  மாத முதல் வாரத்தில் இருந்து
6.6.Language Training Programme for Civil Society,6.6. சிவில் சமூகத்திற்கான மொழிப் பயிற்சி நிகழ்ச்சித் திட்டம்
150-hour Sinhala/Tamil language training programme,"150 மணித்தியால சிங்கள, தமிழ் மொழிப் பயிற்சி நிகழ்ச்சித் திட்டம்"
A Language Training Programme for Civil Society was initiated in 2012.,சிவில் சமூகத்திற்கான மொழிப் பயிற்சி நிகழ்ச்சித்திட்டமொன்று 2012 ஆம் ஆண்டில் ஆரம்பிக்கப்பட்டது.
"The 150-hour course consisting of (100 hours of oral and 50 hours of written training),these programmes were  conducted island wide.",இந்த கற்கைநெறியானது 150 மணித்தியாலங்களைக் கொண்ட  பாடநெறியாகும் என்பதுடன். (100 மணித்தியால பேச்சு மற்றும் 50 மணித்தியால எழுத்து பயிற்சியையும் உள்ளடக்கியது) இது நாடளாவிய ரீதியிலும் முன்னெடுக்கப்பட்டது.
The objective of the porgramme was to enhance the social integration through providing the general public with Sinhala and Tamil language knowledge.,பொது மக்களுக்காக சிங்களம் மற்றும் தமிழ் மொழித் திறனை வழங்குவதன் மூலம் சமூக ஒருமைப்பாட்டை ஏற்படுத்துவதே இந்த கற்கைநெறியின் நோக்கமாக காணப்பட்டது.
Details of the classes conducted for Language Associations in 2015 are as follows.,2015 ஆம் ஆண்டில்  நடாத்தப்பட்ட  மொழிச் சங்க வகுப்புகள் பற்றிய விபரங்கள் கிழே தரப்பட்டுள்ளன.
classes for which approval was given in 2015,2015 ஆம் ஆண்டில் அங்கீகாரம் வழங்கப்பட்ட வகுப்புகள்
"Accordingly, the steps were taken by the institute to give approval for conducting 296 classes for training 8880 participants.","அந்தவகையில், 2015ஆம்  ஆண்டில்  296 மொழி வகுப்புக்கள் ஊடாக  8880  பயனாளிகளுக்கு  பயிற்சியளிப்பதற்கான அனுமதியை பெற்றுக் கொடுப்பதற்கு  நிறுவனத்தால் நடவடிக்கை எடுக்கப்பட்டது."
Classes commenced in 2015,2015 ஆம் ஆண்டில் ஆரம்பிக்கப்பட்ட வகுப்புகள்
"Accordingly,144 classes were commenced in 2015 for 5598 participants.","அந்த வகையில், 2015 ஆம் ஆண்டு 144  வகுப்புகள் ஆரம்பிக்கப்பட்டதுடன் அவற்றினூடாக 5598  பயனாளிகளுக்கு மொழிப்பயிற்சி வழங்குவதற்கு நடவடிக்கை எடுக்கப்பட்டது."
Classes completed as at 31.12.2015,2015.12.31 ஆம்  திகதி  நிறைவு செய்யப்பட்ட வகுப்புகள்
Sinhala,சிங்களம்
Tamil,தமிழ்
Classes commenced in 2015 and not duly completed,2015  ஆம் ஆண்டில் ஆரம்பிக்கப்பட்டு முறையாக நிறைவு செய்யப்படாத வகுப்புக்கள்
"According to the above table,only 04 classes were not held in 2015.",மேற்படி  அட்டவணையின் பிரகாரம் 2015 ஆம் ஆண்டில் 04 வகுப்புக்கள் மாத்திரம்  செயற்படவில்லை.
6.7. 12-day non residential Sinhala/Tamil language training programmes conducted under the Language Associations National Movement for students who have completed the A/L Examination,6.7. மொழிச் சங்க தேசிய இயக்கத்தின் கீழ் க.பொ.த. (உ/த) பரீட்சையை நிறைவு செய்த மாணவர்களுக்கு நடாத்தப்பட்ட 12 நாள் வதிவிட வசதியற்ற  சிங்கள தமிழ் மொழிப் பயிற்சி நிகழ்ச்சித்திட்டம்
"In 2015, Islandwide programmes were conducted by the institute for students who had completed G.C.E. (A/L) examination.","2015 ஆம் ஆண்டில், நிறுவனத்தால்  நாடளாவிய  ரீதியில் க.பொ.த. (உ/த) பரீட்சையை நிறைவு செய்த மாணவர்களுக்கு மொழிப் பயிற்சி பெற்றுக்கொடுக்கும் நிகழ்ச்சித் திட்டங்கள் நடாத்தப்பட்டன."
"Accordingly, around 2232 participants were trained under the programme through about 30 language training programmes covering the entire island.","அந்த வகையில், முழு நாட்டையும்  உள்ளடக்கியவாறு கிட்டத்தட்ட 30  மொழிப்பயிற்சி நிகழ்ச்சித் திட்டங்கள்  ஊடாக 2232 பயனாளிகளுக்கு பயிற்சியளிக்கப்பட்டது."
Nuwara-Eliya,நுவரெலியா
Ambagamuwa disrict secatariat,அம்பகமுவ மாவட்டச் செயலகம்
Sabaragamuwa Provincial Center,சபரகமுவ மாகாண நிலையம்
"Wendala temple, Karawanella.","வெந்தல விகாரை, கரவனெல்ல"
Kalutara,களுத்தரை
Welipenna Sanasa society,வெலிப்பன்ன சனச சங்கம்
"Social care institute,Beruwala","சமூக பராமரிப்பு  நிலையம், பேருவலை"
Haburugala Community center,ஹபுருகல சனசமூக நிலையம்
Secretariat Mullativu,முல்லைத்தீவு மாவட்டச் செயலகம்
Nelli Adi Central college,நெல்லியடி மத்தியக் கல்லூரி
Kokkuwil Hindu College,கொக்குவில் இந்துக் கல்லூரி
English Training center,ஆங்கில பயிற்சி நிலையம்
Killinochchi,கிளிநொச்சி
District Secretariat Killinochchi,கிளிநொச்சி  கச்சேரி
Gamini Vidyalaya,காமினி வித்தியாலயம்
Kaleliya Adarsha Kanishta Vidyalaya,கல்எலிய மாதிரி கனி~;ட பாடசாலை
"Navinna Annonyadhara Samithi hall, Maharagama","நாவின்ன அன்யோன்யாதார சங்க மண்டபம், மஹரகம"
Hambantota,ஹம்பந்தொட்ட
"Girihada Raja Maha Viharaya, Ambalantota","கிரிஹந்த மகா வித்தியாலயம், அம்மலாந்தொட்ட"
Divisional secretariat,பிரதேச செயலகம்
"Sri Wishudharamaya, Gampola","ஸ்ரீ விசுத்தாராமய, கம்பொல"
"Sri Uththararamaya, Passara","ஸ்ரீ உத்தராமாய, பசறை"
Putttalam,புத்தளம்
"Divisional secretariat, Mahawewa",மஹாவெவ பிரதேச செயலகம்
Monaragala,மொணராகல
Bakinigahawela Muslim Maha Vidyalaya,பகிணிகஹவெல முஸ்லிம் ம.வி.
Youth service center Monaragala,"இளைஞர் சேவைகள் நிலையம், மொனராகல"
"Divisional secretariat, Monaragala",மொனராகல பிரதேச செயலகம்
"Divisional secretariat, Mallawapitiya",மல்லவஹபிடிய பிரதேச செயலகம்
Urban Council hall,நகர சபை மண்டபம்
"Divisional secretariat, Karativu",காரதீவு பிரதேச செயலகம்
"Divisional secretariat, Ampara",அம்பாறை பிரதேச செயலகம்
"Divisional secretariat, Batticaloa",மட்டக்களப்பு பிரதேச செயலகம்
Anuradhapura,அனுராதபுரம்
"Divisional secretariat, Palagala",பலாகல பிரதேச செயலகம்
"Divisional secretariat, Elahera",எலஹெர பிரதேச செயலகம்
Kalutara,களுத்தறை
Kamburawala Maha Vidyalaya,கம்புராவல மகா வித்தியாலயம்
6.8.Residential Tamil Language Training Programme for National Integration Promotion Officers.,6.8. தேசிய ஒருமைப்பாட்டு ஒருங்கிணைப்பு  உத்தியோகத்தர்களுக்கான தங்குமிட வசதியுடனான தமிழ் மொழிப் பயிற்சி நிகழ்ச்சித் திட்டம்
A 60-day Tamil language training programmeis conducted by the Institute for the newly recruited National Integration Promotion Officers.,புதிதாக அரச சேவைக்கு இணைத்துக் கொள்ளப்பட்ட தேசிய ஒருமைப்பாட்டு ஒருங்கிணைப்பு உத்தியோகத்தர்களுக்கு 60 நாட்களுக்கான தமிழ் மொழிப் பயிற்சி கற்கைநெறியானது தேசிய மொழிக் கல்வி மற்றும் பயிற்சி நிறுவனத்தினால் நடாத்தப்படுகிறது.
This programme is conducted for 06 months at the rate of 10 hours per month at the Agalawatta Training Centre.,இந்த நிகழ்ச்சித்திட்டமானது மாதத்தில் 10 நாட்கள் வீதம் வதிவிட கற்கைநெறியாக அகலவத்தை பயிற்சி நிலையத்தில் இடம்பெறுகிறது.
The Objective of the programme is enhancing the efficiency of the public service by improving the second language competency of the public officers.,அரச உத்தியோகத்தர்களுக்கு இரண்டாம் மொழித் தேர்ச்சியை மேம்படுத்துவதன்  மூலம்  வினைத்திறனான அரச சேவையை வழங்குதல் இந்நிகழ்ச்சித் திட்டத்தின் நோக்கமாகும்.
(July 17 - 26),(ஜூலை  17-26)
(Aug 24 - Sep 03),ஆகஸ்ட் 24-செப்டம்பர் 03)
Agalawattta Training  Centre,அகலவத்தை பயிற்சி நிலையம்
(Nov 05 - 14)),( நவம்பர் .05-14)
(Nov. 23 - Dec 4),(நவம்பர் 23-டிசம்பர் 4).
(Dec 4 -15),(டிசம்பர் 4-15)
6.9. Training and skills development programmes for the staff of the Institute,6.9. நிறுவனத்தின் பணியாள் தொகுதிக்கான பயிற்சியும் திறன் விருத்தியும்
Divers programmes are conducted by the National Institute of Language Education and Training to develop the skills of  its staff.,தேசிய மொழிக் கல்வி மற்றும் பயிற்சி நிறுவன பணியாள் தொகுதிக்கான திறன் விருத்தியை மேம்படுத்துவதற்காக நிறுவனத்தினால் பல்வேறு பயிற்சி நிகழ்ச்சித் திட்டங்கள் நடாத்தப்படுகின்றன.
"While Officers are sent to other institutions in order to provide them with opportunities for training, a programme was implemented including all the officers of the staff.","அதற்கான சந்தர்ப்பத்தை வழங்கும் வகையில் உத்தியோத்தர்கள் வேறு நிறுவனங்களுக்கு அனுப்பப்படுவதுடன், நிறுவனத்தின் பணியாள் தொகுதியின் அனைத்து  உத்தியோத்தர்களுக்கும் ஒரே தடவையில் நிகழ்ச்சித் திட்டமொன்று நடாத்தப்பட்டது."
This programme provides the staff with the career guidance and assistance necessary for personality development.,இந்த பயிற்சி நிகழ்ச்சித் திட்டத்தினூடாக பணியாள் தொகுதிக்கு தொழில் வழிகாட்டல்  உட்பட  ஆளுமை விருத்திக்கு தேவையான உதவியும் வழங்கப்படுகின்றது.
6.10. fee levying study courses,6.10. கட்டணம் அறிவிடப்படும் கற்கை நெறிகள்
Tamil language training programme for doctors,வைத்தியர்களுக்கான தமிழ் மொழிப் பயிற்சி நிகழ்ச்சித் திட்டம்
"In compliance with a request made by the department of health,a 11-day residential second language training programme was conducted for the medical doctors engaged in internship training.","சுகாதார அமைச்சின் வேண்டுகோளுக்கிணங்க, தொழிற் பயிற்சியில் உள்ள வைத்தியர்களுக்கு 11 நாள் வதிவிட வசதியுடனான இரண்டாம் மொழிப் பயிற்சி நிகழ்ச்சித் திட்டம் நடாத்தப்பட்டது."
"While the objective of this programme is to deliver an efficient and a cordial service to the general public, the total cost of this programme was  borne by the Ministry of Health.","இந்த கற்கைநெறிக்கான செலவை சுகாதார அமைச்சு ஏற்றுக் கொண்டதுடன், மக்களுக்கு திருப்தியானதும் வினைத்திறன்மிக்கதுமான சேவையை வழங்குவதே இந்த நிகழ்ச்சித் திட்டத்தின் நோக்கமாகும்."
"During 2015, 07 programmes of this nature were planned to be conducted.",2015 ஆம் ஆண்டில்  இவ்வாறான 07 நிகழ்ச்சித்திட்டங்களை நடாத்த திட்டமிடப்பட்டது.
Agalawatta training centre,அகலவத்தை பயிற்சி நிலையம்
Feb 20- March 02,பெப்ரவரி 20 - மார்ச் 02
May 26 - June 05,மே 26 - ஜூன் 05
Agalawatta training center,அகலவத்தை பயிற்சி நிலையம்
June 16- 27,ஜூலை  16 - 17
July 4- 14,ஜூலை 4 - 14
Aug 4- 14,ஆகஸ்ட் 4 - 14
Sep 4- 14,செப்டம்பர் 4 - 14
Sep 15 - 25,செப்டம்பர்  15 - 25
02. Short-term training programmes for Government/Semi-Government institutions,02. அரச மற்றும் பகுதியளவிலான அரச நிறுவனங்களுக்கான குறுங்காலப் பயிற்சி நிகழ்ச்சித் திட்டங்கள்
08 Short-term training programmes for government/semi-government institutions were planned to be conducted in the year 2015,அரச மற்றும் பகுதியளவிலான  அரச நிறுவனங்களுக்கான 08 குறுங்காலப் பயிற்சி நிகழ்ச்சித் திட்டங்களை நாடாத்த திட்டமிடப்பட்டது.
"While the costs of these programmes are borne by the respective institutions,the objective of this programme is to deliver a more efficient service to the general public by providing the public officers with the language training.","இந்த நிகழ்ச்சித் திட்டங்களுக்கான செலவை குறித்த நிறுவனங்களே  ஏற்றுக்கொள்வதுடன், பொது மக்களுக்கு வினைத்திறன்மிக்க சேவையை வழங்கும் வகையில் அரச உத்தியோகத்தர்களுக்கு மொழிப் பயிற்சியை வழங்குவதே இந்த நிகழ்ச்சித் திட்டத்தின் நோக்கமாகும்."
"In 2015, 08 programmes of this nature were conducted for army officers.",2015 ஆம் ஆண்டில் இவ்வாறான 08 நிகழ்ச்சித்திட்டங்கள் இராணுவ அதிகாரிகளுக்கு நடாத்தப்பட்டன.
April 27 - May 8,ஏப்ரல் 27 - மே 8.
April 27-May 8,ஏப்ரல் 27 - மே 8.
November 5-14,நவம்பர்  5-14
Panagoda,பனாகொட
Welikanda,வெளிகந்த
Summary of the programmes conducted in 2015,2015ஆம் ஆண்டில் மேற்கொள்ளப்பட்ட நிகழ்ச்சித்திட்டங்களின் சுருக்கம்
1 Part-time Training programmes conducted for public officers,1 அரச உத்தியோகத்தர்களுக்கு நடாத்தப்பட்ட பகுதிநேரப் பயிற்சி கற்கைநெறிகள்
Level I,மட்டம் I
Level II,மட்டம் II
Language training programmes for the general public,பொது மக்களுக்கான மொழிப் பயிற்சி நிகழ்ச்சித்திட்டம்
12-day non-residential language training programmes for public officers,அரச உத்தியோகத்தர்களுக்கான வதிவிட வசதியற்ற 12 நாள் மொழிப் பயிற்சி கற்கைநெறி
No of programmes,நிகழ்ச்சித்திட்டங்களின் எண்ணிக்கை
Progress Review programmes for teachers,ஆசிரியர்களுக்கான பின்தொடர் நிகழ்ச்சித்திட்டம்
Language training programmes for doctors,வைத்தியர்களுக்கான மொழிப் பயிற்சி நிகழ்ச்சித்திட்டம்
Language training programme for National Integration Coordination Officers,தேசிய ஒருமைப்பாட்டு ஒருங்கிணைப்பு உத்தியோகத்தர்களுக்கான மொழிப் பயிற்சி நிகழ்ச்சித்திட்டம்
Teacher training programmes on Sinhala/Tamil languages,சிங்களம்/தமிழ் மொழி ஆசிரியர் பயிற்சி நிகழ்ச்சித்திட்டங்கள்
Language training programmes for Army officers,இராணுவ உத்தியோகத்தர்களுக்கான மொழிப் பயிற்சி நிகழ்ச்சித்திட்டங்கள்
Language training programme for nurses,தாதியர்களுக்கான மொழிப் பயிற்சி நிகழ்ச்சித்திட்டம்
Communication skills development programme,தொடர்பாடல் திறன் விருத்தி நிகழ்ச்சித் திட்டம்
Awareness programmes,விழிபூட்டல் நிகழ்ச்சித்திட்டம்
Language training programmes students who have completed  G.C.E.(A/L) examination,க.பொ.த. (உ/த) பரீட்சையை நிறைவு செய்த மாணவர்களுக்கான நிகழ்ச்சித் திட்டம்
Planning and Development of Curriculums,பாடவிதானங்கள் திட்டமிடலும் அபிவிருத்தியும்
03 sessions  on Planning of curriculums,பாடவிதானங்கள் திட்டமிடல் பற்றிய  3 அமர்வுகள்
Financial Progress of National Institute of Language Education and Training,தேசிய மொழிக் கல்வி மற்றும் பயிற்சி நிறுவனத்தின் நிதி முன்னேற்றம்
Estimated Cost,மதிப்பீடுசெய்யப்பட்ட தொகை
Part-time Training programmes conducted for public officers,அரச உத்தியோகத்தர்களுக்கு நடாத்தப்பட்ட பகுதி நேரப் பயிற்சி  பாடநெறிகள்
12-day non-residential language training programmes for public officers,அரச உத்தியோகத்தர்களுக்கான வதிவிட வசதியற்ற 12 நாள் இரண்டாம் மொழிப் பயிற்சி கற்கைநெறி
Progress Review and Monitoring programmes for teachers,ஆசிரியர்களுக்கான பின்தொடர் மற்றும் ஒழுங்குபடுத்தல் நிகழ்ச்சித் திட்டம்
Training programmes for the staff of the Institute,நிறுவனத்தின் பணியாள் தொகுதிக்கான பயிற்சியும் திறன் விருத்தியும்
10-day Tamil language training programme for the National Integration Coordination Officers,தேசிய ஒருமைப்பாட்டு மேம்பாட்டு உத்தியோகத்தர்களுக்கான 10 நாள் தமிழ் மொழிப் பயிற்சி நிகழ்ச்சித்திட்டம்
Acquisition of capital assets,நிலையான சொத்துக்களை பெற்றுக் கொள்ளல்
Communication skills development programme,தொடர்பாடல் திறனை மேம்படுத்துவதற்கான நிகழ்ச்சித்திட்டம்
Training programmes for Army officers,இராணுவ உத்தியோகத்தர்களுக்காக நடாத்தப்படும் பயிற்சி நிகழ்ச்சித்திட்டம்
Awareness programmes,விழிப்பூட்டல் நிகழ்ச்சித்திட்டங்கள்
Programmes conducted for doctors,வைத்தியர்களுக்கான பயிற்சி நிகழ்ச்சித்திட்டம்
17 day non- residential Tamil language training programme for newly recruited nurses,புதிதாக சேவைக்கு அமர்த்தப்பட்ட  தாதியர்களுக்காக நடாத்தப்பட்ட  தங்குமிட வசதிற்ற 17 நாள் தமிழ் மொழிக் கற்கைநெறி
150 hour Sinhala/Tamil language training programme for the general public,பொது மக்களுக்கான 150 மணித்தியால சிங்கள/தமிழ் பயிற்சி கற்கைநெறி
14 12-day non-residential Sinhala/Tamil language training programmes for students who have completed A/L examination was conducted under the Language Associations National Movement,மொழிச்சங்க தேசிய  நிகழ்ச்சித் திட்டத்தின் கீழ்  க.பொ. த (உ/த) நிறைவு செய்த மாணவர்களுக்கு நடாத்தப்பட்ட 12 நாள் வதிவிட வசதியற்ற சிங்களம்/தமிழ் மொழிப் பயிற்சி நிகழ்ச்சித்திட்டம்
07. National Secretariat for Non-Governmental Organizations,07. அரச சார்பற்ற நிறுவனங்களுக்கான தேசிய செயலகம்
Coordinating the resources and the activities of NGO’s within the National Policy Framework and make them contribute as partners towards the process of development of the country.,தேசிய கொள்கைக்கு  உட்பட்டவாறு அரச சார்பற்ற நிறுவனங்களின் வளங்கள் மற்றும் அவற்றின் செயற்பாடுகளை ஒருங்கிணைத்து அவர்களை நாட்டின் அபிவிருத்தி செயன்முறையில் பங்குதாரர்களாக மாற்றுதல்.
Ensuring that resources mobilized from legally recognized NGOs are used in the interest of the people within the framework of law and policy.,சட்டரீதியாக ஏற்றுக்கொள்ளப் பட்டுள்ள அரச சார்பற்ற நிறுவனங்களில் இருந்து கிடைக்கும் வளங்களை நாட்டின் சட்டம் மற்றும் கொள்கைசார் வரம்பிற்கு உட்பட்டவாறு மக்களின் நன்மைக்காக பயன்படுத்துவதை உறுதிசெய்தல்.
Creating a conducive environment for National and International communities [Civil Societies] to contribute towards developmental activities voluntarily for the betterment of affected parties.,பாதிக்கப்பட்ட தரப்பினருக்கு உதவும் வகையில் அபிவிருத்தி செயன்முறையில் தன்னார்வத்துடன் பங்கேற்கும் வகையில் தேசிய மற்றும் சர்வதேச சிவில் சமூகங்களுக்குச் சாதகமான சூழலை ஏற்படுத்தல்.
Strategy,மூலோபாயம்
Accepting the NGOs as responsive service providers to beneficiaries with the intervention and supervision of the government,அரச தலையீடு மற்றும் மேற்பார்வையின் கீழ் பயனாளிக்கு சேவைகளை வழங்கும்  வகையில் அரச சார்பற்ற நிறுவனங்களை பதிலீட்டு சேவை வழங்குநர்களாக ஏற்றுக் கொள்ளும் மூலோபாயம்.
Main divisions of the NGO Secretariat,அரச சார்பற்ற நிறுவனங்களுக்கான தேசிய செயலகத்தின் பிரதான பிரிவுகள்
All functions of the Secretariat for NGOs have been organized under the following divisions in order to achieve the above objectives.,மேற்குறிப்பிட்ட நோக்கங்களை அடைந்து கொள்ளும் நோக்கில்  அரச சார்பற்ற நிறுவனங்களுக்கான செயலகத்தின் அனைத்து நடவடிக்கைகளும் கீழ் வரும் பிரிவுகளின் கீழ் ஒழுங்கமைக்கப் பட்டுள்ளன.
1. Division of registration of NGOs and Investigation,1. அரச சார்பற்ற நிறுவனங்களை பதிவு செய்தல் மற்றும் விசாரணைப் பிரிவு
2. Division of monitoring and supervision,2. அரச சார்பற்ற நிறுவனங்கள் பற்றிய மேற்பார்வை மற்றும் கண்காணிப்புப் பிரிவு
3. Facilitation and service providing Division,3. வசதி மற்றும் சேவை வழங்கல் பிரிவு
4. Administration Division,4. நிர்வாகப் பிரிவு
08. Foreign Funded Projects under the Ministry,08. அமைச்சின் கீழ் செயற்படும் வெளிநாட்டு நிதியுதவித் திட்டங்கள்
08.1. Facilitation for Social Cohesion and Transformation Projects,8.1. சமூக  மாற்றம் மற்றும் ஒருங்கிணைப்பு செயற்றிட்டங்களுக்கான அனுசரணை
"Facilitating Initiatives for Social Cohesion and Transformation Project is implemented by the Development Assistant Institute of Germany on behalf of the German Federal Ministry for Economic Cooperation and Development in collaboration with the Ministry of National Co-existence, Dialogue and Official Languages in Sri Lanka.","ஜேர்மனிய கூட்டாட்சியின் பொருளாதார கூட்டுறவு மற்றும் அபிவிருத்தி அமைச்சின் சார்பாக ஜேர்மனிய அபிவிருத்தி உதவியளிப்பு நிறுவனமானது சமூக ஒருங்கிணைவு மற்றும் பரிமாற்றம் பற்றிய உதவியளிப்பு செயற்றிட்டத்தின் மூலம் இலங்கை தேசிய சகவாழ்வு, கலந்துரையாடல் மற்றும் அரசகரும மொழிகள் அமைச்சுடன் இணைந்து செயற்றிட்டங்களை நடாத்துகின்றது."
"The Ministry of National Co-existence, Dialogue and Official Languages functions as the Sri Lankan partner of the project.","செயற்றிட்டங்களின் பங்குதார்களாக இலங்கை தேசிய  சகவாழ்வு, கலந்துரையாடல் மற்றும் அரசகரும மொழிகள் அமைச்சானது  செயற்படுகின்றது."
Facilitating Initiatives for Social Cohesion and Transformation Project assists the Government of Sri Lanka by supporting the development and implementation of a policy framework for social integration and inclusive citizen participation among state and civil society activists.,"சமூக ஒருங்கிணைப்பு மற்றும்  சமூக பரிமாற்ற  முன்னெடுப்புக்கான அனுசரணை செயற்றிட்டமானது அரச மற்றும் சிவில் சமூக செயற்பாட்டாளர்களுக்கு சமூக ஒருமைப்பாட்டு கொள்கைளை நிறைவேற்றவும், பிரசைகளின் பங்கேற்றலை மேம்படுத்தவும் அவசியமான ஆதரவை வழங்கி  சமூக மாற்றம் மற்றும் ஒருங்கிணைப்பு செயற்றிட்டங்கள்  சார்பில் இலங்கை அரசாங்கத்துக்கு ஒத்துழைப்பை வழங்குகிறது."
"At the national level: Facilitation Project on Social Transformation and Integration works with the Ministry of National Co-existence, Dialogue and Official Languages and the Ministry of Local Government and Provincial Councils for social transformation and integration projects.","தேசிய மட்டத்தில் : சமூக பரிமாற்றம்  மற்றும் சமூக  ஒருங்கிணைப்பு முன்னெடுப்புக்கான அனுசரணை செயற்றிட்டமானது தேசிய சகவாழ்வு, கலந்துரையாடல் மற்றும் அரசகரும மொழிகள் அமைச்சு மற்றும் உள்ளூராட்சி, மாகாண சபைகள் அமைச்சு ஆகியவற்றுடன் சமூக மாற்றம் மற்றும் ஒருங்கிணைவு செயற்றிட்டங்கள் தொடர்பில் பணியாற்றுகிறது."
"At the local level: Facilitation Project on Social Transformation and Integration conducts its activities in 5 pilot districts namely Ampara, Badulla, Galle, Mullaitivu and Puttlam in collaboration with the Provincial Councils, District Secretariats, Divisional Secretariats and Pradeshiya Sabha Offices and selected Community-Based Organizations.","உள்ளூர் மட்டத்தில்: சமூக பரிமாற்றம்  மற்றும் சமூக  ஒருங்கிணைப்பு முன்னெடுப்புக்கான  அனுசரணை செயற்றிட்டமானது மாகாண சபை, மாவட்டச் செயலகம், பிரதேச செயலகம் மற்றும் பிரதேச சபைகள் ஆகியவற்றின் ஒருங்கிணைப்புடன் தேர்ந்தெடுக்கப்பட்ட  சமூக  அமைப்புகளுடன் இணைந்து  அம்பாறை, பதுளை, காலி, முல்லைத்தீவு மற்றும் புத்தளம் ஆகிய ஐந்து முன்னோடி மாவட்டங்களில் அவர்களின் பணிகளை மேற்கொள்கிறது."
"The new and the final phase of Facilitation Project on Social Transformation and Integration which was to be completed in mid March 2017, commenced  in January 2014.",2017 மார்ச்  நடுப்பகுதியில் நிறைவுசெய்ய வேண்டிய சமூக பரிமாற்றம் மற்றும் சமூக  ஒருங்கிணைப்பு  முன்னெடுப்புக்கான  அனுசரணை செயற்றிட்டத்தின் புதிய மற்றும் இறுதியான கட்டமானது  2014  சனவரி  மாதம் ஆரம்பமானது.
"The objective of this phase is to collaborate with “Government and Non-governmental Agencies"" and build social integration by building key elements for social integration.","இக்கட்டத்தின் நோக்கமானது  “அரச மற்றும் அரசுசார  தாபனங்களுடன் இணைந்து  சமூக  ஒருமைப்பாடு தொடர்பிலான கூறுகளை கட்டியெழுப்புவதன் ஊடாக சமூக ஒருங்கிணைவை மேம்படுத்துதல்"" ஆகும்."
The results to be achieved by the above steps:,இதன் முலம்  அடையவுள்ள பெறுபேறுகள் :
Enhancing the Knowledge on Social Integration.,சமூக ஒருமைப்பாடு பற்றிய  அறிவை  அதிகரித்தல்.
Developing the skills of Government and Non-government agencies  engaged in social integration.,சமூக ஒருமைப்பாடு தொடர்பில் செயற்படும் அரச மற்றும் அரசு சாரா தாபனங்களின் திறனை விருத்தி செய்தல்.
Filing new trends and spreading them all over the country to promote social cohesion based on regional needs.,புதிய போக்குகளை தோற்றுவித்து உள்ளுர் தேவைகளை அடிப்படையாகக் கொண்டு சமூக ஒருமைப்பாட்டை மேம்படுத்தல்.
Facilitation Project on Social Transformation and Integration  functions  under four basic sectors in order to achieve the above results.,மேற்படி பெறுபேறுகளை அடையும் வகையில் சமூக பரிமாற்றம் மற்றும் சமூக ஒருங்கிணைப்பு முன்னெடுப்புக்கான  அனுசரணை செயற்றிட்டமானது நான்கு அடிப்படை துறைகளின் கீழ் செயலாற்றுகின்றது.
Implementation of the national policy mechanism in relation to social integration at National and District Level,சமூக ஒருமைப்பாட்டு தொடர்பிலான தேசியக் கொள்கை பொறிமுறையை தேசிய மற்றும் மாவட்ட மட்டத்தில்  நடைமுறைப்படுத்தல்
Implementation of the national policy mechanism at Local Government and Community Level,சமூக ஒருமைப்பாடு  தொடர்பிலான தேசிய கொள்கைப் பொறிமுறையை உள்ளூராட்சி மட்டத்தில் நடைமுறைப்படுத்தல்
Promoting Social Integration through  arts and culture,கலாசாரம் மற்றும் கலை நடவடிக்கைகள் ஊடாக சமூக ஒருமைப்பாட்டை மேம்படுத்தல்
Promoting Social Integration through Education and innovation,கல்வி மற்றும் புத்தாக்கம்  ஊடாக  சமூக ஒருமைப்பாட்டை மேம்படுத்தல்
"8.2 Strengthening enforcement of Law, access to Justice and Social Integration.","8.2.  சட்டத்தை அமுலாக்கல்,  நீதிக்கான  அணுகு வழி மற்றும் சமூக ஒருமைப்பாட்டை வலுப்படுத்தல்  செயற்றிட்டம்"
"The Project for enforcement of law, access to justice and social integration was initiated based on the experience gathered from i and ii phases of ""equal access to justice project.""","""நீதி நியாயத்தை சமமாக அணுகும் செயற்றிட்டத்தின்"" முதலாம் மற்றும் இரண்டாம் கட்டங்களில் பெற்றுக் கொண்ட அனுபவத்தை அடிப்படையாகக் கொண்டு  ""சட்ட அமுலாக்கம், நீதி  மற்றும்  சமூக ஒருங்கிணைப்புக்கான அணுகலை கட்டியெழுப்பும் செயற்றிட்டம்"" கட்டியெழுப்பப்பட்டது."
"Facilitating relevant local-level processes and mechanisms aimed at improving service delivery systems, particularly in the areas of legal aid, prison administration and access to documentation are done by this  Project on equal access to justice.","விசேடமாக சட்ட உதவி, சிறை நிர்வாகம் மற்றும் ஆவணங்களுக்கான அணுகல் தொடர்பான சேவைகளை வழங்கும் கட்டமைப்பை மேம்படுத்துவதை நோக்கமாகக் கொண்டு அதற்கு பொறுத்தமான உள்ளூர் மட்ட  நடவடிக்கைகள் மற்றும்  பொறிமுறைக்கான அனுசரணையை வழங்குதல் இந்த நீதிக்கு சமமான அணுகுமுறையை உருவாக்கும் செயற்றிட்டத்தால் மேற்கொள்ளப்படுகின்றது."
This project has established a casual level mechanism to create a connected approach and thereby access justice-oriented Institutions.,இந்த செயற்றிட்டமானது நீதி சம்பந்தமான நிறுவனங்களை அணுகும் வகையில் அவற்றை  ஒருங்கிணைப்பதற்கான சாதாரண மட்டத்திலான பொறிமுறையை தாபித்துள்ளது.
"Based on these positive results, the program for strengthening law enforcement, equitable access to justice and social cohesion has been built by structuring and improving some of these coordinating units, leading to more radical reforms in justice.","இந்த நேர்கணிய பெறுபேறுகளை தளமாகக் கொண்டு, பலமிக்க நீதி நியாயத்திற்கான மறுசீரமைப்புக்கு வழிசமைக்கும் இந்த  ஒருங்கிணைப்பு  அலகுகளில்  சிலவற்றை கட்டமைத்து, மேம்படுத்தி சட்ட அமுலாக்கம், நீதிக்கு சமமான அணுகுமுறை  மற்றும்  ஒருமைப்பாட்டை வலுப்படுத்தல் பற்றிய நிகழ்ச்சித் திட்டமானது கட்டியெழுப்பப்பட்டுள்ளது."
"By strengthening the institutional capabilities of planning in the relevant field, the programs focus on the recommendations of the Lessons Learned and Reconciliation Commission as well as the government's ability to implement the National Policy Framework for Social Integration.",சம்பந்தப்பட்ட  துறைகளின் திட்டமிடல்  பற்றிய  நிறுவன ஆற்றலை  வலுப்படுத்துவதன் மூலம் கற்றுக்கொண்ட பாடங்கள் மற்றும் நல்லிணக்கத்திற்கான ஆணைக்குழுவின் பரிந்துரைகள் மற்றும் சமூக ஒருங்கிணைப்பு பற்றிய தேசியக் கொள்கை கட்டமைப்பை அமுல்படுத்துவது தொடர்பிலான அரசாங்கத்தின் ஆற்றலை வலுவூட்டுவதற்கு அவசியமான ஒத்துழைப்பை வழங்கும் நிகழ்ச்சித்திட்டங்களில்  கவனம் செலுத்தப்படுகின்றது.
"This programme is implemented nationally  by the Ministry of National Coexistence, Dialogue and Official Languages and  Ministry of Justice, Ministry of Child Development and Women’s Affairs.","தேசிய சகவாழ்வு, கலந்துரையாடல் மற்றும் அரசகரும  மொழிகள் அமைச்சு, நீதி அமைச்சு அத்துடன் சிறுவர் அபிவிருத்தி மற்றும் பெண்கள் அலுவல்கள் அமைச்சு ஆகியன இந்த நிகழ்ச்சித்திட்டத்தை  தேசிய மட்டத்தில் நடைமுறைப்படுத்துகின்றன."
"8.2.1 Based on the facts transpired on the evaluation of documentation needs conducted in 2013, conducting mobile services on documentation in plantation sector.",8.2.1. 2013 ஆம் ஆண்டு  மேற்கொள்ளப்பட்ட  ஆவணத் தேவைகள் மதிப்பீட்டின் முடிவுகளின்படி  2015 ஆம் ஆண்டில் பெருந்தோட்டத் துறையில் சட்ட ஆவணங்கள் பற்றிய நடமாடும் சேவையை நடாத்தல்.
"Mobile services were conducted in the DS Divisions of Ayagama, Palmadulla and Kiri Ella in Ratnapura District, Hangurankethe and Walapone in N’Eliya District and Hali Ella in Badulla district.","இரத்தினபுரி மாவட்டத்தின் அயகம, பெல்மதுள்ள, கிரிஹெல்ல் நுவரெலிய மாவட்டத்தின் ஹங்கரங்கெத்த, வலப்பனை மற்றும் பதுளை மாவட்டத்தின் ஹாலி ஹெல் ஆகிய பிரதேச செயலகப் பிரிவுகளில் நடமாடும் சேவைகள் நடாத்தப்பட்டன."
"Nearly 3000 legal documents including Birth Certificates, Marriage Certificates, Death Certificates, police Reports were issued to beneficiaries in this mobile service.","இந்த நடமாடும் சேவையில் பிறப்புச் சான்றிதழ்கள், திருமணப் பதிவுச்சான்றிதழ்கள், இறப்புச் சான்றிதழ்கள், காவல்துறை அறிக்கைகள் உட்பட ஏறத்தாள 3000 சட்ட ஆவணங்கள் பயனாளிகளுக்கு வழங்கப்பட்டன."
8.2.2. Providing necessary assistance to determine the linguistic gaps in the selected multi-ethnic hierarchical geographical locations and key service  providing sectors.,8.2.2. பல்லிணங்கள் செறிந்து  வாழும் தெரிவு செய்யப்பட்ட பிரதேசங்கள் மற்றும் முக்கியமான சேவை வழங்கும் துறைகள் ஆகியவற்றுக்கு இடையிலான மொழி இடைவெளியை  தீர்மானிப்பதற்கு  உதவுதல்.
"Determining the linguistic gaps targeting police, local government authorities and hospitals in 54 bilingual DS Division is expected to be commenced.","54  இருமொழி பிரதேச செயலகப் பிரிவுகளிலுள்ள காவல் நிலையங்கள், உள்ளுராட்சி அதிகார சபைகள் மற்றும் வைத்தியசாலைகள் ஆகியவற்றை இலக்குவைத்து மொழி இடைவெளியை  தீர்மானிக்கும் செயற்பாட்டை  ஆரம்பிக்கும்  எதிர்பார்ப்பு காணப்படுகின்றது."
"While Center for Policy Alternatives is contracted to implement this activity, Preparation of Questionnaires, instructions and training of enumerators for the pilot survey have been  completed.",இந்த செயற்பாட்டை அமுற்படுத்துவதற்கு மாற்றுக் கொள்கைகளுக்கான நிலையமானது ஒப்பந்தம் செய்யப்பட்டுள்ளதுடன் முன்னோடி ஆய்வுக்கான வினாக்கொத்து தயாரிப்பு மற்றும் தரவு சேகரிப்பவர்களுக்கான வழிகாட்டல் பயிற்சி ஆகியனவும் நிறைவடைந்துள்ளன.
Relevant data collection for the survey  will take place in January 2016.,கணக்கெடுப்புக்கான தரவு சேகரித்தல் 2016  ஆம் ஆண்டின் சனவரியில் இடம்பெறும்.
8.2.3. Providing necessary assistance for the Ministry of Education in relation to the Teacher Exchange programme (Senehasaka Thaksalawa),8.2.3. நடைமுறையிலுள்ள ஆசிரியர் பரிமாற்று நிகழ்ச்சித்திட்டம் சம்பந்தமாக (செனெஹசக தக்சலாவ) கல்வி  அமைச்சுக்கு  உதவிகளை வழங்குதல்
The first programme of  the “Senehasakla Thaksalawa” programmes  was conducted for Eighty (80) Teachers belonging to in Five(05) educational  zones in Anuradhapura.,"அனுராதபுரத்தில்  5  கல்வி வலையங்களைச் சேர்ந்த  80 ஆசிரியர்களுக்கு  ""செனெஹசக தக்சலாவ""  நிகழ்ச்சித்திட்டத்தின் முதலாவது நிகழ்ச்சித்திட்டம் நடாத்தப்பட்டது."
8.2.4. Procurement of equipment for Language Labs of department of Official languages and National Institute of Language Education and Training.,8.2.4. அரகரும மொழிகள் திணைக்களம் மற்றும் தேசிய மொழிக்கல்வி மற்றும் பயிற்சி நிறுவனம் ஆகியவற்றின் மொழி ஆய்வுகூடங்களுக்கான உபகரணங்கள் கொள்வனவு
Equipment were provided to two language labs located at Department of Official Languages and National Institute of Language Education and Training as well.,அரகரும மொழிகள் திணைக்களம் மற்றும் தேசிய மொழிக்கல்வி மற்றும் பயிற்சி நிறுவனம் ஆகியவற்றின் 02  மொழி ஆய்வுகூடங்களுக்கு உபகரணங்கள் பெற்றுக் கொடுக்கப்பட்டன.
"8.2.5. Participating in community activities to promote social cohesion and to maintain a sustainable coordination with empowered women leaders, through meetings and lectures at district level based on needs.",8.2.5. வலுவூட்டப்பட்ட பெண் தலைவிகளுடன் அவசியத்தின் பிரகாரம் மாவட்ட மட்ட த்தில்  கூட்டங்கள் மற்றும்  விரிவுரைகளை நடாத்துதல்  தொடர்பிலான ஒருங்கிணைப்பை பேணல் மற்றும் சமூக ஒருமைப்பாட்டை மேம்படுத்தல் சம்பந்தமாக  சமூக  செயற்பாடுகளுடன் தொடர்புபடுதல்.
Follow-up programmes were organized in Killinochchi and Monaragala districts in collaboration  with the trained women leaders and the SI officers based in the respective GA offices.,குறித்த மாவட்டச் செயலகங்களில்  ​செயற்படும்  சமூக ஒருமைப்பாட்டு உத்தியோகத்தர்கள் மற்றும் பயிற்சி பெற்ற பெண் தலைவிகளுடன் இணைந்து மொனராகலை மற்றும் கிளிநொச்சி மாவட்டங்களில் பின்தொடர் நிகழ்ச்சித்திட்டங்கள் மேற்கொள்ளப்பட்டன.
An awareness programme on underage marriages had been organized  by Women leaders in Killinochchi,கிளிநொச்சியை சேர்ந்த பெண் தலைவிகளால் குறைவயது திருமணம் பற்றிய விழிப்பூட்டல் நிகழ்ச்சித் திட்டம் ஏற்பாடு செய்யப்பட்டிருந்தது
Entrepreneurship training programme on sewing for women in selected DS Divisions was conducted.,தெரிவு செய்யப்பட்ட  பிரதேச செயலகப்பிரிவு பெண்களுக்கு தையல் பற்றிய தொழில்முனைவோர் பயிற்சித் திட்டமொன்று நடாத்தப்பட்டது.
8.2.6. Promoting Social Integration through Volunteerism,8.2.6. தன்னார்வ சேவையின் ஊடாக  சமூக ஒருமைப்பாட்டை  மேம்படுத்தல்
"The objectives of the selected volunteers are assisting people of respective District/Divisional Secratarits, assisting the staff to implement their day to day duties efficiently and also assiting to find remedial measures to overcome barriers in people obtaining the services in the language of  their choice.","அந்தந்த  மாவட்ட /பிரதேச  செயலகங்களில் மக்களுக்கு உதவியளித்தல், அந்த அழுவலகங்களில் நாளாந்த நடவடிக்கைகளை வினைத்திறனுடன் கையாளும் வகையில் பணியாற்றொகுதிக்கு உதவியளித்தல், மக்களுக்கு விருப்பமான மொழியில் சேவையை பெற்றுக்கொள்வதில் காணப்படும்  இடையூறுகளுக்கு  பரிகாரம் காண்பதற்கு உதவியளித்தல் ஆகியன தெரிவுசெய்யப்பட்ட தன்னார்வ சேவையாளர்களின் நோக்கங்களாகும்."
"Of the 354 applications received in this regard, 240 volunteers were selected and they took part in the relevant orientation programme.",இவ்விடயம் தொடர்பில் கிடைக்கப்பெற்ற 354 விண்ணப்பங்களில்  இருந்து தெரிவுசெய்யப்பட்ட  240 தன்னார்வ சேவையாளர்கள் சம்பந்தப்பட்ட  திசைமுனைப்படுத்தல் நிகழ்ச்சியில் பங்கேற்றனர்.
"8.2.7. Programme on ""Representation of younger society in bringing about change in the process of social integration""","8.2.7.   ""சமூக ஒருமைப்பாட்டு  செயற்பாட்டில் மாற்றத்தை  கொண்டுவருவதற்காக இளம்  சமுதாயத்தின் பிரதிநிதித்துவம்"" பற்றிய நிகழ்ச்சித்திட்டம்"
"Whilst preparing a  documentary on ""How could the volunteers direct their contributions towards avoiding the linguistic gap"" is a part of this programme, the Department of Official Languages has already completed preparing the script of the documentary.","""அரசகரும மொழிகள் திணைக்களத்தின் வகிபாகம் மற்றும் மொழி இடைவெளியை தவிர்த்தல் தொடர்பில் தன்னார்வ அனுசரணையாளர்கள்  அவர்களின் பங்களிப்பை எவ்வாறு செய்யமுடியும் ?”என்பது பற்றிய ஆவணப்படத்தை தயாரிப்பதும் இந்த நிகழ்ச்சித்திட்டத்தின் ஒரு பகுதியாகும் என்பதுடன் அரசகரும மொழிகள் திணைக்களமானது  ஆவணப்படத்திற்கான சுவடியை நிறைவு செய்தும் உள்ளது."
"British Council has been selected by the UNDP to implement the programme on ""Youth are the representatives of bringing about changes in social integration and transformation.""",""" இளைஞர்கள்  சமூக ஒருங்கிணைப்பு மற்றும் மாற்றம்   தொடர்பிலான மாற்றத்தை  ஏற்படுத்தக்கூடிய பிரதிநிதிகள்""  என்ற நிகழ்ச்சித்திட்டத்தை நடைமுறைப்படுத்துவதற்காக ஐ.நா. அபிவிருத்தி திட்டதினால் பிரிட்டிஸ் கவுன்சில் தெரிவு செய்யப்பட்டுள்ளது."
"a. Whilst this Project provides the necessary technical input, it also shares experience and lessons learnt from similar previous programmes.","அ. இச்செயற்றிட்டமானது அவசியமான தொழில்நுட்ப பங்களிப்பை வழங்குவதுடன், இதையொத்த முன்னைய நிகழ்ச்சித்திட்டங்களில் இருந்து பெற்ற அனுபவங்கள் மற்றும்   அறிவை பகிர்ந்துகொள்ளும்."
b. The first programme of it  was conducted  for 40 participants at Sarvodaya Batticaloa.,ஆ.  இதன் முதல் நிகழ்ச்சித்திட்டமானது  40 பங்கேற்பாளர்களுக்காக மட்டக்களப்பு சர்வோதய நிறுவனத்தில் இடம்பெற்றது.
"8.2.8. Programme on ""young journalists as changing agents of  social integration""","8.2.8.  ""சமூக ஒருமைப்பாட்டிற்கான மாற்றைத்தை ஏற்படுத்தும் முகவராக  இளம் ஊடகவியாளர்கள்""  நிகழ்ச்சித்திட்டம்"
The programme on “Media dialogue to Promote Coexistence” was conducted with the collaboration of  the Ministry of Mass Media and Sri Lanka Media Training Institute.,“சகவாழ்வை ஏற்படுத்துவதற்கான ஊடக கலந்துரையாடல்” நிகழ்ச்சித் திட்டமானது  வெகுசன ஊடக அமைச்சு மற்றும் ஊடக பயிற்சி நிறுவகம் ஆகியவற்றின் ஒருங்கிணைப்புடன் நடாத்தப்பட்டது.
The Programme was conducted in Negombo for 59 Journalists attached to print/electronic/social/web media of private and state sectors.,இந்த நிகழ்ச்சித்திட்டமானது தனியார்துறையை சார்ந்த   அச்சு/மின்னியல்/சமூக/இனைய ஊடகங்களைச் சேர்ந்த 59 ஊடகவியலாளர்களுக்கு  நீர்கொழுப்பில்  நடாத்தப்பட்டது.
"8.2.9. Prevention of drug addiction, formation of “awareness groups” as change agents at community level to alert youth on drugs","8.2.9. போதைப் பொருளுக்கு அடிமையாதலை தடுத்தல் மற்றும்  இளைஞர்களை விழிப்பூட்டல் சம்பந்தமாக சமுதாய மட்டத்தில்  ""விழிப்பூட்டல்  குழுக்களை""  மாற்றத்தின் முகவர்களாக ஒழுங்கமைத்தல்."
Programme on prevention of drugs was held  in Killinochchi in which  59 youths participated.,"போதைப் பொருள் தடுப்பு நிகழ்ச்சித்திட்டம் கிளிநொச்சியில் இடம்பெற்றதுடன், இதில் 59 இளைஞர்கள் பங்குபற்றினர்."
"Women leaders, trained by the ""Empowerment of Women Programme"" conducted in 2014, initiated this programme with the assistance of Social integration officers of Provincial office in Killinochchi.","2014 ஆம் ஆண்டில் நடாத்தப்பட்ட “பெண்கள் வலுவூட்டல்"" நிகழ்ச்சித் திட்டத்தின் மூலம் பயிற்றப்பட்ட பெண் தலைவிகளால் கிளிநொச்சி மாகாண நிலைய சமூக ஒருமைப்பாட்டு உத்தியோகத்தர்களின் உதவியுடன் இச்செயற்பாடு ஆரம்பிக்கப்பட்டது."
09. Monetary Allocations,09. நிதி ஒதுக்கீடு
Financial Progress up to 2015.12.31,2015.12.31  ஆம் திகதி வரையிலான  நிதிக்கூற்று
"Head - Ministry of National Co-existence, Dialogue and Official Languages",தலைப்பு - தேசிய சகவாழ்வு கலந்துரையாடல் மற்றும் அரசகரும  மொழிகள் அமைச்சு
Programme-Operational Activities,நிகழ்ச்சித்திட்டம் - செயற்பாட்டு நடவடிக்கைகள்
Project number and name- Ministry office,செயற்றிட்ட இலக்கம் மற்றும் பெயர் - அமைச்சு அலுவலகம்
As at 2015/12/31,2015/12/31  ஆம் திகதிக்கு
Recurrent Expenditure,மீண்டெழும்  செலவினம்
Personnel Emoluments,பணியாள்  ஊதியம்
Travelling expenses,போக்குவரத்து செலவினம்
supplies,வழங்குகைகள்
Maintenance expenditure,பராமரிப்புச் செலவு
Services,சேவை
Capital Expenditure,மூலதன செலவு
Rehabilitation of capital assets,மூலதன சொத்துக்களின் புனரமைப்பு
Acquisition of capital assets,நிலையான சொத்துக்களைப் பெறல்
"Head - Ministry of National Co-existence, Dialogue and Official Languages","தலைப்பு - தேசிய சகவாழ்வு, கலந்துரையாடல் மற்றும்  அரசகரும மொழிகள் அமைச்சு"
Programme-01 Operational Activities,நிகழ்ச்சித்திட்டம் - 01 செயற்பாட்டு நடவடிக்கைகள்
Project number and name -02. Administration and Establishment Services,நிகழ்ச்சித்திட்ட இலக்கம் மற்றும் பெயர் - 02  நிர்வாகம் மற்றும் தாபனச் சேவை
As at 2015.12.31,2015.12.31  ஆம் திகதிற்கு
Recurrent Expenditure,மீண்டெழும் செலவினம்
Personnel Emoluments,பணியாளர் ஊதியம்
Travelling expenses,போக்குவரத்துச் செலவு
Transfers,இடமாற்றங்கள்
Capital Expenditure,மூலதனச் செலவு
Rehabilitation and uplifting of capital assets,மூலதன சொத்துக்களின் புனரமைப்பு மற்றும் மேம்பாடு
Acquisition of capital assets,மூலதன சொத்துக்களைப் பெறல்
Capacity building,திறன் மேம்பாடு
"Head- 01 Ministry of National Co-existence, Dialogue and Official Languages","தலைப்பு -  01 தேசிய சகவாழ்வு, கலந்துரையாடல் மற்றும் அரசகரும மொழிகள் அமைச்சு"
Programme - 01 Operational Activities,நிகழ்ச்சித்திட்டம் - 01  செயற்பாட்டு நடவடிக்கைகள்
Project number and name -03,செயற்றிட்ட இலக்கம் மற்றும் பெயர்-03
Administration and Establishment Services as at 31/12/2015,2015.12.31 திகதிக்கு நிர்வாகம் மற்றும் தாபனச் சேவை
supplies,வழங்கள்
Acquisition	of capital assets,மூலதன சொத்துக்களைப் பெறல்
Investments,முதலீடுகள்
10. Advance Accounts,10.  முற்பணக் கணக்கு
Advance Account actual amount against the prescribed limits,குறித்துரைக்கப்பட்ட வரையரைக்கு எதிரான முற்பனக் கணக்கின் உண்மைத் தொகை
Operation of the Advance Account as at 31.12.2015 is as follows.,2015.12.31  ஆம் திகதியில்  உளள்வாறு  முற்பனக் கணக்கின் செயற்பாடுகள் பின்வருமாறு.
11.Review,11.மீளாய்வு
It is with great pleasure that I declare that the officers of the Ministry have worked with utmost dedication to fulfil the aspirations of the Ministry as a whole.,அமைச்சானது தனது நோக்கங்களை அடைய மிகுந்த அர்ப்பணிப்புடன்  செயலாற்றி வருகிறது என்பதை தெரிவிப்பதில் நான் பெருமகிழ்ச்சியடைகிறேன்.
"The support extended by the staff of the Ministry,the institutions affiliated to the Ministry and the project officers are also appreciated.",இக்காலப்பகுதியில் மிகுந்த ஊக்கத்துடனும் அர்ப்பணிப்புடனும்  தங்களின் பொறுப்புக்களை நிறைவேற்றிய அமைச்சின் உத்தியோகத்தர்கள் அனைவருக்கும் இச்சந்தர்ப்பத்தில்  எனது பாராட்டுதல்களைத் தெரிவித்துக் கொள்கிறேன்.
Secretary,செயலாளர்
"Ministry of National Co-existence, Dialogue and Official Language","தேசிய சகவாழ்வு, கலந்துரையாடல் மற்றும் அரசகரும மொழிகள் அமைச்சு"
Home,முகப்பு
NEWS and EVENTS,செய்திகளும் நிகழ்வுகளும்
Events Calendar,நாட்காட்டி
See by year,வருடப் படி பார்க்கவும்
See by month,மாதப் படி பார்க்கவும்
See by week,கிழமைப் படி பார்க்கவும்
See Today,இன்றைய தினத்தைப் பார்க்கவும்
Search,தேடுக
Jump to month,மாதத்திற்குச் செல்க
July,யூலை
August,ஆகஸ்ற்
November,நொவெம்பர்
December,டிசெம்பர்
"Tuesday, 01 August 2017","செவ்வாய்க்கிழமை, ஆகஸ்ற் 01 2017"
"Friday, 11 August 2017","வெள்ளிக்கிழமை, 11 ஆகஸ்ற் 2017"
"Saturday, 12 August 2017","சனிக்கிழமை, 12 ஆகஸ்ற் 2017"
"Sunday, 13 August 2017","ஞாயிற்றுக்கிழமை, 13 ஆகஸ்ற் 2017"
"Monday, 14 August 2017","திங்கட்கிழமை, 14 ஆகஸ்ற் 2017"
"Tuesday, 15 August 2017","செவ்வாய்க்கிழமை, 15 ஆகஸ்ற் 2017"
"Wednesday, 16 August 2017","புதன்கிழமை, 16 ஆகஸ்ற் 2017"
"Thursday, 17 August 2017","வியாளக்கிழமை, 17 ஆகஸ்ற் 2017"
"Friday, 18 August 2017","வெள்ளிக்கிழமை, 18 ஆகஸ்ற் 2017"
"Saturday, 19 August 2017","சனிக்கிழமை, 19 ஆகஸ்ற் 2017"
"Sunday, 20 August 2017","ஞாயிற்றுக்கிழமை, 20 ஆகஸ்ற் 2017"
"Monday, 21 August 2017","திங்கட்கிழமை, 21 ஆகஸ்ற் 2017"
"Tuesday, 22 August 2017","செவ்வாய்க்கிழமை, 22 ஆகஸ்ற் 2017"
"Wednesday, 23 August 2017","புதன்கிழமை, 23 ஆகஸ்ற் 2017"
"Thursday, 24 August 2017","வியாளக்கிழமை, 24 ஆகஸ்ற் 2017"
"Friday, 25 August 2017","வெள்ளிக்கிழமை, 25 ஆகஸ்ற் 2017"
"Saturday, 26 August 2017","சனிக்கிழமை, 26 ஆகஸ்ற் 2017"
"Sunday, 27 August 2017","ஞாயிற்றுக்கிழமை, 27 ஆகஸ்ற் 2017"
"Monday, 28 August 2017","திங்கட்கிழமை, 28 ஆகஸ்ற் 2017"
"Tuesday, 29 August 2017","செவ்வாய்க்கிழமை, 29 ஆகஸ்ற் 2017"
"Wednesday, 30 August 2017","புதன்கிழமை, 30 ஆகஸ்ற் 2017"
"Thursday, 31 August 2017","வியாழக்கிழமை, 31 ஆகஸ்ற் 2017"
BRANCHES,கிளைகள்
Filter:,வடிகட்டி:
Go,செல்லவும்
Reset,மறுபடியும் தாபிக்கவும்
Choose a city,நகரத்தைத் தெரிவுசெய்யவும்
Assistant Commissioner of Excise,உதவி ஆணையாளர்
Address :,முகவரி :
OFFICE OF THE ASSISTANT COMMISSIONER OF EXCISE,மதுவரித் திணைக்கள ஆணையாளர் அலுவலகம்
City :,நகரம் :
Phone :,தொலைபேசி :
Officer in charge of Excise,மதுவரி ஆணைக்குழு
EXCISE STATION,மதுவரி நிலையம்
Kurunegala,குறுணாகல்
Kuliyapitiya,குளியாபிட்டிய
Superintended of Excise,ஸ்தாபன அதிபர்
OFFICE OF THE SUPERINTENDENT OF EXCISE,மதுவரி ஆணையாளர் அலுவலகம்
Chilaw,சிலாபம்
Start,ஆரம்பம்
Prev,முந்தைய
Next,அடுத்து
End,முடிவு
Get directions,வழிகாட்டியைப் பெற்றுக்கொள்ளவும்
From :,தொடக்கம் :
Choose source,மூலத்தைத் தெரிவுசெய்யவும்
Department of Excise,மதுவரித் தி​ணைக்களம்
or,அல்லது
To :,வரை :
Choose destination,பயண எல்லையைத் தெரிவுசெய்யவும்
Officer in charge of Excise,மதுவரி ஆணைக்குழுப் பொறுப்பதிகாரி
Mirigama,மீரிகம
Meegoda,மீகொட
Negombo,நீர்கொழும்பு
-- Choose a city --,நகரத்தைத் தெரிவுசெய்யவும்
Ja-ela,ஜா-எல
Kirindiwela,கிரிந்திவெல
OFFICE OF THE COMMISSIONER OF EXCISE,மதுவரித் திணைக்கள ஆணையாளர் அலுவலகம்
(WESTERN PROVINCE 2 ),(மேல்மாகாணம் 2)
Aluthgama,அலுத்கம
Matugama,மதுகம
Panadura,பாணந்துறை
Horana,ஹொரன
-- Choose a city --,-- நகரத்தைத் தெரிவுசெய்யவும் --
Mahawa,மஹவ
Gampola,கம்பொல
Nuwara - Eliya,நுவரேலியா
Kalmunai,கல்முனே
Hatton,ஹெட்டன்
Elpitiya,எல்பிட்டிய
OFFICE OF THE ASSISTANT COMMISSIONER OF EXCISE,மதுவரித் திணைக்களம் ஆணையாளர் அலுவலகம்
Hambantota,ஹம்பாந்தொட்டை
Tangalla,தங்கால்லை
Jaffna,யாழ்ப்பானம்
Chankanai,வாந்கனை
SRI JAYAWARDANA PURA,ஶ்ரீ ஜயவர்தனபுர
Battaramulla,பத்தரமுல்லை
Point - Pedro,பருத்தித்துறை
Vauniya,வவுனியா
DOWNLOADS,தரவிறக்கம்
ANNUAL REPORTS,வருடாந்த அறிககைகள்
Annual Reports,"வருடாந்த அறிககைகள், ஆண்டறிக்கை"
Annual Report 2005,ஆண்டு அறிக்கை 2005
Annual Report 2006,ஆண்டு அறிக்கை 2006
Annual Report 2007,ஆண்டு அறிக்கை 2007
Annual Report 2008,ஆண்டு அறிக்கை 2008
Annual Report 2009,ஆண்டு அறிக்கை 2009
Annual Report 2010,ஆண்டு அறிக்கை 2010
Annual Report 2011,ஆண்டு அறிக்கை 2011
Annual Report 2012,ஆண்டு அறிக்கை 2012
Annual Report 2013,ஆண்டு அறிக்கை 2013
Annual Report 2014,ஆண்டு அறிக்கை 2014
Annual Report 2015,ஆண்டு அறிக்கை 2015
APPLICATION FORMATS,விண்ணப்பப் பத்திர மாதிரிகள்
Application Formats,விண்ணப்பப் பத்திர மாதிரிகள்
SPECIMEN APPLICATION FORM FOR ISSUE OF LIQUOR LICENSE,மது அனுமதிப் பத்திரத்திற்கான விண்ணப்பப் பத்திரம்
Events Calendar,நாட் காட்டி
Jump to month,மாதத்திற்கு செல்லவும்
16 August 2017,16 ஆகஸ்ட் 2017
Sunday,ஞாயிற்றுக்கிழமை
Monday,திங்கட்கிழமை
Tuesday,செவ்வாய்க்கிழமை
Wednesday,புதன்கிழமை
Thursday,வியாழக்கிழமை
Friday,வெள்ளிக்கிழமை
Saturday,சனிக்கிழமை
Fax :,தொலைநகல் :
Web Site :,இணையதளம் :
http://www.excise.gov.lk,http://www.excise.gov.lk
OFFICE OF THE SUPDT.OF EXCISE (NARCOTIC),மதுவரி ஆணையாளர் அலுவலகம்
D.R.WIJEWARDANA MAWATHA,"டீ.ஆர். ஜயவர்தன மாவத்தை,"
+942329329,+942329329
Padukka,பாதுக்க
+942750118,+942750118
Kesbewa,கெஸ்பாவ
+942704260,+942704260
ABOUT US,எம்மைப் பற்றி
CADRE,உத்தியோகத்தர் அமைப்பு
Approved Cadre,அங்கீகரிக்கப் பட்ட உத்தியோகத்தர் அமைப்பு
Our Staff as at 30-11-2009,2009.11.30 ல். உள்ளபடி எமது உத்தியோத்தர்களின்
Commissioner General of Excise – S.L.A.S.,மதுவரி ஆணையாளர் நாயகம் – ஶ்ரீ.ல.நி.சே
Commissioner of Excise – Revenue – S.L.A.S.,மதுவரி ஆணையாளர் (அரச வருமானம்) – ஶ்ரீ.ல.நி.சே
Commissioner of Excise – Administration and Human Resources – S.L.A.S.,மதுவரி ஆணையாளர் (நிர்வாக மனித/வளங்கள்) – ஶ்ரீ.ல.நி.சே
Commissioner of Excise – Finance – S.L.A.S.,மதுவரி ஆணையாளர் (நிதி ) – ஶ்ரீ.ல.நி.சே
Deputy Commissioner of Excise (Administration) – S.L.A.S.,பிரதி மதுவரி ஆணையாளர் (நிர்வாகம்) – ஶ்ரீ.ல.நி.சே
Deputy Commissioner of Excise (Finance),பிரதி மதுவரி ஆணையாளர் (நிதி )
Deputy Commissioner of Excise (Internal Audit)  – S.L.Ac.S.,பிரதி மதுவரி ஆணையாளர் (உள்வாரிக் கணக்காய்வு )
Assistant Commissioner of Excise - Departmental,உதவி மதுவரி ஆணையாளர்கள
Superintendent of Excise,பரிபாலன அதிகாரிகள்
Administrative Officer,மதுவரி அத்தியட்சகர்கள்
Officer in charge,பிரதான மதுவரிப் பரிசோதகர்கள்
Inspector,மதுவரிப் பரிசோதகர்கள்
Government Management Assistant,அரச முகாமைத்துவ அதிகாரிகள்
Budget Assistant,வரவு செலவுத் திட்ட உதவியாளர்கள்
Sergeant Major,சர்ஜன்ட் மேஜர்
Sergeant,சர்ஜன்ட்கள்
Guard / Corporal,மதுவரிக் காவலர்கள / கோபரல்கள
Driver Grade (11),மதுவரிச் சாரதிகள் தரம் (11)
Grade (1),தரம் (1)
Circuit Bungalow Caretaker,சர்கியூற் பங்களா நடத்துனர்
Department of Excise Sri Lanka,இலங்கை மதுவரித் திணைக்களம்
Applying for Annual Training Courses,வருடாந்த பயிற்சி பாடநெறிகளுக்கு விண்ணப்பித்தல்
Email :,மின்னஞ்சல் :
Telephone Number :,தொலைபேசி :
Name :,பெயர் :
Designation :,பதவி :
Appoint Date :,நியமனம் பெற்ற திகதி :
Working Place :,சேவை நிலையம் :
First Appoinment Date and Designation :,நியமனம் பெற்ற முதல் திகதி மற்றும் பதவி :
Applying courses,விண்ணப்பிக்கும் பாடநெறிகள் :
(Ordered by preference),(விருப்ப வாரியாக)
Dates,திகதிகள்
I request to be selected to any one of the courses mentioned above.,காணப்படும் பாடநெறிகளிள் ஒண்றிற்கு என்னைத் தெரிவு செய்யுமாறு கேட்டுக்கொள்கிறேன்.
I certify that I will attend continuously to the selected course and that I do not have any judiciary or obligatory duties during those days.,"தெரிவு செய்யும் பாடநெறிகளுக்கு நான் தவறாமல் பங்கேற்பதாகவும், நீதிமன்ற அல்லது ஏனைய முக்கியத் தேவைகளும் இந் நாட்களிள் இல்லை என்பதையும் உறுதி கூருகிறேன்."
If I am unable to participate the selected course without an accepted medical certificate I agree to the course fees being deducted from my salary.,தெரிவு செய்யும் பாடநெறிகளுக்குச் சட்டப்படி சரியான வைத்திய சான்றிதழின்றிப் பங்கேற்க முடியாதெனில் பாடநெறிகளுக்குச் செலுத்த வேண்டிய தொகையை எனது சம்பளத்திலிருந்து பெற்றுக்கொள்வதற்கும் உறுதி கூருகிறேன்.
If the Image is not clear click on it for a new image,"படிவத்தில் காணப்படும் எழுத்துக்களை வாசிக்க முடியாதெனில், புதிய படிவமொன்றைப் பெற்றுக்கொள்ளப் படிவத்தின் மேல் க்ளிக் செய்யவும்"
Verification Code,அறிமுகப்படுத்திக் கொள்ளும் குறியீடு
COMPLAINTS,முறைப்பாடுகள்
Complaint Form,புகார்ப் படிவம்
Province:,மாகாணம்:
Select Province,மாகாணத்தைத் தெரிவு செய்யவும்
North Central,வட மத்திய
North Western,வட மேற்கு
Northern,வடக்கு
Sabaragamuwa,சபரகமுவ
Southern,தெற்கு
Western,மேற்கு
District:,மாவட்டம்:
Select District,மாவட்டத்தைத் தெரிவு செய்யவும்
DS Division:,பிராந்தியச் செயலாளர் பிரிவு:
Select DS Division,பிராந்தியச் செயலாளர் பிரிவை தெரிவு செய்யவும்
Offence:,குற்றம்:
Select Offence,குற்றத்தைத் தெரிவு செய்யவும்
Unlawfully distill spirits.,சட்டவிரோதமாக மதுசாரம் தயாரித்தல்.
Unlawfully sale of spirits,சட்டவிரோதமாக மதுசாரம் விற்பனை.
Unlawfully sale of arrack,சட்டவிரோதமாக சாராயம் விற்பனை
Unlawfully sale of liquor.,சட்டவிரோதமாக மது விற்பனை
Unlawfully position of distilled spirits (Over than 4 ltrs.),சட்டவிரோதமாக அகற்றபட்ட மதுசாரத்தை அருகில் வைத்திருத்தல். (4 லீட்டருக்குக் கூடியது)
Unlawfully position of distilled spirits (Less than 04 ltrs.),சட்டவிரோதமாக அகற்றபட்ட மதுசாரத்தை அருகில் வைத்திருத்தல். (4 லீட்டருக்குக் குறைவானது)
Unlawfully bottling of liquor/arrack.,சட்டவிரோதமாக மது / சாராயம் போத்தல் செய்தல்
Unlawfully position of Heroin.,சட்டவிரோதமாக ஹெரொயின் அருகில் வைத்திருத்தல்.
Unlawfully sale and position of Heroin.,சட்டவிரோதமாக ஹெரொயின் அருகில் வைத்திருத்தல் மற்றும் விற்பனை.
Unlawfully sale of Heroin.,சட்டவிரோதமான ஹெரொயின் விற்பனை
Unlawfully sale of Cannabis.,சட்டவிரோதமான கஞ்ஜா விற்பனை
Unlawfully sale and position of Cannabis.,சட்டவிரோதமான கஞ்ஜா விற்பனை மற்றும் அருகில் வைத்திருத்தல்.
Other offences.,ஏனைய குற்றங்கள்
Your E-Mail:,உங்கள் மின்னஞ்சல்:
Complaint:,புகார்:
Verification Code:,உறுதிப்படுத்தும் குறியீடு:
CONTACTS,தொடர்புகள்
CONTACT DETAILS,தொடர்பு விவரங்கள்
Contact Details,தொடர்பு விபரங்கள்
Excise Department of Sri Lanka,இலங்கை மதுவரித் திணைக்களம்
Telephone:,தொலைபேசி இலக்கம்:
"9411-2300166,","9411-2300166,"
"9411-2300171,","9411-2300171,"
9411-3888023,9411-3888023
Fax:,தொலைநகல் இலக்கம்:
9411-2877890,9411-2877890
Email:,மின்னஞ்சல் முகவரி :
excisen@slt.lk,excisen@slt.lk
Commissioner General of Excise,மதுவரி ஆணையாளர் நாயகம்
A. Bodaragama,ஏ. போதராகம
Telephone,தொலைபேசி
Commissioners of Excise,மதுவரி ஆணையாளர்கள்
Choose a city,-- நகரத்தைத் தெரிவுசெய்யவும்
+94(066) 2233542,+94(066) 2233542
Address:,முகவரி :
Wellawaya,வெல்லவாய
Monaragala,மொனராகலை
MEDIA GALLERY,மீடியாப் பீடம்
PHOTO GALLERY,புகைப்படப் பீடம்
LICENSE DETAILS,அனுமதிப்பத்திர விவரங்கள்
Types of Licenses,மதுபான அனுமதிப்பத்திர  வகைகள்
Types of Liquor Licenses,மதுபான அனுமதிப்பத்திரங்களின் வகைகள்
Licenses Category,அனுமதிப்பத்திரத்தின் பிரிவுகள்
License to manufacture Malt Liquor,தானிய மூல மதுபானத் தயாரிப்புக்கான அனுமதிப்பத்திரம்
License to manufacture Foreign Spirits locally,வெளி நாட்டு திரவங்களை உள்நாட்டில்; தயாரிப்புகக்கான அனுமதிப்பத்திரம்
"License to manufacture, milk punch and or Wine",பால் மற்றும் அல்லது வைன் தயாரிப்பு அனுமதிப்பத்திரம்
License to manufacture country made foreign spirits from Spirits distilled from the coconut or any of its products other than Toddy.,தென்னையிலிருந்து அல்லது அதன. கள்ளு அல்லாத ஏதாவது வடிக்கப் பட்ட மதுச் சாறுகளிலிருந்து உள் நாட்டில் தயாரிக்கப்பட்ட வெளிநாட்டு மதுச் சாறுகளுக்கான அனுமதிப்பத்திரம்
Wholesale License,மொத்த விற்பனை அனுமதிப்பத்திரம்
Retail License,சில்லறை விற்பனை அனுமதிப்பத்திரம்
Beer and Porter License,பியர் மற்றும் போட்டர் அனுமதிப்பத்திரம்
Hotel License,ஹோட்டல் அனுமதிப்பத்திரம்
Hotel Bar License,ஹோட்டல் மதுபான நிலைய விற்பனை அனுமதிப்பத்திரம்
Entertainment Bar License,களியாட்ட மதுபான விற்பனை நிலைய அனுமதிப்பத்திரம்
Railway Refreshment Room License,புகையிரத சிற்றுண்டி அறை அனுமதிப்பத்திரம்
Restaurant License,போசன சாலை அனுமதிப்பத்திரம்
Rest House License,வாடி வீட்டு அனுமதிப்பத்திரம்
Club License,கிளப் அனுமதிப்பத்திரம்
Occasional License,சந்தர்ப்ப அனுமதிப்பத்திரம்
Supplementary Licenses to extend the hours of sale.,விற்பனை நேரத்தை நீடிப்பதற்கானதுணை அனுமதிப்பத்திரம்
Auctioneer’s License,ஏல விற்பனையாளர் அனுமதிப்பத்திரம்
Rectified Spirits License,இயல்பு மாற்றப்பட்ட மதுச் சாறுகள் அனுமதிப்பத்திரம்
Medicated Wine License,மருந்தூட்டப் பட்ட வைன் அனுமதிப்பத்திரம்
Special License,விசேட அனுமதிப்பத்திரம்
"Beer, Ale, Stout Wine License for retail sale.","பியர், ஏல் ஸ்டவுட் மற்றும் வைன் சில்லறை விற்பனை"
"Beer, Ale, Stout Wine License for consumption in the  premises.","பியர், ஏல் ஸ்டவுட் மற்றும் வைன தளத்திலே அருந்த அனுமதிப்பத்திரம்"
Manufacturing Licenses,அனுமதிப்பத்திரத் தயாரிப்பு
"License to tap, draw and manufacture fermented, unfermented sweet toddy.","புளித்த அல்லது புளிக்காத இனிப்புக் கள்ளு சீவுவதற்கு ,கொண்டு செல்வதற்கு மற்றும் தயாரிப்பதற்கான அனுமதிப்பத்திரம்."
NOTIFICATIONS,அறிவிப்புகள்
Notifications,அறிவித்தல்கள்
Excise Notification No. 902,மதுவரி அறிவித்தல்கள் இல. 902
Closing dates of the Liquer shops,மதுபான கடைகள் மூடப்படும் தினங்கள்
ORGANIZATION STRUCTURE,ஸ்தாபனக் கட்டமைப்பு
ORGANIZATIONAL STRUCTURE OF THE DEPARTMENT OF EXCISE,மதுவரி திணைக்களத்தின் நிர்வாக அமைப்பு
Click on the image to view complete organization structure in a new window.,நிர்வாக அமைப்பை முழுமையாகப் புதிய திரையில் பார்க்க வடிவத்தின் மேல் கிளிக் செய்யவும்.
OVERVIEW,மேலோட்டப் பார்வை
VISION,தூர நோக்கு
"Building of a healthy society in Sri Lanka, which is free from illicit liquor and narcotics drugs.",சட்ட விரோத மதுபானம் மற்றும் போதைப் பொருட்களிலிருந்து விடுபட்ட ஆரோக்கியமான சமூகத்தை ஸ்ரீ லங்காவில் கட்டியெழுப்பவதாகும்.
MISSION,சேவை
"The mission of the Department of Excise has been broadly identified as the ""efficient and effective administration of the Liquor and the Tobacco industry in Sri Lanka through the collection of revenue and prevention of illicit manufacture and sale of such products, for development and welfare of the society, and the enforcement of the Poisons, Opium  and Dangerous Drugs Ordinance for the social protection of Sri Lanka.""","சமூகத்தின் அபிவிருத்திக்காகவும் நலன்களுக்காகவும் அரச வருமானத்தைச் சேகரித்தல் மற்றும் சட்டவீரோத உற்பத்தி மற்றும் அவ்வாறான உற்பத்திப் பொருட்களை விற்பனை செய்தலைத் தடுத்தல் ஆகியவற்றினூடாக ஸ்ரீ லங்காவில் மதுபானம் மற்றும் புகையிலைக் கைத்தொழிலை திறமையாகவும் பயனளிக்கக் கூடியதாகவும் பரிபாலனஞ் செய்தலும், ஸ்ரீ லங்காவில் சமூக பாதுகாப்புக்காக விஷப் பொருட்கள், கஞ்சா, அபாயகரமான போதைப் பொருட்கள் சட்டத்தை செயற்படுத்துவதுமாகும்"
OBJECTIVES,நோக்கங்கள்
The collection and protection of revenue from Liquor and Tobacco.,மதுபானம் மற்றும் புகையிலையிலிருந்து அரச வருமானத்தைச் சேகரித்தலும் பாதுகாத்தலும்
The enforcement of the Excise Ordinance and the Tobacco Tax Act.,மதுவரிச் சட்டத்தையும் புகையிலை வரிச் சட்டத்தையும் அமுலாக்குதல்
"The enforcement of the Poisons, Opium and Dangerous Drugs Ordinance.","விஷப் பொருட்கள், கஞ்சா, அபாயகரமான போதைப் பொருட்கள் சட்டத்தை அமுலாக்குதல்"
SITE MAP,தள ஒழுங்கமைப்பு
HOME,முகப்பு
FUNCTIONS OF THE DEPARTMENT,திணைக்களத்தின் கருமங்கள்
SPECIAL UNITS,விசேஷ அலகுகள்
VIDEO GALLERY,வீடியோப் பீடம்
TRAINING,பயிற்சி
CIRCULARS,சுற்று நிருபங்கள்
APPLICATION FORMATS,விண்ணப்ப மாதிரிகள்
NEWS & EVENTS,செய்திகளும் நிகழ்வுகளும்
FAQs,கேள்வியும் பதில்களும்
New Training Programs,புதிய பயிற்சி நிகழ்ச்சிகள்
List of New Training Programs conducted by Department of Excise for the year 2010,2010 ஆண்டிற்கான மதுவரி திணைக்களத்தின் மூலம் நடாத்தப்படும் புதிய பயிற்சி நிகழ்ச்சிகள் பட்டியல்.
Click Here to Apply Online,இணையத்தளத்தில் விண்ணப்பிப்தற்கு இங்கே சொடுக்கவும்
List of New Training Programs conducted by SLIDA,SLIDA நிறுவனத்தின் மூலம் நடாத்தப்படும் புதிய பயிற்சி நிகழ்ச்சிகள் பட்டியல்
to download SLIDA Training Application Form,SLIDA பயிற்சி விண்ணப்பப் படிவத்தை பதிவிறக்குவதற்கு
Click Here,இங்கே சொடுக்கவும்
P. S. No. 2014/317 - Third Instalment - Part IV - Funds - Report of the Auditor General 2012,பா.தொ.இல: 2014/349  3 ஆவது தொகுதி – பகுதி IV – நிதியங்கள் - கணக்காய்வாளர் தலைமையதிபதியின் அறிக்கை – 2012
1.1. Qualified Audit Opinion,1.1. முனைப்பழியுள்ள அபிப்பிராயம்
"In my opinion, except for the effects of the matters described in paragraph 1.2 of this report, the financial statements give a true and fair view of the financial position of the Customs Overtime and Cargo Examination Fees Fund as at 31 December 2012 and its financial performance and cash flows for the year then ended in accordance with Generally Accepted Accounting Principles.",இந்த அறிக்கையின் 1.2 ஆம் பந்தியில் காட்டப்பட்டுள்ள விடயங்களின் தாக்கத்தினைத் தவிர்த்து சுங்க மேலதிக நேர மற்றும் கப்பல் சரக்குப் பரீட்சிப்புக் கட்டண நிதியத்தின்  2012 திசெம்பர் 31 இல்  இல் உள்ளவாறான நிதி நிலைமையினையும் அத்திகதியில் முடிவடைந்த ஆண்டிற்கான அதனது நிதிசார் செயலாற்றலினையும் பொதுவாக ஏற்றுக்கொள்ளப்பட்ட கணக்கீட்டுத் தத்துவங்களுக்கு இணங்க நிதிக்கூற்றுக்கள் உண்மையாகவும் நியாயமாகவும் தருகின்றது என்பது எனது அபிப்பிராயமாகும்.
1.2.1. Presentation of Financial Statements,1.2.1 நிதிக்கூற்றுக்களைச் சமர்ப்பித்தல்
1.2.2. Unidentified Transactions,1.2.2. இனங்காணப்படாத கொடுக்கல் வாங்கல்கள்
1.2.3. Accounts Receivable,1.2.3. பெறவேண்டிய கணக்குகள்
Adequate provisions for bad debts had not been made for those balances uncertain of recovery.,அறவீடுகள் நிச்சயமற்ற நிலையில் இருந்த அம்மீதிகளுக்காக போதிய அறவிடமுடியாக் கடன் ஏற்பாடுகள் மேற்கொள்ளப்பட்டிருக்கவில்லை.
A formal course of action had not been taken even during the year under review for the recovery of the money from the debtors existing for more than 07 years.,7 ஆண்டுகளுக்கும் மேற்பட்ட காலப்பகுதியிலிருந்து காணப்படுகின்ற கடன்பட்டோரிடமிருந்து குறித்த தொகையை அறவிடுவதற்காக நடப்பாண்டிலும் முறையான நடவடிக்கைகள் எடுக்கப்பட்டிருக்கவில்லை.
"Similarly, action had not been taken to ascertain the existence of certain institution shown as debtors.",அவ்வாறே கடன்பட்டோராகக் காட்டப்பட்டிருந்த சில நிறுவனங்களின் உள்ளமை தொடர்பாக ஆராய்ந்து பார்க்கப்படவும் இல்லை.
1.2.4. Special Deposits and Investments,1.2.4. விசேட வைப்புக்களும் முதலீடும்
The following observations are made in this connection.,இது தொடர்பாக பின்வரும் அவதானிப்புக்கள் மேற்கொள்ளப்பட்டன.
(b) Action had not been taken to find out the existence of the depositor of institutions and those deposits had not been confirmed as refundable deposits.,(ஆ) வைப்புக்கள் பெறப்பட்ட நிறுவனங்களின் உள்ளமை தொடர்பாக ஆராய்ந்து பார்ப்பதற்கான நடவடிக்கை எடுக்கப்பட்டிராததுடன் அவ் வைப்புக்கள் மீளச் செலுத்தப்பட வேண்டியவையா என்பதும் உறுதிப்படுத்தப்படவில்லை.
(c) As this money had been invested in saving accounts over a long period a very low interest had been earned and attention had not been paid to deploy the money in other suitable investments.,(இ) பல வருட காலமாக இப்பணம் சேமிப்புக் கணக்குகளில் முதலீடு செய்யப்பட்டிருந்த காரணத்தினால் மிகவும் குறைவான வட்டி வருமானம் உழைக்கப்பட்டிருந்ததுடன் உரிய பணம் ஏனைய பொருத்தமான முதலீடுகளில் ஈடுபடுத்துவதற்காக கவனம் செலுத்தப்பட்டிருக்கவில்லை.
1.2.5. Lack of Evidence for Audit,1.2.5. கணக்காய்விற்கான சான்றுகளின்மை
(a) Sundry Debtors,(அ) நானாவித கடன்பட்டோர்
(b) Eight Items of Accounts,(ஆ) 08 கணக்கு விடயங்கள்
"1.2.6. Non-compliance with Laws, Rules, Regulations and Management Decisions","1.2.6. சட்டங்கள், விதிகள், பிரமாணங்கள் மற்றும் முகாமைத்துவத் தீர்மானங்கள் என்பவற்றுடன் இணங்காமை"
(b) Public Administration Circular No. 9/2009 of 16 April 2009 and the Sri Lanka Customs Circular No. 01/2010 of 19 February 2010,(ஆ) 2009 ஏப்ரல் 16 ஆம் திகதியிடப்பட்ட 9/2009 ஆம் இலக்க பொது நிர்வாக சுற்றறிக்கை மற்றும் 2010 பெப்ரவரி 19 ஆம் திகதியிடப்பட்ட 01/2010 ஆம் இலக்க இலங்கை சுங்க திணைக்களத்தின் சுற்றறிக்கை
"Even though the punch card machines had been introduced by Sri Lanka Customs, none of the officers of Sri Lanka Customs had used the punch card machine during the year under review and no action whatsoever had been taken in that connection.",இலங்கை சுங்கத்தினால் நேரப் பதிவு இயந்திரம் அறிமுகப்படுத்தப்பட்டிருந்தபோதிலும் மீளாய்வாண்டின் போது இலங்கை சுங்கத் திணைக்களத்தின் எந்த உத்தியோகத்தரும் நேரப் பதிவு இயந்திரத்தைப் பயன்படுத்தியிராததுடன் அது தொடர்பாக எந்த நடவடிக்கையும் எடுக்கப்பட்டிருக்கவில்லை.
Internal regulations had been improperly made for enabling the Customs Officers to obtain overtime allowance exceeding 600 hours per month at 12 to 27 hours per day and the formal approval obtained for that had not been furnished to audit.,இலங்கை சுங்கத்தின் உத்தியோகத்தர்களக்கு நாளொன்றிற்கு  12 முதல் 27 மணித்தியாலங்கள் வரையான காலப்பகுதிக்காக மாதமொன்றிற்கு 600 மணித்தியாலங்களை மிகைத்து மேலதிக கொடுப்பனவுகள் கிடைக்கப்பெறும் வகையில் முறையற்ற விதத்தில் உள்ளகப் பிரமாணங்கள் ஏற்படுத்தப்பட்டிருந்ததுடன் இதற்காகப் பெறப்பட்ட அங்கீகாரம் கணக்காய்விற்காக வழங்கப்பட்டிருக்கவில்லை.
This deterioration had been mainly due to the decrease of the income of the Fund by 2.7 percent and the increase of the expenditure by 2.4 percent as compared with the preceding year.,முன்னைய ஆண்டுடன் ஒப்பிடும் போது நிதியத்தின் வருமானம் 2.7 சதவீதத்தினால் குறைவடைந்தமையும் செலவினங்கள் 2.4 சதவீதத்தினால் அதிகரித்தமையும் இவ்வீழ்ச்சிக்கு பிரதானமாகத் தாக்கமளித்திருந்தது.
The money collected as overtime from the external clearance centres and the other institutions to defray the expenditure incurred in the performance of duties during the time in addition to the normal duty times of the Customs Officers and for the performance of duties on the dates in which the Customs is closed for duties is credited to this Fund and the payments made to the customs staff for such overtime service performed are considered as the expenditure of the Fund.,சுங்க உத்தியோகத்தர்களின் வழமையான கடமைநேரத்திற்கு மேலதிக காலத்தின் போதும் கடமைக்காக சுங்கம் மூடப்பட்டிருக்கும் நாட்களில் கடமைகளை மேற்கொள்வதற்காக செலவிடப்படும் செலவினத்தை ஈடு செய்வதற்கு வெளியிலுள்ள பகிர்வு நிலையங்கள் மற்றும் ஏனையநிறுவகங்களில் மேலதிக நேரமாக அறவிடப்படும் பணம் இந் நிதியத்திற்கு செலவு வைக்கப்படுவதுடன் இதில் மேலதிக நேர சேவைகளுக்காக சுங்கப் பதவியணியினருக்கு மேற்கொள்ளப்படும் கொடுப்பனவுகள் இந் நிதியத்தின் செலவினமாக கருதப்படும்.
Surplus,மிகை
Improvement/ (Deterioration) in the Financial Results as Compared with Preceding year as a Percentage,முன்னைய ஆண்டுடன் ஒப்பிடுகையில் நிதி விளைவுகளில் முன்னேற்றம்/ (வீழ்ச்சி)
Surplus as a Percentage of the Income,சதவீதமாக வருமானத்தின் சதவீதமாக மிகைகள்
The following observation is made in this connection.,இது தொடர்பாக பின்வரும் அவதானிப்புகள் மேற்கொள்ளப்படுகின்றன.
(b) Customs Cargo Examination Fees Fund,(ஆ) கப்பல் சரக்குப் பரீட்சிப்புக் கட்டண நிதியம்
"Out of the examination fees recovered from the parties who clear the goods for the deployment of Customs Officers outside the normal places of work on examination duty, 50 percent is credited to the Customs Cargo Examination Fees Fund and that money is utilized for the payment of allowances.","சுங்க உத்தியோகத்தர்களினால் வழமையான கடமை நிலையங்களுக்கு வெளியே உள்ள சூழலில் பரிசோதனை கடமைகளில் ஈடுபடுத்தப்படுவதற்காக, பொருட்கள் தீர்வை செய்யும் தரப்பினர்களினால் அறவிடப்படும் பரிசோதனைக் கட்டணத்தில் 50 சதவீதம் கப்பல் சரக்குப் பரீட்சிப்புக் கட்டண நிதியத்திற்குச் செலவு வைக்கப்பட்டிருந்ததுடன் அப்பணத்தொகை உத்தியோகத்தர்களுக்கு படிப்பணக் கொடுப்பனவுக்காக பயன்படுத்தப்படுகின்றது."
(a) The contentious nature of the overtime payment process of Sri Lanka Customs was continuously pointed out in the previous years' audit reports and overtime had been paid in an unrealistic manner even during the year under review.,(அ) இலங்கை சுங்கத்தின் மேலதிக நேரக் கொடுப்பனவு நடைமுறைகள் சர்ச்சைக்குரிய தன்மையில் இருந்தமை முன்னைய ஆண்டுகளின் கணக்காய்வு அறிக்ககைளின் மூலம் சுட்டிக் காட்டப்பட்டிருந்ததுடன் மீளாய்வாண்டின் போதும் பொருத்தமற்ற வகையில் மேலதிக நேரக் கொடுப்பனவுக் மேற்கொள்ளப்பட்டிருந்தது.
An audit check relating to 06 officers of the Export Division for the three months from January to March 2012 revealed that each officer had been on overtime duty in the ranges of 600 hours to 663 hours in each of the three months.,2012 சனவரி முதல் மார்ச் வரையான 03 மாத காலப்பகுதியில் இறக்குமதிப் பிரிவில் 06 உத்தியோகத்தர்கள் தொடர்பாக மேற்கொள்ளப்பட்ட தெரிவுக் கணக்காய்வுப் பரிசோதனையின் போது ஒவ்வொரு மாதத்திற்காகவும் சகல உத்தியோகத்தர்களுக்கும் 600 மணித்தியாலங்கள் முதல் 663  மணித்தியாலங்கள் வரையான வீச்சில் மேலதிக நேர சேவையில் ஈடுபடுத்தப்பட்டிருந்தனர்.
"Further, the average overtime duty of these officers per day had exceeded 20 hours.",அதன் பிரகாரம் இந்த உத்தியோகத்தர்கள் மாதத்தின் சகல நாட்களிலும் செய்கின்ற மேலதிக நேரத்தின் அளவு சராசரியாக நாளொன்றிற்கு 20 மணித்தியாலத்தை விஞ்சியிருந்தது.
(b) Those officers had been paid cargo examination fees in an unusual manner in respect of the same period for which the above overtime had been paid.,(ஆ) மேற்கூறப்பட்டதன் பிரகாரம் மேலதிக நேரக் கொடுப்பனவு மேற்கொள்ளப்பட்ட காலப்பகுதிகளுக்காகவும் அந்த உத்தியோகத்தர்களுக்கு கப்பல் சரக்குப் பரீட்சிப்புக் கட்டணமும் அசாதாரணமான முறையில் கொடுப்பனவு செய்யப்பட்டிருந்தது.
"(c) Even though requests were made to produce the documents to audit in support of the payment of cargo examination fees relating to the Bonds and Baggage Division during February to April 2012, such information was not produced even up to October 2013.",(இ) பிணைமுறிகள் மற்றும் பிரயாணப் பொதிகள் போன்ற பிரிவுகளில் 2012 பெப்ரவரி முதல் ஏப்ரல் வரையான மாதங்களில் கப்பல் சரக்குப் பரீட்சிப்புக் கட்டணக் கொடுப்பனவுகளை உறுதிப்படுத்தும் ஆவணங்கள் கணக்காய்விற்கு சமர்ப்பிக்கப்பட வேண்டுமென சுட்டிக்காட்டப்பட்டிருந்த போதிலும் 2013 ஒக்தோபர் வரை உரிய தகவல்கள் சமர்ப்பிக்கப்பட்டிருக்கவில்லை.
"It was reported that the information relating to the Exports Division for the years 2008 and 2009 had been deleted from the computer, but such information for the year 2010 and 2011 had not been also produced to audit.",2008 ஆம் 2009 ஆம் ஆண்டுகளில் ஏற்றுமதிப் பிரிவிற்குரிய  தகவல்கள்  கணனியில் இருந்து அழிந்ததாக அறிக்கையிடப்பட்டிருந்ததுடன் 2010 மற்றும் 2011 ஆம் ஆண்டுகளின் போதும் இந்த தகவல்கள் சமர்ப்பிக்கப்பட்டிருக்கவில்லை.
"Payments were made for many officers on the basis on being on duty throughout the year without obtaining leave, which is an unrealistic.",அநேகமான உத்தியோகத்தர்கள் வருடம் முழுவதும் விடுமுறை பெற்றுக் கொள்ளாமல் சேவையாற்றியதன் அடிப்படையில் கொடுப்பனவு செய்யப்பட்டிருந்ததுடன் அது சாத்தியமற்ற ஒன்றாகும்.
"(e) Even though the outdated regulations on overtime and external examination fees should be amended to rectify the above situations, no action whatsoever had been taken in that connection.",(உ) மேலே காண்பிக்கப்பட்ட நிலைமைகளை முறைமைப்படுத்துவதற்காக மேலதிக நேரக் கொடுப்பனவு மற்றும் கொள்கலன் பரிசோதனைக் கட்டணம் தொடர்பாக காலங்கடந்த பிரமாணங்கள் திருத்தப்பட வேண்டியிருந்த போதிலும் அது தொடர்பாக எவ்வித நடவடிக்கைகளும் எடுக்கப்பட்டிருக்கவில்லை.
3.3. Management Inefficiencies,3.3 முகாமைத்துவ செயற்திறமையீனங்கள்
It was observed that necessary steps had not been taken by discussing the matter with the Treasury.,இவ்விடயம் தொடர்பாக திறைசேரியுடன் கலந்துரையாடி தேவையான நடவடிக்கை எடுக்கப்பட்டிராமை அவதானிக்கப்பட்டது.
Balance of the Treasury Deposit Account,திறைசேரி வைப்புக் கணக்கு மீதி
Budgetary Control,வரவுசெலவுத்திட்டக் கட்டுப்பாடு
"It was observed that the budget had not been used as an effective management control, as the budget revealed quantitative variances between income and expenditure, and actual revenue and expenditure.",வரவுசெலவுத்திட்டத்தின் பிரகாரமான வருமானம் மற்றும் செலவினம் என்பவற்றிற்கும் உள்ளபடியான வருமானம் மற்றும் செலவினத்திற்கும் இடையே குறிப்பிடத்தக்களவு முரண்கள்  கண்டறியப்பட்டமையால்  வரவுசெலவுத்திட்டம் ஆக்கபூர்வமான முகாமைத்துவக் கட்டுப்பாட்டுச் சாதனமாகப் பயன்படுத்தியிருக்கவில்லை என்பது அவதானிக்கப்பட்டது.
5. Systems and Controls‍,5. முறைமைகளும் கட்டுப்பாடுகளும்
Deficiencies in systems and controls observed during the course of audit were brought to the notice of the Director General of Customs from time to time.,கணக்காய்வின் போது அவதானிக்கப்பட்ட முறைமைகள் மற்றும் கட்டுப்பாடுகளது    குறைபாடுகள் தொடர்பாக அவ்வப்போது சுங்கப் பணிப்பாளர் நாயகத்தின் கவனத்திற்கு கொண்டு வரப்பட்டிருந்தது.
Name            : Mr. A.L.M. Cassim,பெயர் : திரு ஏ. எல். எம். காசிம்
Designation     : Zonal Director of Education,பதவி : வலயக் கல்விப் பணிப்பாளர்
"Official Address: Zonal Education Office, Akkaraipattu","அலுவலக முகவரி : வலயக் கல்வி அலுவலகம், அக்கரைப்பற்று"
Name            : Mr. K. Rizwi yahzar,பெயர் : திரு கே.றிஸ்வி யாசர்
Designation     : Accountant,பதவி    : கணக்காளர்
Akkaraipattu Zone,அக்கரைப்பற்று வலயம்
Name            : Mr. S.S. Rathnayake,பெயர் : திரு எஸ். எஸ்.ரத்நாயக்க
Designation     : Zonal Director of Education,பதவி    : வலயக் கல்விப் பணிப்பாளர்
"Official Address: Zonal Education Office, Akuressa","அலுவலக முகவரி: வலயக் கல்வி அலுவலகம், அக்குரஸ்ஸை"
Name            : Mr.K.Ajith Thushara,பெயர் : திரு கே. அஜித் துசார
Akuressa Zone,அக்குரஸ்ஸை வலயம்
Name            : Mr. D.M. Abeyrathne,பெயர் : திரு டி.எம். அபேரத்ன
"Official Address: Zonal Education Office, Anuradhapura","அலுவலக முகவரி: வலயக் கல்வி அலுவலகம், அநுராதபுரம்"
Name: Ms. A.M.P. Nilanthi,பெயர் : செல்வி ஏ.எம்.பி. நிலந்தி
Anuradhapura Zone,அனுராதபுர வலயம்
Name:Mr.P.G.Ariyapala,பெயர் : திரு பீ. ஜீ. ஆரியபால
"Official Address: Zonal Education Office, Balangoda","அலுவலக முகவரி: வலயக் கல்வி அலுவலகம், பலாங்கொடை"
Name            : Mr. H.V.S. Vikirawita,பெயர் : எச்.வீ.எஸ்.விகிராவிட
Designation     : Additional Zonal Director of Education,பதவி    : மேலதிக வலயக் கல்விப் பணிப்பாளர்
Name            : Mr. M.D.S. Fernando,பெயர் : திரு எம். டீ. எஸ். பெர்ணான்டோ
Balangoda Zone,பலாங்கொடை வலயம்
Name            :Mr.R.M.Ananda,பெயர்	 : திரு ஆர். எம். ஆனந்த
Official Address:,பதவி   	 : வலயக் கல்விப் பணிப்பாளர்
"Zonal Education Office,Hali-Ela,Badulla","அலுவலக முகவரி: வலயக் கல்வி அலுவலகம், ஹாலியெலை, பதுளை"
Name:Mr.A.R.W.M.S.K.Amarakoon,பெயர் : திரு ஏ. ஆர். டப். எம். எஸ். கே. அமரக்கோன்
Badulla Zone,பதுளை வலயம்
Name: Mrs. S. Chakkarawarthy,பெயர் : திருமதி எஸ். சக்கரவர்த்தி
"Official Address: Zonal Education Office, Batticaloa","அலுவலக முகவரி : வலயக் கல்வி அலுவலகம், மட்டக்களப்பு"
Name: Mrs. V. Ganeshamoorthy,பெயர் : திருமதி வி. கணேசமூர்த்தி
Batticaloa Zone,மட்டக்களப்பு வலயம்
Name            : Mr. W.M. Jayantha Wickramanayake,பெயர் : திரு டப். எம். ஜயந்த விக்கிரமநாயக்க
Official Address:,அலுவலக முகவரி :
"Zonal Education Office, Vithanage Mw., Colombo-02","வலயக் கல்வி அலுவலகம், விதானகே மாவத்தை, கொழும்பு - 02"
Name: Mr. J. Nanayakkara,பெயர் : திரு என். நாணயக்கார
Name: Mrs. R.M.S. Wasantha,பெயர் : திருமதி ஆர. எம். எஸ். வசந்தா
Colombo Zone,கொழும்பு வலயம்
Name            : Mrs. W.M.C.Weerakoon,பெயர் : திருமதி. டப்லியு.எம்.ஸீ. வீரக்கோன்
"Official Address: Zonal Education Office, Denuwara","அலுவலக முகவரி: வலயக் கல்வி அலுவலகம், தெநுவரை"
Name            : Mrs.G.L.T.S.Liyanage,பெயர் : திருமதி. ஜீ.எல்.டீ.எஸ். லியனகே
Denuwara Zone,தெநுவரை வலயம்
Name            : Mr. N.M.K.B. Nawarathne,பெயர் : திரு என்.எம்.கே.பி. நவரத்ன
"Official Address: Zonal Education Office, Dimbulagala","அலுவலக முகவரி: வலயக் கல்வி அலுவலகம், திம்புலாகலை"
Name            : Mr. H.B.S.K. Gunawardhana,பெயர் : திரு எச்.பி.எஸ்.கே. குணவர்தன
Dimbulagala Zone,திம்புலாகல வலயம்
Name            : Mr. S.K. Mallawaarachchi,பெயர் : திரு எஸ். கே. மல்லவாராச்சி
"Official Address: Zonal Education Office, Gampaha","அலுவலக முகவரி: வலயக் கல்வி அலுவலகம், கம்பகா"
Name            : Mrs. K.G. Sirima,பெயர் : திருமதி கே. ஜி. சிறிமா
Name            : Mrs. L.A.B.L. Gunasena,பெயர் : திருமதி எல். ஏ. பி. எல். குணசேன
Gampaha Zone,கம்பகா வலயம்
Name            : Mr. M.A. Wimalasena,பெயர் : திரு எம்.ஏ.விமலசேன
"Official Address: Zonal Education Office, Trincomalee North, Morawewa","அலுவலக முகவரி: லயக் கல்வி அலுவலகம், திருக்கோணமலை வடக்கு, மொரவேவ"
Name            : Mr. L.W.N.C. Pratheep,பெயர் : திரு எல்.டப்.என்.சி. பரதீப்
Gomarankadawala Zone,கோமரங்கடவலை வலயம்
Name            : Mrs. K.A. Chandrawathie,பெயர் : திருமதி கே. ஏ. சந்திராவதி
"Zonal Education Office, Horana","வலயக் கல்வி அலுவலகம், ஹொரணை"
Name            : Mrs. O.C. Nilushani,பெயர் : திருமதி ஓ. சி. நிலுஷனி
Horana Zone,ஹொரணை வலயம்
Name            : Mr. T. Jhon Qwintus,பெயர் : திரு ரி. ஜோண் குயின்ரஸ்
"Zonal Education Office, Jaffna Islands, Velanai","அலுவலக முகவரி: வலயக் கல்வி அலுவலகம், தீவுகள், வேலனை"
Name            : Ms. S. Kavitha,பெயர் : செல்வி எஸ். கவிதா
Islands Zone,யாழ்ப்பாணம் தீவுகள் வலயம்
Name            : Mr. N. Sirisena,பெயர் : திரு.என்.சிரிசேன
"Official Address: Zonal Education Office, Kegalle","அலுவலக முகவரி: வலயக் கல்வி அலுவலகம், கேகாலை"
Name            : Mrs. P.G.R.S. Madhavi Welagedara,பெயர் :திருமதி.பீ.ஜீ.ஆர்.எஸ்.மாதவி வெலகெதர
Name            : Mr. A.D.D.M.R. Abeyrathne,பெயர் : திரு.ஏ.டீ.டீ.எம்.ஆர்.அபேரத்ன
Position:Cheif Accountant,பதவி : தலைமைக் கணக்கனாளர்
Kegalle Zone,கேகாலை வலயம்
Name            : Mr.K. Mrukawel,பெயர் : திரு. ​கே.முருகவேல்
"Official Address: Zonal Education office, Killinochchi","அலுவலக முகவரி: வலயக் கல்வி அலுவலகம், கிளிநொச்சி"
Name : Mr. R.R.K.S. Ganegoda,"பெயர் :ஆர்,ஆர்.கே.எஸ்.கனேகொட"
Kilinochchi Zone,கிளிநொச்சி வலயம்
Name            : Mrs. A.J. Croos,பெயர் : திரு ஏ. ஜே. குரூஸ்
"Official Address: Madhu Zonal Education Office, Andankulam, Adampan","அலுவலக முகவரி: வலயக் கல்வி அலுவலகம்,ஆண்டான்குளம், அடம்பன்"
Name            : Mr. A.U.D. Premathilaka,பெயர் : திரு ஏ. யூ. டி. பிரேமதிலக்க
Madhu Zone,மடு வலயம்
Name            : Mr.S. Thandayuthapani,பெயர் : திரு எஸ். தண்டாயுதபாணி
Designation     : Hon. Minister of Education,பதவி    : கௌரவ மாகாண கல்வி அமைச்சர்
"Official Address: Ministry of Education, Inner Harbour Road, Trincomalee","அலுவலக முகவரி : கல்வி அமைச்சு, உள் துறைமுக வீதி, திருகோணமலை"
Name            : Mr.J.S.D.M. Asanka Abeywaedena,பெயர் : திரு ஜே.எஸ்.டீ.எம்.அசங்க அபேவர்தன
Designation     : Provincial Secretary of Education,பதவி    : மாகாண கல்விச் செயலாளர்
Name            : Mr. M.T.A. Nisam,பெயர் : திரு எம்.டி.ஏ. நிசாம்
Designation     : Provincial Director of Education,பதவி    : மாகாண கல்விப் பணிப்பாளர்
"Official Address: Provincial Department of Education, Eastern Province, Orr's Hill, Trincomalee","அலுவலக முகவரி : மாகாண கல்வித் திணைக்களம், கிழக்கு மாகாணம், உவர்மலை, திருக்கோணமலை"
Name            : Mr. S.Manoharan,பெயர் : திரு எஸ்.மனோகரன்
Designation     : Additional Provincial Director of Education,பதவி    : மேலதிக மாகாண கல்விப் பணிப்பாளர்
Name            : Mr.Sunil S.Karunathilaka,பெயர் : திரு சுனில் எஸ்.கருணாதிலக
Name            : Mr.A.Vijayanantha Moorthy,பெயர் : திரு ஏ.விஜயாநந்த மூர்தி
Name            : Mr.B.Ketheswaran,பெயர் : திரு பீ. கேதீஸ்வரன்
Designation     : Cheif Accountant,பதவி    : தலைமைக் கணக்காளர்
Eastern Province,கிழக்கு மாகாணம்
Name            : Mr. V.K. Jayarathne,பெயர் : திரு வி.கே. ஜயரத்ன
"Official Address: Zonal Education Office, Galenbindunuwewa","அலுவலக முகவரி:  வலயக் கல்வி அலுவலகம், கலென்பிந்துன​வெவை"
Name            : Mr. B.A.A. Wijerathne,பெயர் : திரு பி.ஏ.ஏ. விஜேரத்ன
Galenbindunuwewa Zone,கலன்பிந்துனுவேவை வலயம்
Name            : Mr. G.G.A.Premesiri,பெயர் : திரு ஜி.ஜி.ஏ. பிரேமரிசி
"Official Address: Zonal Education Office, Gampola","அலுவலக முகவரி: வலயக் கல்வி அலுவலகம், கம்பளை"
Name            : Mr. R.H.N.N.Ranasingha,பெயர் : திரு. ஆர். எச்.என்.என்.ரணசிங்க
Gampola Zone,கம்பளை வலயம்
Name            : Mr.P.Sridharan,பெயர் : திரு பீ.ஸ்ரீதரன்
"Official Address: Zonal Education Office, Hatton","அலுவலக முகவரி: வலயக் கல்வி அலுவலகம், அட்டன்"
Name            : Mrs.G.A.T.N.Godagedara,பெயர் : திருமதி ஜீ.ஏ.டீ.என்.கொடகெதர
Hatton Zone,அட்டன் வலயம்
Name            : Mr. H. Kulasooriya,பெயர் : திரு எச். குலசூரிய
"Official Address: Zonal Education Office, Ibbagamuwa","அலுவலக முகவரி: வலயக் கல்வி அலுவலகம், இப்பாகமுவை"
Name            : Mr. H.G. Abeyrathna,பெயர் : திரு எச். ஜி. அபேரத்ன
Ibbagamuwa Zone,இப்பாகமுவை வலயம்
Name            : Mrs. O.M.V.P. Mudalige,பெயர் : திருமதி ஓ. எம். வி. பி. முதலிகே
"Official Address: Zonal Education Office, Kalutara","அலுவலக முகவர : வலயக் கல்வி அலுவலகம், களுத்துறை"
Name            : Mrs. A.K.P. Fernando,பெயர் : திருமதி ஏ. கே. பி. பெர்னாண்டோ
Kalutara Zone,களுத்துறை வலயம்
Name            : Mr. B.M.S.S.S. Basnayake,பெயர் : திரு பி. எம். எஸ். எஸ். எஸ். பஸ்நாயக்க
"Official Address: Zonal Education Office, Kanthale","அலுவலக முகவரி: வலயக் கல்வி அலுவலகம், கந்தளாய்"
Name            : Mr. L.W.N.C. Paratheep,பெயர் 			: திரு எல்.டப்.என்.சி. பரதீப்
Kantale Zone,கந்தளாய் வலயம்
Name            : Mr. M.M.M.Ziyan,பெயர் : திரு எம்.எம்.எம்.சியான்
"Official Address: Zonal Education Office, Mannar","அலுவலக முகவரி : வலயக் கல்வி அலுவலகம், மன்னார்"
Name            : Mr. A.H.M.S. Bandara,பெயர் : திரு ஏ.எச்.எம்.எஸ்.பண்டார
Mannar Zone,மன்னார் வலயம்
Name            : Mr. S.M.A.M. Saddhamangala Subasinghe,பெயர் : திரு எஸ். எம். ஏ. எம். சத்தமங்கள
"Official Address: Zonal Education Office, Puttalam","அலுவலக முகவரி : வலயக் கல்வி அலுவலகம், புத்தளம்"
Name            : Mr. R.D. Solaman,பெயர் : திரு ஆர். டீ. சொலமன்
Puttalam Zone,புத்தளம் வலயம்
Name            : Mrs. L.M. Weniton,பெயர் : திருமதி எல். எம். வெனிட்டன்
"Official Address: Zonal Education Office, Thunukkai, Mallavi MMV., Mallavi","அலுவலக முகவரி: வலயக் கல்வி அலுவலகம், துணுக்காய், மல்லாவி ம.ம.வி., மல்லாவி"
Name            : Mr. A.M.R.S. Athapattu,பெயர் : திரு ஏ. எம். ஆர். எஸ். அத்தபத்து
Thunukkai Zone,துணுக்காய் வலயம்
Name            : Mrs.S.Anton Somarajah,பெயர் : திருமதி அன்டன் சோமராஜா
"Official Address: Zonal Education Office, Vavuniya South, Vavuniya","அலுவலக முகவரி: வலயக் கல்வி அலுவலகம், வவுனியா தெற்கு, வவுனியா"
Name            : Ms. R. Anantharani,பெயர் : செல்வி ஆர். ஆனந்தராணி
Vavuniya South Zone,வவுனியா தெற்கு வலயம்
"Zonal Education Office, Wellawaya","அலுவலக முகவரி: வலயக் கல்வி அலுவலகம், வெல்லவாயா"
Name            : Mr. M.A. Rathnasiri,பெயர் : திரு எம். ஏ. ரத்னசிரி
Name            : Mr. D.M.A Senanayake      :,பெயர் : திரு டீ. எம்.ஏ. சேனாநாயக்கா
Wellawaya Zone,வெல்லவாயா வலயம்
Name            : Mr. N.S. Premachandra,பெயர் : திரு.என்.எஸ்.ப்ரேமசந்திர
"Official Address: Zonal Education Office, Dehiattakandiya","அலுவலக முகவரி: வலயக் கல்வி அலுவலகம், தெகியத்தகண்டி"
Name            : Mr. K. Fazeel,பெயர் : திரு கே. பஸீல்
Dehiattakandiya Zone,தெகியத்தகண்டி வலயம்
Name            : Mr. K.A. Susil Premanath,பெயர் : திரு கே. ஏ. சுசில் பிரேமநாத்
"Official Address: Zonal Education Office, Kalegana, Galle","அலுவலக முகவரி: வலயக் கல்வி அலுவலகம், கலேகன, காலி"
Name          :Mr.K.P.K.S.Chandhima,பெயர் : திரு கே. பீ. கே. எஸ். சந்திமா
Galle Zone,காலி வலயம்
Name            : Mr. W.R. Weerakoon,பெயர் : திரு டப்.ஆர். நாணயக்காரா
"Official Address: Zonal Education Office, Hakmana","அலுவலக முகவரி: வலயக் கல்வி அலுவலகம், அக்மன"
Name            : Mrs. U.M. Shiriyani Kulathunga,திருமதி யூ. கே. எம். சிரியானி குலதுங்க
Mulatiyana (Hakmana) Zone,முலட்டியான (அக்மன) வலயம்
Name            : Mr.W.M.Wejerahna,பெயர் : திரு டப்.எம்.விஜேரத்ன
"Official Address: Zonal Education Office, Kandy","அலுவலக முகவரி: வலயக் கல்வி அலுவலகம், கண்டி"
Name            : Mr. P.P.C.S.J. Pathirage,பெயர் : திரு பி.பி.சி.எஸ். பத்திரகே
Kandy Zone,கண்டி வலயம்
Name            : Mr. J.K.V.A. Jayalath,பெயர் : திரு ஜே.கே.வி.ஏ. ஜயலத்
"Official Address: Zonal Education Office, Kekirawa","அலுவலக முகவரி : வலயக் கல்வி அலுவலகம், கெக்கிராவை"
Name            : Mr. J.K.M.V.K. Jayasinghe,பெயர் : திரு ஜே.கே.வி.எம். ஜயசிங்க
Kekirawa Zone,கெக்கிராவை வலயம்
Name            : Mrs. M.T.S DE Silva,பெயர் : திரு எம்.டீ.எஸ்.டி சில்வா
"Official Address: Zonal Education Office, Kothmale","அலுவலக முகவரி: வலயக் கல்வி அலுவலகம், கொத்மலை"
Name            : Mrs. K.M.N.C.Gunarahna,பெயர் : திரு கே.எம்.என்.ஸீ. குணவர்தன
Kotmale Zone,கொத்மலை வலயம்
Name            : Mr. S.A. Alagiyawanna,பெயர் : திரு எஸ்.ஏ. அழகியவண்ண
"Official Address: Zonal Education Office, Kuliyapitiya","அலுவலக முகவரி: வலயக் கல்வி அலுவலகம், குளியப்பிட்டி"
Name            : Ms. S.M.D.K. Jayasinghe,பெயர் : திரு எஸ். எம். டி.கே. ஜயசிங்க
Kuliyapitiya Zone,குளியாப்பிட்டி வலயம்
Name            : Mr. N.W. Perera,பெயர் : திரு என். டப். பெரேரா
"Official Address: Zonal Education Office, Matugama","அலுவலக முகவரி: வலயக் கல்வி அலுவலகம், மத்துகமை"
Name            : Mrs. A.G.S.P. Wijerathne,பெயர் : திருமதி ஏ. ஜி. எஸ். பி. விஜேரத்ன
Matugama Zone,மத்துகமை வலயம்
Name            : Mr. P.S. Nonis,பெயர் : திரு பி. எஸ். நோனிஸ்
"Official Address: Zonal Education Office, Minuwangoda","அலுவலக முகவரி: வலயக் கல்வி அலுவலகம், மினுவாங்கொடை"
Name            : Mr. M.C. Perera,பெயர் : திருமதி எம். சி. பெரேரா
Minuwangoda Zone,மினுவாங்கொடை வலயம்
Name            : Mr. A. Vijayananthamoorthy,பெயர் : திரு ஏ. விநாயகமூர்த்தி
"Official Address: Zonal Education Office, Muthur","அலுவலக முகவரி: வலயக் கல்வி அலுவலகம், மூதூர்"
Name            : Mr. A.M. Roman,பெயர் : திரு ஏ.எம்.ரஹ்மான்
Mutur Zone,மூதூர் வலயம்
Name            : Mr. S. Krishnakumar,பெயர் : திரு எஸ். கிருஷ்ணகுமார்
"Official Address: Zonal Education Office, Chawakatchcheri","அலுவலக முகவரி: வலயக் கல்வி அலுவலகம், சாவகச்சேரி"
Name            : Mrs.S.Nanthakumar,பெயர் : திருமதி எஸ். நந்தகுமார்
Thennamaradchi Zone,தென்மராட்சி வலயம்
Name            : Mrs.Y.M.C.D.Yaparahna,பெயர் : திருமதி வய்.ஏ.ஸீ.டீ.யாபாரத்ன
"Official Address: ZonalEducation Office, Katugastota","அலுவலக முகவரி: வலயக் கல்வி அலுவலகம், கட்டுகஸ்தோட்டை"
Name            :Mr.P.H.R.P.Kumara,பெயர் : திரு பீ.எச்.ஆர்.பீ.குமார
Katugastota Zone,கட்டுகஸ்தோட்டை வலயம்
Name            : Mr. Hemapala Gunawardhana,பெயர் : திரு ஹேமபால குணவர்த்தன
"Official Address: Zonal Education Office, Kebithigollewa","அலுவலக முகவரி: வலயக் கல்வி அலுவலகம், கெப்பிட்டிகொல்லாவை"
Kebithigollewa Zone,கெப்பிட்டிகொல்லாவ வலயம்
Name            : Mr. W.M. Piyasena,பெயர் : திரு டப். எம். பியசேன
"Official Address: Zonal Education Office, Passara","அலுவலக முகவரி: வலயக் கல்வி அலுவலகம், பசறை"
Name            : Mr. W.M. Deshabandu,பெயர் : திரு டப். எம். தேசபந்து
Name            : Mr. L.D.S. Priyantha,பெயர் : திரு எல். டீ. எஸ். பிரியந்த
Passara Zone,பசறை வலயம்
Name            : Mr. M. Siripala,பெயர் : திரு .எம்.சிரிபால
"Official Address: Zonal Education Office, Rathnapura","அலுவலக முகவரி: வலயக் கல்வி அலுவலகம், இரத்தினபுரி"
Name            : Mr. K.L.Hemarathne,பெயர் : திரு கே.எல்.ஹேமரத்ன
Name            : Mr. Dumindu Maithree,பெயர் : திரு துமிது மைத்ரீ
Ratnapura Zone,இரத்தினபுரி வலயம்
Name            : Mrs. H.W.N.K. Ekanayake,பெயர் : திருமதி எச். டப். என். கே. எக்கநாயக்க
"Official Address: Zonal Education Office, Sri Jayawardhanapura","அலுவலக முகவரி: வலயக் கல்வி அலுவலகம், ஸ்ரீ ஜயவர்த்தனபுரை"
Name            : Mrs. R.P.P. Abeykoon,பெயர் : திருமதி ஆர். பீ. பீ. அபேயகோன்
Sri Jayawardhanapura Zone,ஸ்ரீ ஜயவர்த்தனபுரம் வலயம்
Name            : Mr. N. Vijendran,பெயர் : திரு என். விஜேந்திரன்
"Official Address: Zonal Education Office, Trincomalee","அலுவலக முகவரி: வலயக் கல்வி அலுவலகம், திருக்கோணமலை"
Name            : Mrs. G. Partheepan,பெயர் : திருமதி ஜி. பார்த்திபன்
Trincomalee Zone,திருக்கோணமலை வலயம்
Name            : Mr. N.P.A.A. Piyasoma,பெயர் : திரு என்.பீ.ஏ.ஏ.பியசோம
"Official Address: Zonal Education Office, Udugama","அலுவலக முகவரி: வலயக் கல்வி அலுவலகம், உடுகமை"
Udugama Zone,உடுகமை வலயம்
Name            : Mrs. S. Rathnayake,பெயர் : திருமதி எஸ். ரத்நாயக்க
"Official Address: Zonal Education Office, Maho","அலுவலக முகவரி:வலயக் கல்வி அலுவலகம், மாகோ"
Name            : Mrs. W.M. Soma Wijekoon,பெயர் : திருமதி.டப். எம். சோமா விஜேகோன்
Maho Zone,மாகோ வலயம்
Name            : Mr.K.G.N.M.P.B.Nawarathna,பெயர் : திரு கே.ஜீ.என்.எம்.பீ.பீ.நவரத்ன
"Official Address: Zonal Education Office, Teldeniya","அலுவலக முகவரி: வலயக் கல்வி அலுவலகம், தெல்தெனியா"
Name            : Mrs. I.N.Wejewardana,பெயர் : திருமதி. ஐ.என். விஜெவர்தன
Teldeniya Zone,தெல்தெனியா வலயம்
Name            : Mr. H.B. Wijerathne,பெயர் : திரு.எச்.பி. விஜேரத்ன
"Official Address: Zonal Education Office, Thambuththegama","அலுவலக முகவரி: வலயக் கல்வி அலுவலகம், தம்புத்தேகமை"
Name            : Mr. W.P.S. Wijesinghe,பெயர் : திரு டப்.பி.எஸ். விஜேசிங்க
Thambuththegama Zone,தம்புத்தேகமை வலயம்
Name            : Mr.S. Chandrarajah,பெயர் : திரு எஸ். சந்திரராஜா
"Official Address: Zonal Education Office, Maruthanarmadam, Chunnakam","அலுவலக முகவரி: வலயக் கல்வி அலுவலகம், மருதனாமடம், சுன்னாகம்"
Name            : Mrs.P. Kuganeswary,பெயர் : திருமதி பி. குகனேஸ்வரி
Valikamam Zone,வலிகாமம் வலயம்
Name            : Mr. D.M.S.Karunarathna,பெயர் : திரு டீ.எம்.எஸ்.கருணாரத்ந
"Official Address: Zonal Education Office, Walapone","அலுவலக முகவரி: வலயக் கல்வி அலுவலகம், வலப்பனை"
Name            : Mrs.M.P.M.Desanayaka,பெயர் : திருமதி எம்.பீ.எம்.திசாநாயக்க
Walapone Zone,வலப்பனை வலயம்
Name            :Mr.Y.M.Rathnayake,பெயர் : திரு வை.எம். ரத்நாயக்கா
"Official Address:Zonal Education Office,Nikaweratiya","அலுவலக முகவரி: வலயக் கல்வி அலுவலகம், நிக்கவெரட்டிய"
Name            :Mr.N.K.B.A.G.Narasinghe,பெயர் : திரு என். கே. பி. ஏ. ஜி. நரசிங்க
Nikaweratiya Zone,நிக்காவெரட்ட வலயம்
Name            : Mr. M.S.A. Jaleel,பெயர் : திரு எம். எஸ். ஏ. ஜலீல்
"Official Address: Zonal Education Office, Sammanthurai","அலுவலக முகவரி: வலயக் கல்வி அலுவலகம், சம்மாந்துறை"
Name            : Mr. A.M.F. Rafeek,பெயர் : திரு ஏ.எம்.எம்.றபீக்
Samanthurai Zone,சம்மாந்துறை வலயம்
Name: Hon. Shan Wijayalal de Silva,பெயர் : கௌரவ ஷான் விஜயலால் டீ சில்வா
Designation: Hon. Chief Minister of Southern Province,பதவி    :  கௌரவ தென் மாகாண முதலமைச்சர்
"Official Address: Chief Minister's office, Upper Dickson Road, Galle","அலுவலக முகவரி: முதலமைச்சரின் அலுவலகம், மேல் டிக்சன் வீதி, காலி"
Name: Hon. Chandima Rasaputhra,பெயர் : கௌரவ சந்திமா ராசபுத்திர
Designation: Hon. Education Minister of Southern Province,பதவி    : கௌரவ மாகாணக் கல்வி அமைச்சர்
"Official Address: Education Ministry of Southern Province, Dakshinapaya, Labudoova.","அலுவலக முகவரி: தென் மாகாணக் கல்வி அமைச்சு, தக்ஷினபாய,லபுதூவை"
Name: Mr. Y.Wikramasiri,பெயர் : திரு வய். விக்கிரமசிரி
Name: Mr. Jayathissa Block,பெயர் : திரு ஜயதிஸ்ஸ புளொக்
Designation: Provincial Director of Education (s.v),பதவி    : மேலதிக மாகாணக் கல்விப் பணிப்பாளர் (பதிலி)
"Official Address: Department of Education Southern Province,Upper Dickson Road, Galle.","அலுவலக முகவரி: மாகாணக் கல்வித் திணைக்களம், மேல் டிக்சன் வீதி, காலி"
Name: Mrs. S.Y. Pathiranawasam,பெயர் : திருமதி. எஸ்.வய்.பதிரனவசம்
Designation: Additional Provincial Director of Education (Development),பதவி    : மேலதிக மாகாணக் கல்விப் பணிப்பாளர் (அபிவிருத்தி)
Name: Mr.K.A. Susil Premanath,பெயர் : திரு. கே.ஏ. சுசில் பிரேமநாத்
Designation: Additional Provincial Director of Education (control),பதவி    : மேலதிக மாகாணக் கல்விப் பணிப்பாளர் (கட்டுப்பாடு)
Name: Mr. M.G. Nihal,பெயர் : திரு எம்.ஜீ.நிகால்
Name            : Mr. R. Sugirtharajan,பெயர் : திரு. ஆர். சுகிர்தராஜன்
"Official Address: Zonal Education Office,Thirukkovil","அலுவலக முகவரி: வலயக் கல்வி அலுவலகம், திருக்கோவில்"
Name            : Mr. M.K. Kentharamoorthy,பெயர் : திரு எம். கேந்திரமூர்த்தி
Thirukkovil Zone,திருக்கோயில் வலயம்
Name            : Chamara Sampath Dasanayake,பெயர் : சாமர சம்பத் தஸநாயக்க
Designation     : Hon. Minister of Provincial Education,பதவி    : கௌரவ மாகாணக் கல்வி அமைச்சர்
"Official Address: Chief Minister's Office, Uva Provincial Council,Raja Veediya, Badulla","அலுவலக முகவரி: முதலமைச்சர் அலுவலகம், ஊவா மாகாண சபை, ரஜ வீதி,பதுளை."
Name            : Mrs. G.A.M.S.P. Ambanwela,பெயர் : திருமதி. ஜீ.ஏ.எம்.எஸ்.பீ. அபன்வெல
"Official Address: Ministry of Education, Uva Provincial Council, Badulla","அலுவலக முகவரி: கல்வி அமைச்சு,ஊவா மாகாண சபை, பதுளை"
Name            : Mr. R.M.P. Rathnayake,பெயர் : திரு ஆர். எம். பீ. ரத்னாயக்கா
Designation     : Provincial Director of Education,பதவி    : மாகாணக் கல்விப் பணிப்பாளர்
"Official Address: Provincial Department of Education, Welagedara Road, Badulla","அலுவலக முகவரி: மாகாணக் கல்வித் திணைக்களம், வெலகெதர வீதி, பதுளை"
Name            : Mr. R.M. Thilakarathne,பெயர் : திரு ஆர்.எம். திலகரத்ன
"Official Address: Provincial Department of Education, Welagedara Rd., Badulla","அலுவலக முகவரி: ஊவா மாகாணக் கல்வித் திணைக்களம், வெலகெதர வீதி, பதுளை"
Name            : Direct,பெயர் : நேரடி
Designation     : Extension,பதவி    : இடைத்தொடர்பு
Name            : Mr. N.A. Handunpathirana,பெயர் : திரு என். ஏ. ஹந்துன்பத்திரண
Designation     : Assistant Director of Education,பதவி    : உதவிக் கல்விப் பணிப்பாளர்
Name            : Mr. Waruna Alahakone,பெயர் : திரு வருண அழக்கோன்
Name            : Mrs. U.A. Samarakone,பெயர் : திருமதி யூ. ஏ. சமரக்கோன்
Name            : Mr. U.K. Mahipala,பெயர் : திரு யூ.கே. மகிபால
Name            : Branch,பெயர் : கிளை
Name list of staff,அலுவலர்கள் பெயர்ப் பட்டியல்
Name            : Mr. S.S. Rathnayake,பெயர் : திரு எஸ்.எஸ்.ரத்நாயக்க
Name            : Mrs. S.P. Chandrawathie,பெயர் : திருமதி. எஸ்.பீ. சந்திரவதீ
"Official Address: Zonal Education Office, Ambalangoda","அலுவலக முகவரி:வலயக் கல்வி அலுவலகம், அம்பலாங்கொடை"
Name            :Mr.B.P.Thisara,பெயர் : பீ.ஜீ.திசர
Ambalangoda Zone,அம்பலாங்கொடை வலயம்
Name            : Mr. N. Nanthakumar,பெயர் : திரு எஸ். நந்தகுமார்
"Official Address: Zonal Education Office, Vadamaradchi, Point Pedro","அலுவலக முகவரி: வலயக் கல்வி அலுவலகம், வடமராட்சி, பருத்தித்துறை"
Name            : Mr. R. Chandradas,பெயர் : திரு ஆர். சந்திரதாஸ்
Vadamaradchi Zone,வடமராட்சி வலயம்
Name            : Mrs. P. Ganeshalingam,பெயர் : திருமதி பி. கணேசலிங்கம்
"Official Address: Zonal Education Office, Vavuniya North, Puliyankulam","அலுவலக முகவரி: வலயக் கல்வி அலுவலகம், வவுனியா வடக்கு, புளியங்குளம்"
Name            : Mr. M.P.V.N. Bandara,பெயர் : திரு எம். பி. வி. என். பண்டார
Vavuniya North Zone,வவுனியா வடக்கு வலயம்
Name            : Mr. R.W. Gamage,பெயர் : திரு ஆர்.டப்லியு.கமகே
"Official Address: Zonal Education Office, Walasmulla","அலுவலக முகவரி: வலயக் கல்வி அலுவலகம், வலஸ்முல்லை"
Name:    Mrs. H.K.N.Nadeeshani,பெயர் : திருமதி எச்.கே.என்.நதீஷானி
Walasmulla Zone,வலஸ்முல்ல வலயம்
Name            : Mr.M.W.Wejerathna,பெயர் : திரு எம்.டப். விஜேரட்ன
"Official Address: Zonal Education Office, Wattegama","அலுவலக முகவரி: வலயக் கல்வி அலுவலகம், வத்தேகமை"
Name            : Mrs.I.D.Karunarahna,பெயர் : திருமதி. ஐ.டீ. கருணாரத்ன
Wattegama Zone,வத்தேகமை வலயம்
Name            : Mr. I.M. Gunasekara,பெயர் : திரு ஐ. எம். குணசேகர
"Official Address: Zonal Education Office, Welimada","அலுவலக முகவரி: வலயக் கல்வி அலுவலகம், வெலிமடை"
Name            : Mr. D.M.N.P. Dissanayake,பெயர் : திரு டீ. எம். என். பீ. திஸாநாயக்கா
Official Address:,அலுவலக முகவரி:
Telephone Number:,தொலைபேசி எண்:
Fax:,தொலைநகல்:
e-mail:,மின்னஞ்சல்:
Welimada Zone,வெலிமடை வலயம்
Aesthetic Education Branch,அழகியற் கலைகள் கிளை
Director of Education,கல்விப் பணிப்பாளர்
Aesthetic Education Branch (1st Floor),அழகியற் கலைகள் கிளை (1 ம் மாடி)
Vision,தூரநோக்கு
To: Hon. Minister of Mass Media and Information,"கௌரவ ஊடக மற்றும் தகவல்துறை அமைச்சருக்கு,"
"We, the Chairman and the Members of the Sri Lanka Rupavahini Corporation present herewith the Annual Report for the year 2012, in accordance with Section 14 (1) of the Finance Act No. 38 of 1971, along with the financial reports.",இலங்கை ரூபவாஹினிக் கூட்டுத்தாபனத்தின் தலைவர் மற்றும் உறுப்பினர்களாகிய நாம் 1971 ஆம் ஆண்டு 38ஆம் இலக்க நிதிச்சட்டத்தின் 14(1) கீழ் 2012 ஆம் ஆண்டுக்கான வருடாந்த அறிக்கையை இத்தாள் சமர்ப்பிக்கின்றோம்.
On behalf of the Sri Lanka Rupavahini Corporation,இலங்கை ரூபவாஹினிக் கூட்டுத்தாபனம் சார்பாக
"Chairman,","தலைவர்,"
"Sri Lanka Rupavahini Corporation,","இலங்கை ரூபவாஹினிக் கூட்டுத்தாபனம்,"
"Independence Square,","சுதந்திர சதுக்கம்,"
Colombo 07.,கொழும்பு 07.
To be the flagship broadcaster of all Sri Lankans.,அனைத்து இலங்கையர்களினதும் ஒளிபரப்புத்துறையின் முன்னோடியாக திகழ்தல்.
"Achieve excellence in creative content and dissemination of timely and valued, educational, entertaining and informative programmes through dedicated team work and state-of-the-art technology to exceed the expectation of Sri Lankans everywhere.","அறிவு, பொழுதுபோக்கு, கல்வி சார்ந்த படைப்புகளை காலத்திற்கு ஏற்ற வகையில் அர்ப்பணிப்புடன் இணைந்து  தயாரித்து புதிய தொழில்நுட்பத்தின் ஊடாக மெருகூட்டி இலங்கை ரசிகர்களின் எதிர்பார்ப்புகளை மிஞ்சும் வகையில் ஒளிபரப்புதல்."
Aims,இலக்குகள்
"* To produce informative, educational and entertaining programmes while maintaining the highest standards and creativity",*	கல்வியை அடிப்படையாகக் கொண்டு தயாரிக்கப்பட்ட அறிவு களிப்பூட்டல்  தயாரிப்புக்களை வழங்கல்.
* To attract maximum number of viewers through excellent transmission,*	தரமான நிகழ்ச்சிகளை ஒளிபரப்புவதன் மூலம் ஆகக் கூடுதலான ரசிகர்களை கவர்ந்திழுத்தல்.
* To achieve financial stability and growth to run as a commercially viable autonomous state enterprise,"*	வர்த்தக ரீதியாக சாத்தியமானதும், சுயேச்சையானதுமான அரசாங்க நிறுவனம் என்ற ரீதியில் முன்னெடுப்பதற்குத் தேவையான நிதி ஸ்திரத் தன்மையையும் வளர்ச்சியையும் அடைதல்."
* To protect the national identity of Sri Lankans the world over,*	உலக நாடுகள் அனைத்திலும் வாழும் இலங்கையர்களின் தேசிய அடையாளத்தை உறுதி செய்வதற்கு பங்களிப்புச் செய்தல்.
Message from the Chairman,தலைவரின் செய்தி
Board of Directors,கூட்டுத்தாபன பணிப்பாளர் சபை
Senior Management,சிரேஷ்ட முகாமைத்துவம்
Directors,பணிப்பாளர்கள்
Award Winning Achievements,விருதுகளைப் பெற்றுத்தந்த வெற்றிகள்
Programmes Division,நிகழ்ச்சிப் பிரிவு
News and Current Affairs Division,செய்தி மற்றும் நடப்பு விவகாரப் பிரிவு
Production Services Division,தயாரிப்புச் சேவைகள் பிரிவு
Engineering Division,பொறியியல் பிரிவு
Marketing Division,சந்தைப்படுத்தல் பிரிவு
Airtime Analysis,ஒளிபரப்பு நேர பகுப்பாய்வு
Finance Division,நிதிப்பிரிவு
Statement of Directors’ Responsibility,பணிப்பாளர்களின் பொறுப்பு குறித்த அறிக்கை
Financial Report,நிதி அறிக்கை
Audit Report,கணக்காய்வு அறிக்கை
For over three decades we have been fulfilling our national obligation while remaining at the forefront of mass communication on behalf of all Sri Lankans.,அனைத்து இலங்கை மக்களினதும் தொடர்பாடல்களின் முன்னோடியாக  மூன்று தசாப்தகாலத்திற்கு மேலாக நாம் தேசிய பணியை முன்னெடுப்பதில் ஈடுபட்டுள்ளோம்.
The challenges that lie ahead grow ever more complex than those we have left behind.,நாம் கடந்து வந்த பாதையிலும் பார்க்க நாம் இன்னும் கடக்கவேண்டிய தூரத்திலுள்ள சவால்கள் சிக்கல் நிறைந்தவையாகும்.
Over two dozen competitors have entered the market where we enjoyed near monopoly thirty years ago.,முப்பது வருடங்களுக்கு முன்னர் நாம் மாத்திரம் இருந்த சந்தையில் 24க்கும் மேற்பட்ட போட்டியாளர்கள் எம்முடன் ஒன்றிணைந்துள்ளனர்.
While many private channels resort to extreme commercialism in the midst of intense competition we continue to honour our national responsibility and cater to audiences without compromising good taste and higher standards.,இந்த போட்டிக்கு மத்தியில் பிற்போக்கு பாதையில் சில தனியார் அலைவரிசைகள் தமது நடவடிக்கைகளை முன்னெடுத்துள்ள நிலையில் நாம் தேசிய பொறுப்புடன் எமது ரசிகர்களின் ரசனைக்காக சேவையாற்றியுள்ளோம்.
Keeping pace with rapid technological advances in the field is an imperative.,மற்றுமொரு புறத்தில் துரிதமாக மாறிவரும் தொழில்நுட்பத்திற்கு மாற வேண்டியுள்ளது.
There is a need of considerable spending in order to do so.,இதற்காக பாரிய தொகையை செலவிட வேண்டியுள்ளது.
We have been successful in absorbing the very high cost involved in this process,இவை அனைத்தையும் எம்மால் பெறப்பட்ட வருமானத்தின் மூலமே ஈடு செய்ய முடிந்தது.
The long list of local as well as international awards and accolades we have won this year is ample proof for the recognition and appreciation of the national duty which we have fulfilled creatively.,நாம் மேற்கொண்ட காத்திரமான தேசிய பணிக்கு கிடைத்த பாராட்டுக்கள் இந்த ஆண்டில் எமக்கு தேசிய ரீதியிலும் சர்வதேச ரீதியிலும் கிடைத்த விருதுகளாகும்.
Our list of awards is a clear evident of that.,இதற்கு எமது விருதுகள் பட்டியல் சாட்சி பகர்கின்றது.
"Overcoming challenges in the market, we have surpassed our projected targets of income, signifying yet another major achievement.",வர்த்தக சந்தையில் சவால்களை வெற்றி கொண்டு எதிர்பார்த்த வருமானத்தையும் இலக்கையும் அடைய முடிந்தமை நாம் அடைந்த வர்த்தக சந்தை வெற்றியாகும்.
"The introduction of dubbed versions of high-quality foreign teledrama series such as “Oshin” and “Sujatha Diyani” proved to be a tremendous success in winning massive audiences as well as securing record-breaking income figures for the airtime belt of 6.30 p.m., which previously had no market value.",வர்த்தக சந்தையில் பெறுமதியற்று காணப்பட்ட மாலை 6.30 போன்ற ஒளிபரப்பு காலத்திற்காக “ஓசின்” மற்றும் “சுஜாத்த தியனிய” குரல்பதிவு செய்யப்பட்ட உயர்தரமான வெளிநாட்டுத் தொடர் நாடகங்கள் அறிமுகப்படுத்தப்பட்டதன் மூலம் குறிப்பிடத்தக்க ரசிகர்களை ஒன்று திரட்டவும் குறிப்பிடத்தக்க வருமானத்தையும் இக்காலப்பகுதியில் பெற்றுக்கொள்ள முடிந்தது.
Accomplishing all this while eradicating wasteful practices and financial irregularities was yet another remarkable achievement.,வீண் செலவுகளுக்காகவும் நிதி மோசடிகளுக்காகவும் இருந்த சந்தர்ப்பங்களை இல்லாதொழித்து அனைத்துப் பணிகளையும் மேற்கொள்ள முடிந்தமை நாம் அடைந்த வெற்றியாகும்.
With the purchase of essential engineering and studio equipment we have also saved a huge sum of money which could have otherwise been spent for outsourcing.,பல வருடங்களாக குறைபாடாக இருந்த பொறியியல் மற்றும் கலையகங்களுக்கான உபகரணங்கள் கொள்வனவு செய்யப்பட்டதினால் சேவை நிறுவனங்களுக்காக செலுத்தப்பட்ட பாரிய தொகையை சேமிக்க முடிந்தது.
"The need for a formal plan to maintain optimum functioning as well as to overcome future challenges has been recognized. Accordingly, we have been able to formulate a Corporate Plan for the time period 2013 – 2017 and commence operations with a view to achieve annual targets.",இந்த நிலைமையை தொடர்ந்தும் முன்னெடுப்பதற்கும் எதிர்கால சவால்களை வெற்றி கொள்வதற்குமான முறையான திட்டத்தின் தேவை அடையாளங் காணப்பட்டு 2013 – 2017ம் ஆண்டு வரையிலான காலப்பகுதிக்கான உத்தேசத் திட்டம் தயாரிக்கப்பட்டு வருடாந்த இலக்கை அடைவதற்கான நடவடிக்கையை முன்னெடுக்க எம்மால் முடிந்துள்ளது.
It was undoubtedly the ample support and commitment by our entire staff including Managers that have made all this possible.,முகாமையாளர் அடங்கலான சகல பணியாளர்களினதும் தடையற்ற ஒத்துழைப்பு கிடைத்தமையினால் இவை அனைத்தையும் மேற்கொள்ள முடிந்தது.
"In appreciation, it was a great pleasure to felicitate with gold those staff members who have completed 30 years of dedicated service.",இந்தப் பணியாளர் சபையில் 30 வருடங்கள் தொடர்ச்சியாக பணியாற்றிய பணியாளர்களுக்கு தங்க விருதுகளை வழங்க முடிந்தமை மகிழ்ச்சிக்குரிய விடயமாகும்.
"We also remember with gratitude the blessings of His Excellency the President, the Hon. Minister of Mass Media and Information, Secretary to the Ministry and the support of our Board of Directors.","மேன்மைதகு ஜனாதிபதியின் நல்லாசியும் கௌரவ அமைச்சர், அமைச்சின் செயலாளர் மற்றும் பணிப்பாளர் சபையின் ஒத்துழைப்புக்களினாலேயே மேற்கொண்ட பணிகளை தடையின்றி நிறைவு செய்து பலன்களைப் பெறமுடிந்தன."
Needless to say that the real strength behind has been our viewers who embraced the national television network throughout these decades.,இதேபோன்று முப்பது வருடகாலம் முழுவதும் தேசிய தொலைக்காட்சி என்ற ரீதியில் எம்முடன் கைகோர்த்திருந்த ரசிகர்களான பொதுமக்களினாலேயே இவற்றை சாதிக்க முடிந்துள்ளது.
"It is with all your support that we continue to strive towards fulfilling your needs while maintaining high standards and developing quality programmes as well as uplifting good taste, ultimately to reach heights of excellence in the field of television broadcasting in Sri Lanka.",அவர்களின் எதிப்பார்ப்புக்களை நிறைவேற்றி உயர்தரத்திலான ரசிகர்களின் ரசனைகளையும் புரிந்துணர்வையும் மேலும் உயர்வான நிலையில் முன்னிலைபடுத்தக்கூடிய தரமான நிகழ்ச்சிகளை தயாரித்து இலங்கை தொலைக்காட்சித் துறையில் உன்னதமான நிலையை அடைவதே எமது எதிர்பார்ப்பாகும்.
Chairman,"தலைவர்,"
Sri Lanka Rupavahini Corporation,இலங்கை ரூபவாஹினிக் கூட்டுத்தாபனம்
Board of Directors,கூட்டுத்தாபனத்தின் பணிப்பாளர் சபை
Chairman,தலைவர்
Board Member,கூட்டுத்தாபன பணிப்பாளர்  சபை  உறுப்பினர்.
Board Member,கூட்டுத்தாபன  பணிப்பாளர் சபை உறுப்பினர்.
Board Member,கூட்டுத்தாபன பணிப்பாளர் சபை உறுப்பினர்
(Only for January month),(ஜனவரி மாதம் மட்டும்)
Board Member,கூட்டுத்தாபன பணிப்பாளர்  சபை உறுப்பினர்
Board meetings were held eight times during the year 2012.,2012 ஆம் ஆண்டில் கூட்டுத்தாபன பணிப்பாளர் சபை 08 முறை கூடியது.
Chief Executive Officer,தலைமை நிறைவேற்று அதிகாரி
Deputy Director General (Finance Manager),பிரதிப் பணிப்பாளர் நாயகம் (நிதி முகாமையாளர்)
Deputy Director General (Engineering),பிரதிப் பணிப்பாளர் நாயகம் (பொறியியலாளர்)
Deputy Director General (Production Services),பிரதிப் பணிப்பாளர் நாயகம் (தயாரிப்புச் சேவை)
Deputy Director General (Programmes),பிரதிப் பணிப்பாளர் நாயகம் (நிகழ்ச்சி)
Director (News),பணிப்பாளர் (செய்தி)
Director (Administration),பணிப்பாளர் (நிர்வாகம்)
Acting Director (Marketing),பதில் பணிப்பாளர் (சந்தைப்படுத்தல்)
Directors of the Corporation in 2012,2012ஆம் ஆண்டிற்கான கூட்டுத்தாபனத்தின் பணிப்பாளர்கள்
Director (Research & Training),பணிப்பாளர் (ஆய்வு மற்றும் பயிற்சி)
Chief Internal Auditor,பணிப்பாளர் (தலைமைக் கணக்காய்வாளர்)
Director (Security Services),பணிப்பாளர் (பாதுகாப்புச் சேவை)
Up to 16.09.2012,2012.09.16 வரை
Programme Division,நிகழ்ச்சிப் பிரிவு
Director (Film and Dubbing),பணிப்பாளர் (திரைப்படம் மற்றும் குரல்பதிவு)
Director (Drama),பணிப்பாளர் (நாடகம்)
Director (Educational Programme),பணிப்பாளர் (கல்வி நிகழ்ச்சிகள்)
Up to 22.08.2012,2012.08.22 வரை
Director (General Programme),பணிப்பாளர் (நானாவித நிகழ்ச்சிகள்)
Engineering Division,பொறியியலாளர் பிரிவு
Director (Engineering),பணிப்பாளர் (பொறியியலாளர்)
Production Services Division,தயாரிப்புச் சேவை பிரிவு
Director (Production Services),பணிப்பாளர் (தயாரிப்பச் சேவை)
Director (Production Services),பணிப்பாளர் (தயாரிப்புச் சேவை)
Director (Supplies),பணிப்பாளர் (விநியோகம்)
Programmes that won Local Accolades during 2012,2012 – தேசிய விருதுகளுக்காக தெரிவான நிகழ்ச்சிகள்
Award,கிடைத்த இடம்
Recipient of the Award,விருது பெற்றோர்
Sumathi Tele Awards,சுமதி தொலைக்காட்சி விருது விழா
Binari Teledrama,பினரி தொலைக்காட்சி நாடகம்
Best Lyrics,சிறந்த பாடலாசிரியர்
Best Singer,சிறந்த பாடகர்
Soiliyas,சோலியஸ்
Best Documentary Programme,சிறந்த விவரண நிகழ்ச்சி
Jathika Pasala A/Level Drama & Theatre,ஜாதிக பாசல உயர்தர  நாடகமும்   நடிப்புக் கலையும்
Best Educational Programme,சிறந்த கல்வி நிகழ்ச்சி
Cobe Sarisara,கோபே செரிசர
Best Sports Programme of the Year,வருடத்தின் சிறந்த விளையாட்டு நிகழ்ச்சி
The Best News Reporting,சிறந்த செய்தி அறிக்கையிடல்
Special Jury Award,சிறந்த பாராட்டுத் தேர்வு
Sri Lanka Rupavahini Corporation News Division,ரூபவாஹினி செய்திப்பிரிவு
Sitha Nivana Katha- Poya Teledram,சித நிவன கதா நோன்மதி  தொலைக்காட்சி நாடகத் தொடர்
Raigam Teles Awards,ரைகம் டெலிஸ் விருது விழா
Best Apparel Design,சிறந்த ஆடை அமைப்பு
Apuru Iskole Mahatthaya,அபூரு இஸ்கோலே மாஹத்தயா
Best Sports Programmes of the Year,வருடத்தின் சிறந்த விளையாட்டு நிகழ்ச்சி
Best Tamil News Reader,சிறந்த தமிழ் செய்தி  அறிவிப்பாளர்
“Rise & Shine” Programme,“Rice & Shine” நிகழ்ச்சி
Best Female Presenter of the Year,வருடத்தின் சிறந்த நிகழ்ச்சி  தொகுப்பாளினி
Siyambalanduwe Athage Nikama Yama,சியம்பலாண்டுவே ஏதாகே நிக்ம யாம
Best Current Affairs Programme,சிறந்த நடப்பு  விவகார நிகழ்ச்சி
Duli Pintharu Teledrama,துளி பின்தாறு தொலைகாட்சி நாடகம்
Best Lighting of the year,வருடத்தின் சிறந்த ஓளி  அலங்காரம்
Tomiyai Kitiyai Animated Programme,டொமியயி கிடியயி நேரலை நிகழ்ச்சி
Best Children Programme,சிறந்த சிறுவர் நிகழ்ச்சி
SIGNIS Tele Awards,சிக்னீஸ் விருது விழா
Best 3D Animation,சிறந்த முப்பரிமாண  நேரலைத் தயாரிப்பு
Ath Kanda Lihiniya-Teledrama (2011),எத்கந்த லிஹினியா தொலைக்காட்சி  நாடகம் (2011)
Best Trailer,சிறந்த நிகழ்ச்சி  முன்னோட்டம்
Yasa Isuru Teledrama 1,யச இசூரூ தொலைக்காட்சி நாடகம்
Best Lyrics,சிறந்த பாடல் வரிகள்
Best Music Composer,சிறந்த இசையமைப்பாளர்
Soliyas,சோலியஸ்
The Popular Documentary programme of the Year,வருடத்தின் புகழ்பெற்ற  விவரண நிகழ்ச்சி
Bunka Awards,புன்கா விருது விழா
In recognition of the artistic talents contributed through the electronic media,இலத்திரனியல் ஊடக கலைத்துறைக்கு ஆற்றிய பாரிய பணிக்கான பாராட்டு
The Best Artist of the Year,வருடத்தின் சிறந்த கலைஞர்
State Tele Awards,அரச தொலைக்காட்சி விருது விழா
Sakvittho Teledrama,சக்வித்தோ தொலைக்காட்சி நாடகம்
Best Make Up Artist,சிறந்த ஓப்பனை
Merit Award for Acting,நடிப்பாற்றல்
Yasa Isuru Teledrama,யச இசுரு தொடர்நாடகம்
Best Music Director,சிறந்த இசையமைப்பாளர்
Best Actress,சிறந்த நடிகை
Best Documentary Programme,சிறந்த விவரண  நிகழ்ச்சி
Pulathisi Diyaniya,புலதிசி தியனிய
Merit Award,ஆறுதல் பரிசு
Nadunana Minisun - 2011,நாந்துனன மினிசுன் - 2011
Mal Gudi Day,மல்குடி தவச
The Best Dubbing Programme,வருடத்தின் சிறந்த குரல் பதிவு நிகழ்ச்சி
Ranga Bhumi,ரங்க பூமி
Best Set Designing,சிறந்த அரங்க நிர்மாணம்
Pudumaippen,புதுமைப்பெண்
Best Teledrama,சிறந்த தொலைக்காட்சி நாடகம்
Manvasenai,மண் வாசனை
Best  Educational & Cultural  Programme,சிறந்த கல்வி மற்றும்  கலாச்சார நிகழ்ச்சி
Sama Geetha – (Peace Songs),சமாதான இசை நிகழ்ச்சி
Best Music Programme,சிறந்த இசை நிகழ்ச்சி
Film City,பிலிம் சிட்டி
Best  Presenter,சிறந்த அறிவிப்பாளர்
(Film City – Interview  with National Short Film Producers),(தேசிய குறுந்திரைப்படத் தயாரிப்பாளருடனான நேர்காணல்)
SAARC International Film Festival,சாக் சர்வதேச திரைப்படவிழா
Apuru Iskole Mahattaya,அபூரு இஸ்கோலே மஹத்தயா
Special Jury Award for Documentary Programme,விவரண நிகழ்ச்சிக்கான ஜூரிகளின் விசேட பரிசு
Nominated Programmes at Awards Ceremonies,விருதுகளுக்காக சிபாரிசு செய்யப்பட்ட நிகழ்ச்சிகள்
ABU Awards Festival,ABU விருது விழா
Manushya Single Episode Teledrama,மனுஷயா ஒற்றை அத்தியாய தொலைக்காட்சி நாடகம்
For Jury Award nominated for the final round,ஜுரி விருதுக்கான இறுதி சுற்றுக்கு சிபாரிசு செய்யப்பட்டது
Raigam Tele Awards,ரைகம் டெலிஸ் விருது விழா
Duli Pintaru Teledrama,துளி பின்தாறு தொலைகாட்சி நாடகம்
Merit award for Creative directing,சிறந்த இயக்கத்திற்கான விசேட ஆறுதல் பரிசு
Best Supporting Actor - Nominee,சிறந்த துணை நடிகர் - சிபாரிசு
Best Supporting Actress - Nominee,சிறந்த துணை நடிகை - சிபாரிசு
Best Programme Presenter of the Year,வருடத்தின் சிறந்த நிகழ்ச்சி தொகுப்பாளர்
Thrikonamitiya Programme – GCE/OL,திரிகோனமிதிய நிகழ்ச்சி – க.பொ.த (சாதாரண தரம்)
Best Educational programme,சிறந்த கல்வி நிகழ்ச்சி
Delft Dupathe Sancharaya,டெல்ப் தூபத்தே சஞ்சாரய
Best Documentary Programme,சிறந்த விவரண தொகுப்பு நிகழ்ச்சி
Soyamu Pilithuru,சொயமு பிலிதுரு
Best Quiz Programme of the Year,வருடத்தின் சிறந்த கேள்வி பதில் நிகழ்ச்சி
State Tele Awards,அரச ​தொலைக்காட்சி விருது விழா
The film ‘Bashu’,பஷு திரைப்படம்
Nominated as a Best Dubbed Programme,சிறந்த குரல் பதிவு நிகழ்ச்சியாக சிபாரிசு செய்யப்பட்டது
Best Supporting Actor,சிறந்த துணை நடிகர்
Best Editing,சிறந்த படத்தொகுப்பு
“Yasa Isuru” Teledrama,யசஇசுரு தொலைக்காட்சி நாடகம்
Nominated for Best Actor,சிறந்த நடிகர் - சிபாரிசு
Eberthu Etha Teledrama,எபேர்த்து எத - தொலைக்காட்சி நாடகம்
Best Teledrama,சிறந்த தொலைக்காட்சி  நாடகம்
“Eberthu Etha ” (Jathika Rupavahiniya),“எபேர்த்து எத” (தேசிய தொலைக்காட்சி)
Best Teledrama Director,சிறந்த தொலைக்காட்சி இயக்கம்
Best Actor,சிறந்த நடிகர்
Sumathi Tele Awards,சுமதி விருது விழா
Story of Cricket Sri Lanka,ஸ்டோரி ஓப் கிரிக்கெட் ஶ்ரீலங்கா
Best Sport Programme,வருடத்தின் சிறந்த விளையாட்டு நிகழ்ச்சி
Amla Bashma & Lavana,அமில பஷ்ம & லவன நிகழ்ச்சி
Best Education Programme,வருடத்தின் சிறந்த கல்வி நிகழ்ச்சி
Best Upcoming Actor - Nominee,வளர்ந்துவரும் சிறந்த நடிகர் - சிபாரிசு
Best Upcoming Actress - Nominee,வளர்ந்துவரும் சிறந்த நடிகை - சிபாரிசு
Ranga Boomi,ரங்க பூமி  நிகழ்ச்சி
Best Documentary Programme - Nominee,சிறந்த விவரண நிகழ்ச்சி - சிபாரிசு
Drama Division,நாடகப் பிரிவு
"Focusing attention on capturing a large number of viewers, this unit produced many entertainment and single episode Teledramas on varied themes and whilst producing these Teledramas the unit maintained high standards from the inception of Teledrama production and this is considered as a great achievement.","ஒன்றுக்கொன்று வேறுபட்ட தொனிப்பொருளுக்கு அமைவாக களிப்பூட்டல் மற்றும் தொலைக்காட்சி நாடக தயாரிப்புக்கள், ஆகக் கூடுதலான ரசிகர்களின் கவனத்திற்கு உள்ளானதுடன், தொலைக்காட்சி நாடக ஆரம்பகாலப் பகுதியிலிருந்து இதுவரையில் முன்னெடுக்கப்பட்டு வந்த தொலைக்காட்சி நாடகங்களின் தரத்தை பாதுகாத்து தயாரிப்புக்களை முன்னெடுப்பதற்கு முடிந்தமை வெற்றியாகும்."
It is important to note that the Teledramas produced during this year won many accolades and were able to capture the intended target audience.,குறிப்பிட்ட வருடத்தில் பிரிவினுள் தயாரிக்கப்பட்ட நாடகங்கள் விருதுகளைப் சுவீகரித்ததும் ரசிகர்களின் இலக்கை பூர்த்தி செய்வதற்கு முடிந்தமையும் முக்கியமானதாகும்.
"In times when viewers were inclined to raise questions about the quality of the present day’s Mega Teledramas, this unit was able to introduce a novel concept to Mega Teledramas with the production of “Isiwara Ranakeli” which is a long running Teledrama, whichIn turn, this captured the attention of a vast number of viewers and proved to be a turning point in the Mega Teledrama culture.","இலங்கையில் தயாரிக்கப்படும் தொடர் தொலைக்காட்சி நாடகங்களின் நாடகக்கலை தொடர்பில் ரசிகர்களின் விமர்சன விவாதங்கள் ஆரம்பமாகியுள்ள யுகத்தில் இந்த தொடர் தொலைக்காட்சி நாடக கலாசாரத்திற்கு புதிய வடிவிலான மாதிரிகளை அறிமுகப்டுத்தி இந்த வருடத்திற்குள் தயாரிக்கப்பட்ட “இசிவர ரணகெலி” தொடர் நாடகம், தொலைக்காட்சி நாடகக் கலையில் திருப்புமுனையாக மாறி பெரும் எண்ணிக்கையான ரசிகர்களின் கவனத்தையும் ஈர்க்க முடிந்தது."
Special projects carried out in 2012,2012 ஆம் ஆண்டில் விசேடமாக மேற்கொள்ளப்பட்ட பணிகளும் திட்டங்களும்
Dooli Pintharu Teledrama,துலி பினதாரு தொலைக்காட்சி நாடகம்
From 18.09.2011 to 27.05.2012.,2011.09.18 ஆம் திகதியிலிருந்து 2012.05.27  வரை
Siriduwa Wedida single episode Teledrama,சிரிதுவ வெடிதா குறுந்தொலைக் காட்சி நாடகம்
2012,2012
To commemorate Sinhala and Tamil New Year,தமிழ் சிங்கள புத்தாண்டை முன்னிட்டு
Manushya single episode Teledrama,மனுஷயா குறுந்தொலைக் காட்சி நாடகம்
To commemorate Vesak.,வெசாக் தினத்தை  முன்னிட்டு
Salmal Landa Teledrama,சல்மல் லந்த  தொலைக்காட்சி நாடகம்
Ransirimal Teledrama,ரணசிரி மல் தொலைக்காட்சி நாடகம்
Boralu Para Teledrama,பொரலு பார  தொலைக்காட்சி நாடகம்
Vijjakaraya single episode Teledrama,விஜ்ஜாகாரயா குறுந்தொலைக் காட்சி நாடகம்
2012.10.01,2012.10.01
To commemorate the World Children’s and Elder’s Day.,முதியோர் மற்றும் சிறுவர் தினங்களுக்காக
Yali Pibidee Single Episode Teledrama,யலி பிபீதி நத்தார் குறுந்தொலைக் காட்சி நாடகம்
To commemorate Christmas,நத்தார் தினத்தை முன்னிட்டு
Batahira Ahasa (Adaraneeya Yavvanaya) live,மேற்குவானம் (ஆதரணீய யௌவனய)
On every Tuesday,ஒவ்வொரு வாரமும்  செவ்வாய்க் கிழமைகளில்
Angili Salakuna,எங்கிலி சலகுண
Telecast at 11.30 pm on Thursday from July up to October 2012,2012 ஜூலை மாதம் முதல் ஒக்டோபர் மாதம் வரை ஒவ்வொரு வாரமும் வியாழக்கிழமை இரவு 11.30க்கு
Sunday Ayubowan,இரிதா ஆயூபோவன்
On the first Sunday of every month.,ஒவ்வொரு மாதமும் முதலாவது ஞாயிற்றுக்கிழமை
Ranga Bhoomi,ரங்கபூமி
On the second and fourth Sundays of every month (till September 2012),ஒவ்வொரு மாதமும் இரண்டாம் மற்றும் நான்காம் ஞாயிற்றுக்கிழமைகளில் (2012 செப்டெம்பர் மாதம் வரை)
Educational and Documentary programme,கல்வி மற்றும் விவரண நிகழ்ச்சி
Poson Poya Day live telecast,பொ​ஸொன் பௌர்ணமி நேரலை ஒளிபரப்பு
From Thanthirimale,தந்திரிமலையில் இருந்து
Esala Poya Day live telecast,எசல பௌர்ணமி நோன்மதி நேரலை ஒளிபரப்பு
From Somawathiya,சோமாவதியிலிருந்து
Salalihini Rupa Kavya,செலலிஹினி ரூப காவிய்ய
To commemorate Rupavahini’s 30th Anniversary,30 ஆவது வருட நிறைவை முன்னிட்டு
Saddharma Makaranda programme,சத்தர்ம மகரந்த  நிகழ்ச்சி
Daily from 1st September 2012 to 31st December 2012,நாளாந்தம் 2012 ஆம் ஆண்டு செப்டெம்பர் மாதம் 01ஆம் திகதியிலிருந்து டிசம்பர் 31ஆம் திகதி வரை
Thunthara Bodhiya relegious programme,துன்தாரபோதிய  மத நிகழ்ச்சி
Every Poya Day from month of October 2012,2012 ஆம் ஆண்டு அக்டோபர் மாதம் முதல் ஒவ்வொரு நோன்மதி தினமும்
Rupavahini State Award Ceremony and Sumathi Tele-Awards Ceremony,அரச விருதுவிழா மற்றும் சுமதி விருதுவிழா
Jana Niyamuwano programme,ஜன நியமுவானோ நிகழ்ச்சி
to comomorate 12th Anniversary of Dharmasiri Senanayake,தர்மசிறி சேனாநாயக்காவின் 12ஆவது நினைவு தினத்திற்காக
Daha Ata Sanniya Shanthi Karmaya,தாஹட சன்னிய வழிப்பாட்டு நிகழ்ச்சி
To mark Broadcasting Co-operations’s 87th Anniversary,இலங்கை ஒலிபரப்புக் கூட்டுத்தாபனத்தின் 87வது  ஆண்டு நிறைவுக்காக
Music Unit,இசைப் பிரிவு
Programs produced and telecasted by the Sri Lanka Rupavahini Corporation Music Unit in 2012,2012 ஆம் ஆண்டில் இசைப் பிரிவினால் தயாரிக்கப்பட்ட நிகழ்ச்சிகள்
Music Programs,இசை நிகழ்ச்சிகள்
Produced other Programmes,தயரிக்கப்பட்ட ஏனைய நிகழ்ச்சிகள்
Kunkuma Pottu (Popular Tamil Chart Show),குங்கும பொட்டு (பிரசித்திபெற்ற தமிழ் இசை அட்டவணை)
"Sisindra Show,",சிசின்தரா நிகழ்சசி
Vesak for Children,சிறுவர்களுக்கான வெசாக்
Prathibha Prabha,பிரதிபா பிரபா
Ridee Tharaka (Popular Sinhala Chart Show),ரிதீ தாரகா (பிரசித்திபெற்ற சிங்கள இசை நிகழ்ச்சி)
Wednesday Nugasevana,பதாதா நுகசெவன
Rhythm Chat ( Entertaining Music Programme),ரிதம்செட் (பொழுதுபோக்கு இசை நிகழ்ச்சி)
Gee Sara,கீ சர
Pasku Gee,பாஸ்க்கு கீ
Anula Gee Sara,அனுல கீ சர
Paramitha (live telecast),பாரமிதா (நேரலை ஒளிபரப்பு)
Miyasi Visaka,மியெசி விசாகா
Gusi Peace award,குசீ சாம தியாகய
Sanda Diya Dothak (a conversational programme with musicians),சந்த திய தோதக் (இசைக் கலைஞர்களுடனான பாடல் நிகழ்ச்சி)
Janapathi Seth Pirith,ஜனாதிபதிக்கான செத்பிரித்
Christmas Songs,நத்தார் கீதங்கள்
Avurudu Udanaya,அவுருது உதானய
Sanda Ranga Madala,சந்த ரங்க மடல
Saman Devalaye Perahera (live telecast),சமன் கோவில் ஊர்வலம் (நேரலை ஒளிபரப்பு)
Poya Day Live Telecast,போதா நேரலை ஒளிபரப்பு
Rajathasara Programme,ரஜதசர நிகழ்ச்சி
Sports Unit,விளையாட்டுப்  பிரிவு
"""Kreeda Visithuru” Programme (national & international sports events) was telecasted every week and the Dialog Kit Sports programme as a co-production with T1 Organization was telecasted every Tuesday.",விளையாட்டுப் பிரிவின் மூலம் உள்நாடு மற்றும் வெளிநாடு  என்ற ரீதியில் இடம்பெறும் விளையாட்டு நிகழ்ச்சிகளுடன் தொடர்புபட்ட தயாரிப்புகளில் குறித்த தொகுப்பை ஒவ்வொரு வாரமும் மற்றும் டயலொக் கிட் ஸ்போர்ட்ஸ் நிகழ்ச்சியை ஒவ்வொரு செவ்வாய்க்கிழமையும் ரிவி 1 நிறுவனத்துடன் கூட்டாக இணைந்து தயாரித்தல்.
The World Sports Programme (featuring international events conducted in English) was telecasted weekly on Channel Eye.,இதேபோன்று (சர்வதேச விளையாட்டு நிகழ்வுகளை ஆங்கில மொழியில் ) வேல்ட் ஸ்போட்ஸ் நிகழ்ச்சி ஒவ்வொரு வாரமும் “ஐ” அலைவரிசையில் ஒளிபரப்புச் செய்யப்படுகிறது.
Live programs telecast in 2012,2012ஆம் ஆண்டில் மேற்கொள்ளப்பட்ட நேரலை நிகழ்ச்சிகள்
London Olympic 2012 was telecasted as a live and special event for 17 days.,லண்டன் ஒலிம்பிக் போட்டியின் போது 17 நாட்களும் விசேட சந்தர்ப்பங்களாக ஒளிபரப்பு செய்யப்பட்டன.
Coca-Cola cricket pathway game events - 3rd stage - here 06 programmes were telecasted.,கொகாகோலா கிரிக்கெட் பாத்வே நிகழ்ச்சித் தொடர்கள் - 3ஆம் கட்டம் - 06 நிகழ்ச்சிகள் இங்கு ஒளிபரப்பு செய்யப்பட்டன.
New Year in Japan - New Year Celebration of the Sri Lankan people living in Japan.,ஜப்பானின் அவுருதுசிறி நிகழ்ச்சிகள் - ஜப்பானில் வாழும் இலங்கையர்களின் புத்தாண்டு கொண்டாட்டம்.
The Air Force Cycle Race(Guwavn Hamuda Papedi Savariya) - (live telecast for three days).,விமானப் படையின் சைக்கில் சவாரி - (குவன் ஹமுதா பாபெதி சவாரிய) - (மூன்று நாள் நேரடி ஒளிபரப்பு)
"Bradby Shield Rugby Encounter (first stage - Colombo, second stage - Kandy).","பிரட்பி ஷீல்ட் றக்பி போட்டி (முதலாவது கட்டம் - கொழும்பு, இரண்டாவது கட்டம் - கண்டி)"
"Mahaweli Games (beginning and the end of the program was live telecasted, in other days special events were telecasted).","மகாவலி விளையாட்டுப் போட்டி (ஆரம்ப வைபவம் மற்றும் இறுதி நாள் நிகழ்வுகள் நேரலை ஒளிபரப்பு செய்யப்பட்டன, ஏனைய நாட்களின் விசேட சந்தர்ப்பங்கள் ஒளிபரப்பு)"
15th Asian Junior Athletic Championship (live telecast for 03 days) - from Sugathadaasa Stadium.,15வது ஆசிய கனிஷ்ட மெய்வல்லுனர் விளையாட்டு போட்டி (3 நாள் நேரலை ஒளிபரப்பு) – சுகததாச விளையாட்டு மைதானத்திலிருந்து.
Celvary Super Cross Motor Competition (live telecast from Ibbagamuwa for 06 hours).,கெல்வரி சுபர்குரோஸ் மோட்டார் வாகனப் போட்டி (இப்பாகமுவவிலிருந்து 06 மணித்தியால நேரடி ஒளிபரப்பு)
"Rotherham Circuit Meet, Motor Competitions - live telecast from Katukurunda for 07 hours.","ரொதர்ஹெம் சர்கிட் மீட், மோட்டார் வாகனப் போட்டி - கட்டுக்குருந்தவிலிருந்து 07 மணித்தியால நேரலை ஒளிபரப்பு."
Program Administration Unit,நிகழ்ச்சி நிர்வாகப் பிரிவு
"The main responsibility of this unit is to review cost estimates pertaining to the programs of all Divisions and Units of Sri Lanka Rupavahini Corporation, and to provide administrative services required from issuing of file numbers for each production in order to co-ordinate all other services until the production process of a program is completed.","நிகழ்ச்சி நிர்வாகப் பிரிவு, கூட்டுத்தாபனத்தின் அனைத்து தயாரிப்பு மற்றும் அலகுகளின் நிகழ்ச்சிகளுக்கான ஆவணங்களுக்கு இலக்கங்களை வழங்கி, செலவீனங்களைப் பரீட்சித்தல் முதல் தயாரிப்பு நடவடிக்கைகளின் இறுதி வரையிலான அனைத்து நிர்வாகப் பணிகளும் நிறைவு பெறும் வரையிலும் நிகழ்ச்சிகளுக்குத் தேவையான சேவைகளை வழங்கும் ஒருங்கிணைப்புப் பணிகளை இந்த பிரிவு அடிப்படையாகக் கொண்டுள்ளது."
The Program Administration Unit has opened 2005 program record files for the year 2012.,இதற்கமைவாக 2012ஆம் ஆண்டில் நிகழ்ச்சி நிர்வாக பிரிவினால் அடையாளமிடப்பட்ட நிகழ்ச்சி ஆவணங்களின் எண்ணிக்கை 2005 ஆகும்.
Various Programs Division,மாறுபட்ட நிகழ்ச்சிப்பிரிவு
Educational Programs Division,கல்வி நிகழ்ச்சிப்பிரிவு
News and Current Affairs Division,செய்தி மற்றும் நடப்புப் பிரிவு
Marketing Division,விநியோகப்பிரிவு
NTV Unit,என்.ரி.வி பிரிவு
Channel Eye,ஐ அலைவரிசை
Special Unit,விசேட பிரிவு
Programmes produced by this unit during the year 2012:,2012 ஆண்டில் இந்த பிரிவினால் தயாரிக்கப்பட்ட நிகழ்ச்சிகள்
Panampattu Talaimannar – Kachchatheevu,பானம்பத்துவ தலைமன்னார் – கச்சத்தீவு
"The awakening of the lives of the people in Northern & Eastern areas after defeating terrorism, the awakening of tourism and about the places of worship that were isolated for almost 30 years.","பயங்கரவாதம் முடிவுக்கு கொண்டுவரப்பட்ட பின்னர் வடக்கு, கிழக்கில் மக்கள் வாழ்க்கையில் ஏற்பட்டுள்ள எழுச்சி மற்றும் 30 வருட காலம் மக்கள் மத்தியில் இல்லாதிருந்த வழிபாட்டுத் தலங்கள், சுற்றுலாத்துறைகளினாலான மேம்பாடு."
Yodha Wawa,யோத  கால்வாய்
This programme highlighted the project of Yodha Wewa in the Northern and Eastern areas with Post-war progress have allowed paddy cultivation to resume successfully.,"பயங்கரவாதம் முடிவுக்கு கொண்டுவரப்பட்ட பின்னர் வடக்கு,, கிழக்குப் பிரதேசங்களில் உழவுத்தொழிலை வெற்றிகரமாக முன்னெடுப்பதற்காக யோதவெவ என்ற பாரிய குளத்திட்டம் செயல்படுத்தப்பட்டது."
Vasthra,வஸ்திர
This is the story of the contributions that the Government provided to sustain the country’s local textile industry and the workers’ efforts in every valuable task.,தேசிய புடவைத் தொழிற்துறையை முன்னெடுப்பதற்காக அரசாங்கம் வழங்கும் பங்களிப்பும் இத்தொழிற்துறைக்காக வியர்வை சிந்தும் பணியாளர்களின் கதை.
Wana Vaduna Wanaman,வனவெதுனு வன மங்
This programme depicts the attempts by the aboriginal people to sustain their traditional life style once again and the way they have got used to the modern society and the country’s war.,பயங்கரவாதம் துரத்தியடிக்கப்பட்ட பின்னர் ஆதிவாசி மக்களை மீண்டும் ஒருமுறை தமது பாரம்பரிய வாழ்க்கையை கட்டியெழுப்புவதற்கான முயற்சியும் அவர்களின் தற்போதைய சமூகபிரவேசமும் பயங்கரவாதத்தின் பிடியில் சிக்கியிருந்த முறையையும் எடுத்துக்கூறும் நிகழ்ச்சி.
Rambakenna Oya Project,ரம்பகென்ன ஓயா திட்டம்
This is a set of steps taken by the Government to mobilize local and foreign institutions without acquiring foreign aids to uplift the life style of Daduru Oya people who were suffering due to illiteracy and poverty.,தெதுரு ஓயா பிரதேசத்தின் வறுமை மற்றும் வளங்கள் குறைபாடுகளினால் பாதிக்கப்பட்ட மக்களின் நிலையை மேம்படுத்துவதற்காக அரசாங்கம்  வெளிநாட்டின் நிதி உதவியின்றி உள்ளுர் நிறுவனங்களை ஒன்றிணைத்து முன்னெடுத்த வேலைத்திட்டமாகும்.
Unu Kirigal Kanden Rukul Pojjata,உணு கிரிகல் கந்தேன் ருகுல் பொஜ்ஜட
"This is a small section from the autobiography of the world’s oldest aboriginal man, Henanigala, the chief of Vaddahs.",உலகில் ஆகக் கூடுதலான வயதைக் கொண்ட ஆதிவாசியான ஹெனானிகல வேடுவத் தலைவரின் வாழ்க்கை வரலாற்றிலிருந்து ஒரு சிறு பகுதி.
Waw Pokuna,வெவ் பொக்குகுண
The strategies adopted by the Government to develop the life styles of village communities and the tanks as well as the change of the rural artistic affairs.,பாரம்பரிய குளக்கரைக் கிராமங்களில் வாழும் மக்களின் வாழ்க்கை நிலையை மேம்படுத்துவதற்காக அரசாங்கம் முன்னெடுத்துள்ள நடவடிக்கைகள் மற்றும் கிராமியக் கலாச்சாரத்தில் ஏற்பட்டுள்ள மாற்றம்.
Kachchatheevu,கச்சதீவு
"A documentary programme on Kachchatheevu Island produced to depict the extensive freedom for travelling within the territory of Sri Lanka, after regaining unity.",பயங்கரவாதத்தின் பின்னர் இலங்கை மண்ணில் சுற்றுலாப் பயணிகளின் வருகை அதிகரித்துள்ளது என்பதை எடுத்துக்காட்டுவதற்காக இலங்கைக்குச் சொந்தமான கச்சதீவு  நிலை தொடர்பாக தயாரிக்கப்பட்ட ஆவணத்தொகுப்பு நிகழ்ச்சி.
Youth Programmes and Performing Arts Unit,இளைஞர் நிகழ்ச்சிகள் மற்றும் இசைக்கலைப் பிரிவு
This unit carries out their duties under the supervision of Deputy Director General (Programmes) and Director (General Programmes) and the Programmes produced and telecast by the Unit during the year 2012.,பிரதிப்பணிப்பாளர் நாயகத்தினதும் (நிகழ்ச்சிகள்) பணிப்பாளரினதும் (பல்வேறு நிகழ்ச்சிகள்) முழுக்கண்காணிப்பின் கீழ் செயற்படும் இந்தப் பிரிவின் மூலம் 2012ம் ஆண்டில் கீழ் குறிப்பிடப்பட்ட நிகழ்ச்சிகள் தயாரிக்கப்பட்டு ஒளிபரப்பப்பட்டன.
‘Thala’ – Channa Upuli Dancing Concert live telecast - Lotus Theatre,தால - சன்ன உபாலி இசை நடன நிகழ்ச்சியை நேரடியாக ஒளிப்பதிவு செய்தமை – தாமரைத் தடாகக் கலையரங்கம்
Kapilawasthu Tooth Relic take in procession live telecast - Katunayake,கபிலவஸ்த்து புத்த பெருமானின் புனிதப்பொருட்கள் கொண்டு வரப்பட்ட நிகழ்வை நேரடியாக ஒளிபரப்பியமை - கட்டுநாயக்கா
Agrabodhi Temple Kanthale (Kapilawasthu Tooth Relic taking in procession live telecast),கந்தளாய் அக்ரபோதி விகாரை (கபிலவஸ்த்து புத்த பெருமானின் புனிதப் பொருள் வைக்கப்பட்ட நிகழ்வை நேரடியாக ஒளிபரப்பியமை)
"Cremation of Ven Wevaldeniya Medhalnkara Thero of Sri Lanka Ramanya nikaya, live telecast - Meerigama",ஸ்ரீலங்கா ராமஞ்சய நிகாயவின் மகாநாயக்கர் சங்கைக்குரிய வேவல் தெனியகே மெதாலங்கார மகாநாயக்கதேரரின் தகனக் கிரியைகளை நேரடியாக ஒளிபரப்பியமை - மீரிகம
Kapilawasthu Tooth Relic take in procession live telecast - Tissa Maharamaya,கபிலவஸ்து புத்தபெருமானின் புனிதப்பொருள்   கொண்டு வரப்பட்டமை  நேரடி ஒளிபரப்பாக - திஸ்ச மஹாராம
Handa Maama Golden Jubilee programme live telecast - Sri Lanka Broadcasting Corporation,“ஹந்தமாமா” பொன்விழா வைபவத்தை நேரடியாக ஒளிபரப்பியமை - இலங்கை ஒளிபரப்புக் கூட்டுத்தாபனம்
Buddhist News – Poya Day – telecasting islandwide Buddhist news,பௌத்த செய்தி – நோன்மதி தினங்கள் - நாடு முழுவதும் இடம்பெறும் பௌத்த செய்தி தொகுப்பு
"Alakamandawa – this is a programme, which reveals autobiographies of artists, who have contributed immensely to the field of art",ஆழகமந்தாவ - இலங்கை கலைத்துறைக்கு விஷேடபணியாற்றிய கலைஞர்கள் தொடர்பான நிகழ்ச்சி
Sunday Ayubowan.,ஞாயிறு ஆயூபோவான்
Eye Tune - English songs telecast through Channel Eye and NTV Channel,ஐ ரியுன் - ஐ அலைவரிசை மற்றும் என் ரி வி அலைவரிசைக்கான ஆங்கில இசை நிகழ்ச்சி
"Sitha Nivana Katha, Single episode Tele Drama – telecast every Poya Day.","சித நிவன கதா, தொடர் தொலைக் காட்சி நாடகம் சகல நோன்மதி தினங்களிலும் ஒளிபரப்பு செய்பட்டது."
Batahira Ahasa programeme – Live Magazine Programme,மேற்குலக வான நிகழ்ச்சி - சஞ்சிகை நேரடி நிகழ்ச்சி
Suhani Rath - Presented with an introductory for Hindi Songs fans.,சுபானி ராத் - ஹிந்தி இசை ரசிகர்களுக்கான முழுமையான நிகழ்ச்சிகள்
Vasuliya – magazine programme aimed at youth.,வாசுலிய - இளைஞர்களை இலக்காகக்கொண்ட சஞ்சிகை  நிகழ்ச்சி
Nugasevana - Mondays - Thursdays,நுகசெவன   -  திங்கட்கிழமை -  வியாழக்கிழமை
Program Presentation Unit,நிகழ்ச்சி நிரல்படுத்தல் பிரிவு
"This unit ensures that the daily transmission of all programs on the National Channel, Nethra, Channel Eye and NTV channels run smoothly and provides a balanced line up of programs to viewers.","தேசிய அலைவரிசை, நேத்ரா, ஐ மற்றும் என்ரிவி அலைவரிசைகளின் நாளாந்த ஒளிபரப்புப் பணிகளை சரியான முறையில் முன்னெடுத்தல் மற்றும் ரசிகப் பெருமக்களின் மத்தியில் சமநிலை நிகழ்ச்சிகளை ஒன்று திரட்டுவதே இந்த பிரிவின் நோக்கமாகும்."
It is this unit’s responsibility to compare the program line ups scheduled with those of the other television stations and present the programs in an appropriate manner and also enter the programs to the line-up that are suitable for family viewing.,"இந்த ஒன்றுதிரட்டலில் ஏனைய அலைவரிசைகளில் ஒளிபரப்பாகும் நிகழ்ச்சிகளுடன் ஒப்பிட்டு மிகவும் தரமான வகையில் ஒளிபரப்புதல், குடும்பத்தில் அனைவரும் ஒன்றிணைந்து பார்க்கக்கூடிய நிகழ்ச்சிகளை ஆவணப்படுத்துதல் ஆகியன இந்த பிரிவினால் மேற்கொள்ளப்படும் பணிகளாகும்"
Educational Programs Division,கல்வி நிகழ்ச்சிப் பிரிவு
Education Services Unit,கல்விச் சேவைகள் பிரிவு
The Education Services Unit has the task of producing formal and non- formal educational programs that are helped to improve the knowledge of the children of the nation.,நாட்டின் சிறுவர்களின் அறிவுக் கண்ணைத் திறப்பதற்கான முறையானதும் முறை சாரத கல்வி நிகழ்ச்சிகளைத் தயாரிக்கும் பொறுப்பு கல்வி பிரிவிற்கு வழங்கப்பட்டுள்ளது.
"“Rupavahini Jathika Pasala” commenced in 2011 and was telecast continuously throughout 2012, is a formal educational program produced by the unit and was dedicated to students sitting for G.C.E. (A/L).",க.பொ.த உயர்தரத்திற்ற்கு தோற்றும் மாணவர்களுக்காக 2011ம் ஆண்டில் ஆரம்பிக்கப்பட்ட ரூபவாஹினி தேசியப் பாடசாலை 2012ம் ஆண்டிலும் தொடர்ச்சியாக ஒளிபரப்பப்பட்டன.
It has currently produced 500 programmes by covering 18 subjects.,18 பாட விதானங்களுக்கான 500 நிகழ்ச்சிகள் தற்போது தயாரிக்கப்பட்டுள்ளன.
Formal educational programs for G.C.E. (O/L) students were also telecast continuously under the theme of “Jathika Pasala”.,“தொலைக்காட்சி தேசிய பாடசாலை” க.பொ.த (சாதாரண தர) நிகழ்ச்சி இவ்வருடத்தில் தொடர்ச்சியாக ஒளிபரப்பப்பட்ட மற்றுமொரு நிகழ்ச்சியாகும்.
A series of workshops on “Rupavahini Jathika Pasala – G.C.E. (O/L)” have been conducted to coincide with the ‘Dayata Kirula 2013’ which was held in the Ampara District.,2013ம் ஆண்டில் அம்பாறை மாவட்டத்தில் நடத்தப்படவிருந்த தேசத்திற்கு மகுடம் தேசிய அபிவிருத்திக் கண்காட்சிக்கு முன்னதாக “தேசிய பாடசாலை” க.பொ.த. (சாதாரண தர) தொடர்பான தொடர் செயலமர்வுகள் நடத்தப்பட்டன.
04 schools were selected from difficult areas of the district and a series of workshops was conducted for which more than 3000 students participated.,மாவட்டத்தில் உள்ள 4 பின்தங்கிய பாடசாலைகள் தெரிவு செய்யப்பட்டு அந்தப் பாடசாலைகளில் நடத்தப்பட்ட செயலமர்வுகளில் 3000 க்கும் மேற்பட்ட மாணவர்கள் கலந்து கொண்டனர்.
“Nena Mihira” program which is an educational support program for students sitting the Grade 5 Scholarship Examination became popular amongst the students.,“நென மிஹிர” நிகழ்ச்சி 5ம் ஆண்டு புலமைப்பரீட்சைக்கு தோற்றும் மாணவர்கள் மத்தியில் புகழ்பெற்ற நிகழ்ச்சியாக அமைந்தது.
The main reason for the popularity of the ‘Nana Mihira paper sets’ was  that airing  the Nana Mihira programme coincide with the Gr 5 scholarship.,“நென மிஹிர” கேள்விக்கொத்துக்கு அமைவாக “நென மிஹிர” என்ற நிகழ்ச்சியும் ஒளிபரப்பப்பட்டமை இந்த புகழுக்கு மிகவும் முக்கியமானதாகும்.
"Twenty workshops were conducted for the students who sat for the Grade 5 scholarship in 2012 all over the island with an overall participation of 25,000 students.","2012ம் ஆண்டில் புலமைப்பரிசில் பரீட்சை மாணவர்களுக்காக 20 “நென மிஹிர” செயலமர்வுகள் நாடு முழுவதும் நடத்தப்பட்டதுடன் இதில் 25,000க்கும் அதிகமான மாணவர்கள் கலந்து கொண்டனர்கள்."
"The child who came 1st in the island from the Grade 5 scholarships 2012 had also watched the ""Nena Mihira"" programme series continuously and the specialty  was that she also participated at the workshop held at Kandy.",2012ம் ஆண்டு புலமைப்பரிசில் பரீட்சையில் நாட்டில் முதலாம் இடத்தைப்பெற்ற  மாணவி “நென மிஹிர” புலமைப்பரிசில் நிகழ்ச்சியை தொடர்ச்சியாக பார்த்ததுடன் இவர் கண்டியில் நடத்தப்பட்ட புலமைப்பரிசில் செயலமர்விலும் கலந்து கொண்டமை விசேட அம்சமாகும்.
The programme ‘Ranga Bhoomy’ aiming the students who follow Drama and Aesthetic education was telecast throughout the year 2012 on Sundays.,நடனம் மற்றும் நாடகக் கலையை பயிலும் மாணவ மாணவிகளின் நலன் கருதி “ரங்க பூமி” என்ற நிகழ்ச்சி 2012ம் ஆண்டில் ஞாயிற்றுக்கிழமைகளில் ஒளிபரப்பப்பட்டன.
A quiz program titled “Dhamma Gaveshi” aiming to enhance the Dhamma knowledge of students attending Dhamma schools around the island ended in December.,"நாடு முழுவதிலும் உள்ள பௌத்த அறநெறிப் பாடசாலைகள், மாணவர்களின் பௌத்த தர்ம அறிவை மேம்படுத்தும் நோக்கில் ஆரம்பிக்கப்பட்ட “தம்ம கவேஷி” என்ற வழிபாட்டு நிகழ்ச்சி டிசம்பர் மாதத்துடன் நிறைவு பெற்றது."
The Team representing Badulla District won the 1st Place at the competition consisting of 23 programmes.,23 நிகழ்ச்சிகளைக்கொண்ட இந்த போட்டி நிகழ்ச்சியில் பதுளை மாவட்டத்தைப் பிரதிநிதித்துவப்படுத்திய பௌத்த அறநெறிப் பாடசாலைக் குழு முதலாம் இடத்திற்கு தெரிவானது.
The programme ‘U & I’ commenced with the intention of promoting the English language was popular programme among the viewers.,ஆங்கில மொழியை பொதுமக்களிடையே பிரபல்யப்படுத்தும் நோக்கில் ஆரம்பிக்கப்பட்ட “U & I” என்ற நிகழ்ச்சி பிரபல்யமடைந்தது.
A significant programme called ‘Rividina Arunella’ was produced with the national objective of motivating the community to the field of agriculture and was launched as a Web Cast.,தேசிய நோக்கில் பொதுமக்களை விவசாய நடவடிக்கைகளில் ஊக்குவிக்கும் சிறப்பான நிகழ்ச்சியான “ரிவிதின அருனெல்ல” என்ற நிகழ்ச்சிக்கான இணையத்தளம் ஆரம்பிக்கப்பட்டது.
Live telecast of this was commenced from December within Sri Lanka Rupavahini Corporation's new premises.,ரூபவாஹினிக் கூட்டுத்தாபன வளவில் புதிய இடத்தில் அமைக்கப்பட்ட தோட்டத்திலிருந்து நேரலை நிகழ்ச்சியின் ஒளிபரப்பு டிசம்பர் மாதத்திலிருந்து ஆரம்பமானது.
"Another specialty  of this programme was the Agriculturist, Mr Udaya Silva, interacting with the viewers’ questions via the phone during the live telecasts.","நேரலை நிகழ்ச்சியில், தொலைபேசி ஊடான ரசிகர்களின் கேள்விகளுக்கு விவசாய விஞ்ஞானி திரு. உதயசில்வா பதிலளித்தமை விசேட அம்சமாகும்."
The Children Unit,சிறுவர் பிரிவு
In the year 2012 The Children Unit telecast its programmes under themes of ‘Siyapathvila’ and ‘Minipahan Weta’.,2012ம் ஆண்டில் சிறுவர் நிகழ்ச்சிகள் “சியபத்வில” மற்றும் “மினிபஹன் வெட்ட” என்ற பெயர்களில் வழமை போன்று ஒளிபரப்பப்பட்டன.
"This program was produced by the Sri Lanka Rupavahini Corporation in collaboration with ABU, Malaysia, under the Children’s Drama Promotion Project for the 4th consecutive year and the program “Supipi Piyum” which was produced by Mr. Suranimala Jinendrasinghe was telecast over on NHK Channel, in Japan on August 2012.",மலேசியாவின் ABU நிறுவனமும் இலங்கை ரூபவாஹினிக் கூட்டுத்தாபனமும் இணைந்து நடத்திய சிறுவர் நாடக மேம்பாட்டு புரிந்துணர்வு திட்டத்தின் கீழ் நான்காவது முறையாகவும் தயாரிக்கப்பட்ட திரு. சுரனிமல ஜினேத்திரசிங்க இயக்கிய“சுபிபி பியூம்” சிறுவர் தொலைக்காட்சி நாடகம் ஜப்பானில் N.H.K அலைவரிசையில் கடந்த ஆகஸ்ட் மாதத்தில் ஒளிபரப்பப்பட்டது.
Documentary Unit,விவரண நிகழ்ச்சிப் பிரிவு
The key function of this unit is producing documentary programmes,விவரண நிகழ்ச்சிப் பிரிவின் முக்கிய பணி விவரண நிகழ்ச்சிகளை தயாரிப்பதாகும்.
"However, other related programmes are also produced.",இருப்பினும் இவற்றுடன் சம்பந்தப்பட்ட ஏனைய நிகழ்ச்சிகளும் தயாரிக்கப்படுகின்றன.
"Out of these programmes, the unit mainly focuses on, live telecasts; quiz programs, health programs, and formal and informal educational programs.","நேரடி நிகழ்ச்சிகள், கேள்வி பதில் நிகழ்ச்சிகள், சுகாதார நிகழ்ச்சிகள்  மற்றும் , முறையானதும் முறை சாராததுமான கல்வி நிகழ்ச்சிகளும் இவற்றில் முக்கியமானவையாக அமைந்தன."
A weekly time slot has already been maintained titled ‘Dhara’ to televise Documentary Programmes at 7.30 p.m. on Sundays.,விவரண நிகழ்ச்சிகளுக்காக வாரத்தில் ஞாயிற்றுக்கிழமைகளில் இரவு 07.30க்கு “தாரா” என்ற பெயரிலான ஒளிபரப்பு நேர காலம் நடைமுறைப்படுத்தப்பட்டது.
"Many documentary programs were produced and telecast under the various topics on Nature, Personalities, History, Archaeology and Human Life.","இந்த “தாரா” ஒளிபரப்பு காலப்பகுதியில் தர்மம், தனிநபர் குணாம்சம், வரலாறு, தொல்பொருள், விஞ்ஞானம், மக்கள் வாழ்க்கை உள்ளிட்ட பல்வேறு விடயங்களில் நிகழ்ச்சிகள் தயாரிக்கப்பட்டன."
All the producers in the unit made their contribution by producing programs for the time belt.,இந்த நிகழ்ச்சிகளின் தொடர்களுக்காக இப் பிரிவின் அனைத்து தயாரிப்பாளர்களும் நிகழ்ச்சிகளை தயாரித்தனர்.
"The high quality popular programs made by the producers of the Documentary Unit won the Best Awards for the Documentary Programmes category at Sumathi, Raigam and State Awards Ceremonies.","சிறந்த மற்றும் புகழ்மிக்க விவரண நிகழ்ச்சிகள் பல இந்தப் பிரிவின் தயாரிப்பாளர்களினால் தயாரிக்கப்பட்டதுடன் அவற்றுக்காக சுமதி, ரைகம், அரசவிருதுவிழா ஆகியவற்றில் விவரண நிகழ்ச்சிப்பிரிவில் விருதுகளும் கிடைத்தன."
It was a great achievement that all the nominations for the documentary programs were from the Sri Lanka Rupavahini Corporation Documentary Unit at the Award Ceremonies.,இந்த விருது விழாக்களில் விவரணச்சித்திர விருதுகளுக்கான அனைத்து பிரேரணைகளுக்குமாக தேசிய தொலைக்காட்சியினால் பிரதிநிதித்துவம் செய்வதற்கான சந்தர்ப்பம் கிடைத்தமை நாம் பெற்ற வெற்றியாகும்.
Our target was to set the above record in the year 2011 and we were able to fulfill our determination in the year 2012.,2011ம் ஆண்டில் நாம் அடைய எண்ணி இருந்த இலக்கை 2012ம் ஆண்டில் அடைந்தமை வெற்றியாகும்.
The aim of this Unit is to winning all nominations in the documentary category in all future Award Ceremonies too.,இதனை எதிர்காலத்திலும் முன்னெடுப்பதே விவரணச் சித்திரப் பிரிவின் அபிலாசையாகும்.
The quiz program titled “Suwa Nena” was produced in collaboration with Ministry of Education coinciding with the “World AIDS Day”.,கல்வி அமைச்சுடன் இணைந்து “சுவநென” என்ற கேள்விக்கொத்து அடிப்படையிலான விமர்சன ரீதியிலான நிகழ்ச்சிகள் தயாரிக்கப்பட்டதுடன் சர்வதேச எயிட்ஸ் தினத்திற்கு அமைவாகவும் தயாரிக்கப்பட்டன.
The telecast of the series of program continued until the year 2012.,இதன் ஒளிபரப்பு 2012ம் ஆண்டுவரை நீடித்தது.
"Apart from the production of these programs, religious programs were also produced by the Documentary Unit",இந்த நிகழ்ச்சிகளுக்கு மேலதிகமாக மத நிகழ்ச்சிகள் விவரண பிரிவினால் தயாரிக்கப்பட்டன.
The production and supervision of religious programs was assigned to General Programmes Division from June 2012.,அத்துடன் 2012ம் ஆண்டில் யூன் மாதம் முதல் மத நிகழ்ச்சிகள் தொடர்பான மதிப்பீட்டு நடவடிக்கைகள் பல்வேறு நிகழ்ச்சிப் பிரிவுகளிடம் ஒப்படைக்கப்பட்டன.
"However, the Christian and Catholic religious programs, Supuwatha and the magazine programme Sudasuna, were produced under supervision of Documentary Unit along with the live telecast of Easter & Christmas Divine Service.","இருப்பினும் மாதாந்தம் சுபுவத மற்றும் சுதசுன சஞ்சிகை நிகழ்ச்சிகளும் ஈஸ்டர், நத்தார் வழிபாட்டு நிகழ்வுகளும் நேரடியாக ஒளிபரப்பப்பட்டதுடன் கத்தோலிக்க மற்றும் கிறிஸ்தவ ஆலோசனை சபையின் ஆலோசனைக்கு அமைவாக விவரண நிகழ்ச்சி பிரிவினால் இந்த நடவடிக்கைகள் மேற்கொள்ளப்பட்டன."
"The program project carried out on behalf of the Exhibition Dayata Kirula 2012 held at Oya Maduwa, Anuradhapura was also conducted under the supervision of Educational Programmes Division but the main responsibility of the project had to be taken over by the Documentary Unit.",அநுராதபுரம் ஓயாமடுவவில் நடைபெற்ற தேசத்திற்கு மகுடம் கண்காட்சியில் ரூபவாஹினியின் கண்காட்சிக்கூடங்கள் உள்ளிட்ட நிகழ்ச்சி நடவடிக்கைளை திட்டமாகக் கொண்டு கல்விப் பிரிவு முன்னெடுத்த போதிலும் அதன் பெரும் பொறுப்பை விவரண நிகழ்ச்சிப் பிரிவு ஏற்றிருந்தது.
"As part of this exhibition, a new   programme titled ‘Dayata  Kirula Gee Taruwa’ was commenced in order to show case the hidden signing talents of children in the area.",இந்தக் கண்காட்சியின் போது “தேயட்ட கிருல கீ தருவ” என்ற பெயரில் புதிய நிகழ்ச்சியொன்று ஆரம்பிக்கப்பட்டதுடன் இதன்மூலம் பிரதேசத்தில் பாடக்கூடிய ஆற்றலைக் கொண்ட பாடகர்களை அடையாளங் காண முடிந்தது.
"Through this, five talented children were selected as finalists  and graded as “A” Grade singers of Sri Lanka Rupavahini Corporation.",இந்த நிகழ்ச்சி இலங்கை ஒலிபரப்புக் கூட்டுத்தாபனத்தின் பங்களிப்புடன் மேற்கொள்ளப்பட்டதுடன் இறுதிச் சுற்றுக்குத் தெரிவான ஐவர் இலங்கை ஒலிபரப்புக் கூட்டுத்தாபனத்தின் “ஏ” தரத்தின் பாடகர்களாக ஏற்றுக்கொள்ளப்பட்டனர்.
The Documentary Unit is responsible of producing the “Sunday Ayubowan” program televised on every third Sunday of the month.,“இரிதா ஆயூபோவன்” நிகழ்ச்சியின் மூன்றாம் வார தயாரிப்பு நடவடிக்கை விவரண நிகழ்ச்சிப் பிரிவினாலேயே மேற்கொள்ளப்படுகின்றது.
This program televised under the theme “Sathara Diganthe” is produced at external locations focusing on the tourism industry.,“சதர திகன்தே” என்ற பெயரில் அடையாளப்படுத்தப்பட்ட அந்த நிகழ்ச்சியில் அதே வாரத்தில் கூட்டுத்தாபனத்திற்கு அப்பால் வெளியிடங்களுக்குச் சென்று சுற்றுலாத்துறைக்கு முக்கியத்துவம் வழங்கப்பட்டு நிகழ்ச்சிகள் தயாரிக்கப்பட்டன.
The ETV Unit project under the theme of “Jathika Pasala” was assisted by the producers of Documentary Unit.,கல்விச்சேவை அலகின் திட்டமான “தேசிய பாசல” நிகழ்ச்சியில் எட்டு பாடங்களுக்கான நிகழ்ச்சிகள் விவரண நிகழ்ச்சிப் பிரிவின் தயாரிப்பாளர்களினால் தயாரிக்கப்படுகின்றன.
"A magazine titled Salalihini Watha, released on 21.03.2012 in order to mark the 30th anniversary of Sri Lanka Rupavahini Corporation and that was a special contribution by the Documentary Unit.","இதே போன்று விவரண பிரிவினால், 2012ஆம் ஆண்டில் ரூபவாஹினிக் கூட்டுத்தாபனத்தின் 30ஆவது ஆண்டு நிறைவை முன்னிட்டு 2012.03.21யில் “செலலிஹினி வத” என்ற பெயரில் சிறப்பு மலர் வெளியிடப்பட்டமை விசேட அம்சமாகும்."
"It indicates the articles of the history of Sri Lanka Rupavahini Corporation almost 30 years, present states and the future vision.","இதில் ரூபவாஹினிக் கூட்டுத்தாபனத்தின் 30வருட கால வரலாறு, தற்போதைய நிலை, எதிர்கால  நிலை உள்ளடங்கலான கட்டுரைகள் உள்ளடங்கியுள்ளன."
Introducing New Programs,புதிய நிகழ்ச்சிகளை அறிமுகப்படுத்தல்
"The magazine programmes which were off air for quite some time, re-commenced under the theme of “Aruma Puduma Roda Hathara”.",கூட்டுத்தாபனத்தினால் சில காலமாக கைவிடப்பட்டிருந்த சஞ்சிகை நிகழ்ச்சியை மீண்டும் ஆரம்பித்து “அரும புதும ரோத ஹதர” என்ற பெயரில் புதிய நிகழ்ச்சி ஆரம்பிக்கப்பட்டது.
This program was among the Top 20 programs of Sri Lanka Rupavahini Corporation since the first telecast and was maintained until the end of year.,முதலாவது நிகழ்ச்சி ஒளிபரப்பப்பட்ட சந்தர்ப்பத்திலிருந்தே  புகழ் பெற்ற 20 நிகழ்ச்சிகள் மத்தியில் இடம் பிடிக்கக்கூடியதாக இருந்ததுடன் வருட இறுதியிலும் இந்த நிலையைத் தக்கவைக்க முடிந்தது.
"With the intention to elevate health programs, a magazine program was commenced under the theme of “Ayubowewa”.",சுகாதார நிகழ்ச்சிகளைப் பிரபல்யப்படுத்தும் நோக்கில் “ஆயுபோவேவா” என்ற பெயரில் சஞ்சிகை நிகழ்ச்சியொன்று ஆரம்பிக்கப்பட்டது.
"For the first time in history, a Live “Pirith Chanting” was telecast at the Sacred Sri Pada.",சிவனொளிபாத மலையிலிருந்து முதல்முறையாக இவ்வருடத்தில் பிரித் நிகழ்வு நேரடியாக ஒளிபரப்பப்பட்டது.
The Corporation generated additional income by entering into sponsorship agreements with various institutions to produce such programs.,பல்வேறு அரச நிறுவனங்களுடன் நிகழ்ச்சிகளைத் தயாரிப்பதற்கான உடன்படிக்கைக்கான இணக்கப்பாடு காணப்பட்டதுடன் இதன்மூலம் மேலதிக வருமானத்தை கூட்டுத்தாபனத்தினால் பெறமுடிந்தது.
These were produced and telecast in 2012 and continuing in 2013.,இந்த நிகழ்ச்சிகள் 2012ம் ஆண்டிலும் 2013ம் ஆண்டிலும் ஒளிபரப்புச் செய்யப்பட்டன.
‘Sarisara’ –The Beach Traveler is a popular documentary programme series produced by us.,எம்மால் நடத்தப்பட்டுவரும் செரிசர சுற்றுலாத்துறை விவரண நிகழ்ச்சி பிரபல்யமான நிகழ்ச்சியாகும்.
"Books were introduced to the public through the programs ‘Dharana’, ‘Dina Asiriya’ and ‘Sagna Puwath’.","இதற்கு மேலதிகமாக நூல்களை அறிமுகப்படுத்தும் நிகழ்ச்சியான “தாரண”, “தின அசிரிய”, “சங்ஞாபுவத்” ஆகிய நிகழ்ச்சிகள் விவரண நிகழ்ச்சி பிரிவினால் தயாரிக்கப்படுகின்றன."
News Division,செய்திப் பிரிவு
"The News and Current Affairs Division makes a great contribution continually to produce daily news, disseminating accurate information to the viewers.",இலங்கை ரூபவாஹினிக் கூட்டுத்தாபனத்தின் செய்தி மற்றும் நடப்பு விவகாரப் பிரிவு பொதுமக்களுக்கு சரியான தகவல்களை வழங்குவதற்காக நாளாந்தம் செய்திகளை தயாரித்து தொடர்ச்சியான சேவையை வழங்கி வருகிறது.
"News is daily telecast in Sinhala, English and Tamil from 7.55 a.m. to 10.10 p.m.","நாளாந்தம் காலை 7.55 முதல் இரவு 10.10 வரையில் சிங்களம், ஆங்கிலம் மற்றும் தமிழ் ஆகிய மும்மொழிகளிலும் செய்தி ஒளிபரப்பப்படுகின்றன."
7.55 a.m. to 5.55 p.m. – Hourly News (local and international),காலை 7.55 முதல் மாலை 5.55 - ஒவ்வொரு மணித்தியலத்திலும் (உள்ளுர் மற்றும் தேசிய செய்திகள்)
Main news telecasts,முக்கிய செய்திகள்
12.30 p.m. to 1.00 p.m. - Rupavahini Diva Puwath,நண்பகல் 12.30 முதல் 13.00 வரை  -  மதியநேர சிங்கள செய்தி
08.00 p.m. to 08.30 p.m – Main Sinhala News,இரவு 08.00 முதல் 08.30 வரை - பிரதான சிங்கள  செய்தி
8.25 a.m. to 5.25 p.m. – Hourly News,காலை 08.25 முதல் 05.25 வரை   - மணித்தியாலச் செய்தி
1.30 p.m. to 1.45 p.m. - Diva Puwath,பிற்பகல் 1.30 முதல் 01.45 வரை   - மதிய நேரச் செய்தி
7.00 p.m. to 7.30 p.m. - Main Tamil News,இரவு 07.00 முதல் 07.30 வரை    - பிரதான தமிழ்ச் செய்தி அறிக்கை
"In year 2012 Provincial Council Election was held in East, North Central and Sabaragamuwa provinces.","2012ம் ஆண்டில் கிழக்கு, வடமத்திய, சப்பிரகமுவ ஆகிய மாகாணசபைகளுக்கான தேர்தல்கள் நடைபெற்றன."
The News Division was able to give a comprehensive coverage of the respective districts from the pre publicity to issuing of final results.,முழுமையான தேர்தல் பிரசார காலப்பகுதி முதல் பெறுபேறுகளை வெளியிடும் வரை மாவட்டங்களை உள்ளடக்கிய வகையில் விரிவான  செய்திகளை ஒளிபரப்ப முடிந்தது.
"With the fullest support from the IT Unit, the News Division was able to telecast the election results successfully.",இதன்போது கணணி அலகின் முழுப் பங்களிப்பைப் பெற்று வெற்றிகரமான வகையில் தேர்தல் பெறுபேறுகளை ஒளிபரப்புவதற்கு செய்திப்பிரிவினால் முடிந்தது.
The media coverage of the London Olympics from the 24th of June to the 15th of August 2012 was carried out with great responsibility.,2012ம் ஆண்டு ஜூன் மாதம் 24ம் திகதி முதல் ஆகஸ்ட் 15ம் திகதி வரையில் லண்டன் ஒலிம்பிக் போட்டிகள் தொடர்பான தொலைக்காட்சி ஊடக செயற்பாடுகள் பொறுப்புடன் மேற்கொள்ளப்பட்டன.
The News Division was able to air a special coverage of London Olympics through an hourly and main news telecast.,அதன்போது மணித்தியால மற்றும் பிரதான செய்திகள் ஊடாக விசேட செய்திகளை வழங்குவதற்கு செய்திப் பிரிவினால் முடிந்தது.
"The News Division played a significant role by telecasting live coverage of Dayata Kirula, Vesak and Poson festival.","தேசத்திற்கு மகுடம், வெசாக், பொசன் ஆகிய விசேட சந்தர்ப்பங்களின் போது நேரலை நிகழ்ச்சிகளை ஒளிபரப்பி செய்திப்பிரிவு முக்கிய பணியை நிறைவேற்றியது."
The News Division rendered a great service for the country’s betterment by allocating more time to televise the progress of development activities taking place around the country and disseminate the information to the public.,நாட்டிற்குள் முன்னெடுக்கப்பட்ட பாரிய அபிவிருத்தி செயற்பாடுகள் தொடர்பான தகவல்களை பொதுமக்களுக்கு வழங்குவதற்கு செய்திப்பிரிவினால் முடிந்தது.
"The main News telecast in Sinahala, English and Tamil 3 ½ hours per day totaling to 105 hours per month, Sinhala hourly news 01 hour per day totaling to 30 per month ,","சிங்களம், ஆங்கிலம் மற்றும் தமிழ் பிராதான செய்தி ஒளிபரப்புகளுக்காக நாளாந்தம்  3 1/2 மணித்தியாலங்கள் வீதம் மாதத்திற்கு 105 மணித்தியாலங்கள் அளவிலும், சிங்களமொழி  மணித்தியால செய்திக்காக நாளாந்தம் ஒரு மணித்தியாலம் வீதமும் மாதத்திற்கு  30 மணித்தியாலங்களும்,"
"Similarly, time has been allocated in the primary and secondary channels for Tamil news.","தமிழ் செய்திகளுக்காக மாதமொன்றிற்கு இதே அளவான காலமும், செய்தி ஒளிபரப்புக்காக பிரதான அலைவரிசைகளிலும் இரண்டாவது அலைவரிசையிலும் ஒளிபரப்புக் காலம் ஒதுக்கீடு செய்யப்பட்டன."
"Breaking news was telecast in three languages, Sinhala, English and Tamil.","நாட்டிற்குள் இடம்பெற்ற முக்கிய சம்பவங்கள் விசேட செய்திகளாக  சிங்களம், தமிழ் மற்றும் ஆங்கில மொழிகளில் ஒளிபரப்பு செய்யப்பட்டன."
"Moreover, Sivudesa Foreign News commentary was telecast daily from 6.00 a.m. to 6.25 a.m.",மேலும் சிவ்தெச வெளிநாட்டு செய்திக் கண்ணோட்டமும் நாளாந்தம் காலை 6.00 முதல் 6.25 வரையில் ஒளிபரப்பப்பட்டுள்ளது.
The Graphic Unit attached to the News Division played a substantial role to telecast the news.,செய்திப் பிரிவுடன் இணைக்கப்பட்ட ஊடக வரைபடப் பிரிவு செய்தி ஒளிபரப்புக்காக பாரிய பங்களிப்பைச் செய்துவருகின்றது.
"The themes required for news, including all the graphic dealings, are performed by the Graphic Unit.",செய்திக்கான சரியான தலைப்பு உள்ளிட்ட அனைத்து ஊடக வரைபட பணிகள் இந்தப் பிரிவினால் மேற்கொள்ளப்படுகின்றன.
"Apart from that, the Graphic Unit supports the functions that belong to the Current Affairs Unit and create the graphics for programs as well.",இதற்கு மேலதிகமாக நடப்பு விவகாரப் பிரிவின் அலுவல்களும் இதன் மூலம் மேற்கொள்ளப்படுவதுடன் சில நிகழ்ச்சிகளுக்கு தேவையான ஊடக வரைபடங்கள் இங்கு தயாரிக்கப்படுகின்றன.
"Moreover, the editing of the visuals gathered through internet by the F T P technique",மேலும் எவ்.ரீ.பீ. தொழில்நுட்பம் மூலம் இணையத்தளம் ஊடாக கிடைக்கும் காட்சிகள் தயாரிப்பும் மேற்கொள்ளப்படுகின்றது.
The CG that is required for News also complies with the unit.,செய்திக்குத் தேவையான சி.ஜீ உள்ளிட்ட அனைத்து பணிகளும் இந்தப் பிரிவினால் மேற்கொள்ளப்படுகின்றது.
The network of Correspondents has also become stronger than before.,பிராந்திய செய்தியாளர்களின் வலைப்பின்னல் முன்னரிலும் பார்க்க தற்போது வலுவானதாக காணப்படுகின்றது.
Fifty-four Correspondents were recruited in the year 2012 by way of a three-session interview.,2012ம் ஆண்டில் புதிதாக 54 பிராந்திய செய்தியாளர்கள் மூன்று முறை நடத்தப்பட்ட முறையான நேர்முகப் பரீட்சைகளின் மூலம் தெரிவு செய்யப்பட்டனர்.
The contribution of Correspondents was also a great influence for the production of news and more scope was provided for Correspondence at the 10.00 p.m. news and the hourly news.,"பிராந்திய செய்தியாளர்களின் வலைப்பின்னலும் செய்தி தயாரிப்புக்கு பெரும் பங்களிப்புச் செய்கின்றதுடன், இரவு 10 மணி செய்தி ஒளிபரப்புக்கும் மணித்தியால செய்திக்கும் கூடுதலான வாய்ப்புகள் தரப்படுகின்றன."
Asia Vision Unit also played a vital role,ஏசியா விஷன் பிரிவும் பாரிய பணியை நிறைவேற்றியுள்ளது.
Providing foreign news for hourly news telecast and main news is the main role of them as well.,பிரதான செய்தி ஒளிபரப்புக்கும் மணித்தியால செய்தி ஒளிபரப்புக்கும் வெளிநாட்டுச் செய்திகளை வழங்குவது இந்தப் பிரிவின் முக்கிய பணியாகும்.
"This unit is responsible for  the President’s coverage including local and international official tours of the President; the provision of technical assistance for the usage of the Telepromptor at the speeches given by the President in special occasions;  televising the development activities taking place around the country;  and the  excellent progress of these development projects, telecasting News Alerts.","ஜனாதிபதியின் உள்ளுர் மற்றும் வெளிநாட்டு உத்தியோகபூர்வ விஜயங்கள் தொடர்பான செய்தியிடலும் ஜனாதிபதி விசேட சந்தர்ப்பங்களில் ஆற்றும் உரைகளுக்கு டெலிபுரோம்டருக்கான தொழில்நுட்ப பங்களிப்பை வழங்குவதும், நாட்டின் அனைத்து பிரதேசங்களினதும் அபிவிருத்தி விடயங்களை செய்தியிடலும் செய்திப்பிரிவின் பணிகளாகும்."
Current Affairs Unit,நடப்பு விவகார பிரிவு
The Current Affairs Unit comes under the supervision of News and Current Affairs Division.,நடப்பு விவகார பிரிவு இலங்கை ரூபவாஹினிக் கூட்டுத்தாபனத்தின் செய்தி மற்றும் நடப்பு விவகார பிரிவின் கீழ் செயற்படும் பிரிவாகும்.
Current Affairs unit consists of two main sections.,நடப்பு விவகார பிரிவு பிரதான இரண்டு பிரிவுகளைக் கொண்டதாகும்.
They are Sinhala and Tamil sections.,"அது சிங்களம், தமிழ் மொழிகள் என்ற ரீதியில் அமைந்துள்ளன."
"In the year 2012, this unit has produced a considerable amount of programmes.",2012ம் ஆண்டில் நடப்பு விவகார அலகு பல்வேறு நிகழ்ச்சிகளை தயாரித்துள்ளது.
"Among those, the current political programmes are considered as major programmes.",அவற்றுள் நடப்பு அரசியல் நிகழ்ச்சிகள் முக்கியமானவையாகும்.
"Every Monday, a time period of 02 hours has been allocated for the programmes ‘Vedikava’ and ‘Haraskada’.",“வேதிகாவ” நிகழ்ச்சியும் “ஹரஸ்கட” நிகழ்ச்சியும் ஒவ்வொரு திங்கட்கிழமையும் இதன் ஊடாக 2 மணித்தியாலங்கள் ஒளிபரப்பப்பட்டுள்ளன.
"In addition to this, the unit has produced quite a number of programs that were telecast on a weekly basis.",இதற்கு மேலதிகமாக வாராந்தம் ஒளிபரப்பான நிகழ்ச்சிகள் பல இந்த பிரிவினால் தயாரிக்கப்பட்டன.
"‘Friday’s Nugasevana’, ‘Saturday Ayubowan’, ‘Thirasara’, ‘Rasa Mohootha’ and ‘Ayubowewa’ are notable within the programmes.","அவற்றுள் “சிக்குராதா நுகசெவன”, “சனிதா ஆயூபோவன்”, “திரசார”, “ரச மோஹோத”, “ஆயூபோவேவா” போன்ற நிகழ்ச்சிகள் குறிப்பிடத்தக்கவைகளாகும்."
Through these programmes an attempt was taken to provide assistance to fulfill the existing needs.,இந்த நிகழ்ச்சிகள் மூலம் நிறுவன நடப்பு விவகார தேவைகளை ஒளிபரப்புவதற்கான முயற்சிகள் மேற்கொள்ளப்பட்டுள்ளன.
The live telecast of News Headling from 5.55a.m to 6.25a.m is also another production of this unit.,நாளாந்தம் காலை 5.55 மணி முதல் 6.25 வரையில் ஒளிபரப்பாகும் “தவசே பத்தர சிரஸ்த்தல்” நிகழ்ச்சி இந்த அலகினால் தயாரிக்கப்படும் நிகழ்ச்சியாகும்.
This unit was responsible for producing and telecasting the live program ‘Amadam Sisilasa’ which was telecast on every Poya Day from 9.00a.m to 10.00a.m under the leadership of the President and the Current Affairs Units also undertook the live coverage of H. E. the President’s arrival at special occasions.,ஓவ்வொரு மாதமும் நோன்மதி தினத்தில் மேன்மைதகு ஜனாதிபதி தலைமையில் அம்மாதம்  சிசிலஸ தர்மபோதனை உரை காலை 9.00 – 10.00 வரை நேரடியாகவும் மேன்மைதகு ஜனாதிபதி கலந்துகொள்ளும் வைபவங்கள் நேரடியாகவும் இந்த பிரிவினால் ஒளிபரப்பு செய்யப்படுகின்றன.
The first ever military reality musical program in the world titled “Ranaviru Real Star” was supervised and produced throughout the year 2012 successfully by this unit.,இதே வேளை உலகின் முதலாவது மிலிடரி ரியெலிடி இசை நிகழ்ச்சியான “ரணவிரு ரியல்ஸ்டார்” நிகழ்ச்சி 2012ம் ஆண்டு முழுவதும் வெற்றிகரமாக இந்த பிரிவினால் முன்னெடுக்கப்பட்டது.
"In addition to the above, this unit also produced special programs on national importance, such as the National Independence Day, Victory day, collecting the New Harvest Festival (‘Aluth Sahal Mangalya’) in a timely manner.","காலத்திற்கு காலம் தயாரிக்கப்பட்ட தேசிய முக்கியத்துவமிக்க நிகழ்ச்சிகள் இந்த பிரிவினாலயே தயாரிக்கப்பட்டதுடன் அவற்றுள்  தேசிய சுதந்திர பைவம், தேசிய வீரர் தினம், வரவு செலவுத் திட்ட ஒளிபரப்பு, புதிர் நெல் அறுவடை ஆகியன தொடர்பான வைபவங்கள் இவற்றில் முக்கிய இடம் வகிக்கின்றன."
"The Tamil Unit of the News & Current Affairs Division produced and telecast ‘Naaledugalil Indru’– News paper Headlines, ‘Abhiviruththip panikal ’ - Government development drive, ‘Vidiyalai Nokki’ discussion on Government development drive, ‘Kandathum Kettaththum’ weekly magazine programme, ‘Ulagavalam’ world political programme, over channel Eye in Tamil medium.","நடப்பு விவகார பிரிவின் தமிழ் பிரிவின் மூலம் நேத்ரா தொலைக்காட்சி அலைவரிசைக்கான தமிழ் மொழியில் நாளாந்தம் ”நாளேடுகளில் இன்று” என்ற செய்தித்தாள் தலைப்பு நிகழ்ச்சி வார நாட்களிலும், அரசாங்கத்தின் அபிவிருத்தி நிகழ்ச்சிகள்  “அபிவிருத்தி பணிகள்”என்ற தலைப்பிலும் அரசாங்கத்தின் அபிவிருத்தி தொடர்பான கலந்துரையாடல்களுக்கான அபிவிருத்தி என்ற நிகழ்ச்சியும் “கண்டதும் கேட்டதும்” என்ற தலைப்பில் வாரந்த சஞ்சிகை நிகழ்ச்சியும் “உலக வலம்” என்ற பெயரில் சர்வதேச அரசியல் நிகழ்ச்சியும் ஒளிபரப்பப்படுகின்றன."
"On the weekends ‘Sadurangam’ a one hour political conference program, ‘Vilaiyaattu Manjari’ the sports programmes were also telecasted.",வார இறுதியில் “சதுரங்கம்” என்ற ஒரு மணித்தியால அரசியல் உரையாடலும் விளையாட்டு மஞ்சரி என்ற தலைப்பில் விளையாட்டுகள் தொடர்பான நிகழ்ச்சிகளும் ஒளிபரப்பப்படுகின்றன.
"In addition to the above programs, special programmes which are important to the current situations and overseas tours of H.E. the President and special programs in Tamil medium were also telecasted.","இவற்றுக்கு மேலதிகமாக நடப்பு ரீதியில் முக்கியத்துவமிக்க தமிழ் மொழியில் தயாரிக்கப்பட்ட விசேட நிகழ்ச்சிகளும், ஜனாதிபதியின் வெளிநாட்டு பயணங்களும் தேசிய தேவைகளுடன் சம்பந்தப்பட்ட தகவல்களும் தமிழ் மொழியில் தயாரிக்கப்பட்டன."
This unit consists of five Producers and ten Production Assistants are working in this division.,தயாரிப்பாளர்கள் ஐவரும் தயாரிப்பு உதவியாளர்கள் பத்துப்பேரும் இந்த பிரிவில் இணைந்து பணியாற்றுகின்றனர்.
Production Services Division,தயாரிப்புச் சேவைப் பிரிவு
The Production Services Division takes the forefront in providing creative services required for all productions of Sri Lanka Rupavahini Corporation both in studio and at external locations.,கூட்டுத்தாபனத்தினால் தயாரிக்கப்படும் கலையகம் மற்றும் வெளியிட தயாரிப்புக்களின் சேவைக்கான பங்களிப்பை வழங்குவதில் முன்னிலையில் திகழ்வது தயாரிப்புச் சேவைப் பிரிவாகும்.
The Production Services Division consists of 11 units.,இந்தப் பிரிவு 11 அலகுகளைக் கொண்டதாகும்
Camera,"கெமரா,"
Recording (Sound Management) and Multi Camera,"குரல் பதிவு, பல்வகைக் கெமரா,"
Lighting,"ஒளி வழங்கல்,"
Make - up,"ஒப்பனை,"
Graphics and Animation,"ஊடக வரைபு,"
Special Graphics and Animation,"விசேட ஊடக வரைபு,"
Set & Props,அரங்க அமைப்பு
E.F.P. Equipment,"ஈ.எப்.பீ உபகரணம்,"
Rajatha Studio,"ரஜத்த கலையகம்,"
E.F.P Support,"ஈ.எப்.பீ உதவி,"
Library,நூல்நிலையம் .
"This Unit is managed by the Deputy Director General (Production Services) who is also responsible for the administration and supervision of the Channel Eye, Nethra and NTV channels.","பிரதிப் பணிப்பாளர் நாயகத்தின் (தயாரிப்பு சேவை) கண்காணிப்பின் கீழ் தயாரிப்பு சேவைப்பிரிவு முன்னெடுக்கப்படுவதுடன் ஐ, நேத்திரா, என்.ரி.வி அலை வரிசைகளின் நிர்வாக மற்றும் கண்காணிப்பு பிரதிப் பணிப்பாளர் நாயகத்தினால் (பி.சே)  மேற்கொள்ளப்படுகின்றன."
The expenses for transport and electricity was brought down directly  by using the Rajatha Studio for studio program productions and live program productions up to some extent.,"நிகழ்ச்சித் தயாரிப்பு, நேரடி ஒளிபரப்புகளுக்காக செலவாகும் மின்சாரத்தை குறைப்பதற்கும் போக்குவரத்துச் செலவை குறைப்பதற்கும் ரஜத கலையரங்கம் நேரடியாக பங்களிப்புச் செய்கிறது"
Steps have already been taken to transform the studio within next year.,இந்தக் கலையகத்தை எதிர்வரும் வருடத்தில் நவீன மயப்படுத்துவதற்கான ஒழுங்குகளும் மேற்கொள்ளப்பட்டுள்ளன.
"Sri Lanka Rupavahini Corporation was able to make considerable savings by purchasing new Jib Arm equipment, eliminating the necessity to hire from external parties.",2012ம் ஆண்டில் கொள்வனவு செய்யப்பட்ட ஜிபி ஆர்ம் உபகரணகொள்வனவு காரணமாக வெளியில் இந்த வகையான உபகரணத்தை குத்தகைக்கு பெற்றுக்கொள்வது பெருமளவில் நிறுத்தப்பட்டதுடன் அதன் மூலம் கூட்டுத்தாபனத்திற்கு பாரிய அளவில் பொருளாதார நன்மைகள் கிடைத்துள்ளன.
"Additionally, we were able to add a high standard visual quality for drama and musical productions as we purchased a special effect filter and a Clay box.",இதே போன்று தொலைக்காட்சி நாடகத்திற்கும் இசை நிகழ்ச்சிகளுக்கு தேவைப்படும் விசேட உபகரணத்துடன் மெட் பொக்ஸ் உபகரணம் ஒன்றும் கொள்வனவு செய்யப்பட்டதினால் இந்த நிகழ்ச்சிகளுக்கு செயற்பாட்டு ரீதியில் உயர்வான பெறுமதியை வழங்குவதற்கு முடிந்தது.
"During the year 2012 this unit has contributed its service in more than 2165 field programmes, over 6750 studio productions and 400 outdoor broadcasting programs.","2012ம் ஆண்டிற்குள் இந்தப்பிரிவினால் 2165க்கும் மேற்பட்ட நிகழ்ச்சிகளுக்கும், 6750 கலையக நிகழ்ச்சிகளுக்கும் 400க்கும் மேற்பட்ட வெளியிட நிகழ்ச்சிகளுக்குமான தயாரிப்பு ரீதியிலான பங்களிப்புச் சேவைகள் மேற்கொள்ளப்பட்டன."
This unit comprises a staff with 30 years’ experience that could maintain quality and technically high standard of the programs and provide service on shift duty basis continuously.,"தொலைக்காட்சி நிகழ்ச்சிகளின் தயாரிப்புத்தன்மை, தரத்தன்மை, தொழில் நுட்ப தரம் ஆகியவற்றை பாதுகாப்பதற்கு 30 வருட சேவை அனுபவத்துடனான செயற்பாட்டு பணியாளர் சபையைக் கொண்டுள்ளதுடன் தொலைக்காட்சி நிகழ்ச்சிகளை ஒளிப்பதிவு செய்தல் மற்றும் ஒளிபரப்புச் செய்தல் பணிகளை தொடர்ச்சியாக முன்னெடுப்பதற்காக, சேவை வட்டத்திற்குள் பணிகள் நிறைவேற்றப்படுகின்றன."
"From December 2010, the Multi Camera Unit commenced its field service and was able to curtail the number of staff involved at a production which helped in lowering the budget of program production during the year 2012.",2010ம் ஆண்டு டிசம்பர் மாதம் முதல் பல்வகை கெமரா பிரிவினால் ஒளிப்பதிவு நடவடிக்கைகள் ஆரம்பிக்கப்பட்டதுடன் மட்டுப்படுத்தப்பட்ட கலைஞர்களின் பங்களிப்புடன் குறைந்த செலவில் இந்தப் பிரிவினால் மேற்கொள்ளப்பட்ட பணிகள் 2012ம் ஆண்டில் பாரிய வெற்றிக்கு வழிவகுத்தன.
"Through the successful and efficient contribution of the existing small external recording vehicles, 66 recordings and",2012ம் ஆண்டின் இறுதியிலும் 2013ம் ஆண்டிலும் தேவையான நடவடிக்கை மேற்கொள்ளப்பட்டதுடன் வெளி இட ஒளிபரப்பு வாகனத்தின் மூலம் 2012ம் ஆண்டிற்குள் 66 ஒளிப்பதிவு மற்றும் நேரலை நிகழ்ச்சிகள் பூர்த்தி செய்யப்பட்டன.
live telecasts were made during the year 2012.,66 நேரடி ஔிபரப்புகள் நிறைவுசெய்யப்பட்டுள்ளன.
Make-up Unit,ஒப்பனை பிரிவு
Activities done by the make-up unit in 2012,2012 ஆம் ஆண்டினுள் ஒப்பனைப் பிரிவின் மூலம் நிகழ்த்தப்பட்ட செயற்பாடுகள்
This unit undertakes necessary makeup for the artists who take part in take part in the production program of Sri Lanka Rupavahini Corporation from 5.30a.m to 10.30p.m on a daily basis.,அதிகாலை 5.30 மணியிலிருந்து இரவு 22.30 வரையில் கூட்டுத்தாபனத்தின் தயாரிப்புகளுக்காக ஒப்பனை அலகின் மூலம் சேவைகள் வழங்கப்பட்டுள்ளன.
"This unit undertakes necessary makeup for up to 75 - 100 artists who take part in programmes which also includes live programmes, from 5.30a.m to 10.30p.m on a daily basis.",கூட்டுத்தாபனத்தின் கலையரங்குகளில் இடம்பெறும் படப்பிடிப்பு தொடர்பான தயாரிப்புக்களுக்காக காலை 5.30 இலிருந்து 22.30 வரையில் பொதுவாக நாளாந்தம் 75 இற்கும் 100 இற்குமிடைப்பட்ட கலைஞர்களுக்கும் ஒப்பனை   நடவடிக்கைகள் மேற்கொள்ளப்பட்டதுடன் நேரடி நிகழ்ச்சிகளும் இதில் அடங்குகின்றன.
The unit contributed a great deal by undertaking the makeup for the “Ranaviru Real Star” reality TV program in 2012.,விசேடமாக 2012ம் ஆண்டில் “ரணவிரு றியல் ஸ்டார்” நிகழ்ச்சிக்காக ஒப்பனை பிரிவின் மூலம் பாரிய பங்களிப்பு செய்யப்பட்டுள்ளது.
"The Makeup Unit contributed for “Ransirimal”, “Salmal Landa”, and ‘Nirsathvayo’ which were new Tele Dramas produced by the Drama Unit and rendered their fullest services to all other external productions of Sri Lanka Rupavahini Corporation.","நாடகப் பிரிவின் புதிய தயாரிப்பான “ரங்சிறிமல்”, “சல்மல்லந்த”, “நிர்சத்வயோ” தொலைக்காட்சி நாடகங்களுக்காக ஒப்பனை பிரிவு பங்களிப்பு வழங்கியதுடன் இந்தப் பிரிவினால் தயாரிக்கப்பட்ட ஏனைய வெளியிடத் தயாரிப்புக்களுக்காக இந்த ஒப்பனைப்பிரிவு முழுமையான பங்களிப்பு செய்துள்ளது."
"Other than dramas, the Makeup Unit provided their service to the other station productions  such as New Year live programs, Vesak & Poson  Poya Live programs, Vesak Tele Drama and carols, Monthly Poya live programs, ‘Sitha Nivana Katha’ tele series, Dayata Kirula, Documentary programs, Educational programs, Catholic Programs, Christmas  Tele Dramas and carols.","புத்தாண்டு நேரடி நிகழ்ச்சிகள், வெசாக், நோன்மதி நேரடி நிகழ்ச்சிகள், வெசாக் தொலைக்காட்சி நாடகங்கள், பக்தி கீதம், மாதாந்த நோன்மதி நேரடி நிகழ்ச்சிகள், மனஅமைதிக்கான கதைகளைக் கொண்ட தொலைக்காட்சி நாடகத்தொடர், தேசத்திற்கு மகுடம், விவரண நிகழ்ச்சிகள், கல்வி நிகழ்ச்சிகள், கத்தோலிக்க நிகழ்ச்சிகள், நத்தார் நாடக மற்றும் கரோல் பக்தி கீதங்கள் போன்ற நிகழ்ச்சிளுக்காகவும் இந்த பிரிவு பங்களிப்பு செய்துள்ளது."
The Assistant Director and the 14 staff of Makeup Unit have provided tremendous service for the above programmes including daily Lottery programs.,நாளாந்த லொத்தர் உள்ளிட்ட அவற்றின் தயாரிப்புக்களுக்காக ஒப்பனை பிரிவின் உதவிப்பணிப்பாளர் உள்ளிட்ட 14 கலைஞர்களினால் ஒப்பனை அலகு பாரிய பங்களிப்பை வழங்கியுள்ளது.
Graphics and Animation Unit,காட்சிப்படிவ மற்றும் உயிர்ப்புப் பிரிவு
The staff of the Graphics and Animation Unit rendered remarkable service by creating Graphic and Animations for ‘Ranaviru Real Star’ program and creating graphics and lettering for all educational programs and studio editing similarly.,"“ரணவிரு றியலிரி” நிகழ்ச்சிக்கான அனைத்து காட்சிப்படிவங்கள் மற்றும் உயிர்ப்பு தயாரிப்புக்களை மேற்கொள்ளுதல், கல்விச் சேவை மூலம் ஒளிபரப்பு செய்யப்படும் பாடத்தை தொலைக்காட்சித் திரைக்கு ஏற்ற வகையிலான காட்சிப்படிவ ஒளிப்பரப்புடன் சமர்ப்பிக்கக்கூடிய வகையில் தயாரித்தல் இதன் செயற்பாடாகும்."
The 3D and 2D Graphics and the creativities the staff provided for the programs have helped to up lift the quality of the programs and were able to obtain the highest ratings for the programs as same.,"இருபரிமாண மற்றும் முப்பரிமாண நிகழ்ச்சிகளுக்கு பொருத்தமான வகையில் தயாரிப்பு பங்களிப்பை வழங்குதல், இந்த தயாரிப்புகள் நிகழ்ச்சிகளின் தரம் உள்ளிட்டவற்றை மேம்படுத்தி ரசிகர்களின் ஆகக்கூடிய பெறுபேறுகளை பெற்றுக்கொள்ளுவதற்கு இந்தப் பிரிவின் பங்களிப்பு முக்கியத்துவம் வாய்ந்ததாகும்."
Set and Props Unit,அரங்க அமைப்பு பிரிவு
The number of Projects and activities that the Set Department fulfilled in 2012 are as follows.,அரங்க அமைப்பு பிரிவின் மூலம் 2012 ஆம் ஆண்டில் மேற்கொள்ளப்பட்ட பணிகள் மற்றும் திட்டங்கள்
New Sets,புதிய அரங்க தயாரிப்புக்கள்
Single episode Tele Dramas,தொலைக்காட்சி குறுந்தொடர் நாடகம்
Tele Drama series,தொடர் தொலைக்காட்சி நாடகம்
Poya Live telecast,நோன்மதி தின நேரடி ஒளிபரப்பு
(Outstation),(கொழும்பிற்கு வெளியே)
Set Designers,தயாரிப்புக் கலைஞர்
Programme commended,பாராட்டுக்குள்ளான நிகழ்ச்சிகள்
Institute,பாராட்டிய நிறுவனங்கள்
New Year Greeting Cards,புத்தாண்டு நல்வாழ்த்துக்கள்
The Best Creation,சிறந்த தயாரிப்புகள்
Ranaviru Real Star II,ரணவிரு ரியல் ஸ்டார் II நிகழ்ச்சி
Dialog,டயலொக் நிறுவனம்
"""Manushya"" Single Episode Drama",“மனுசயா” தொலைக்காட்சி தொடர் நாடகம்
‘Hurubuhuti’ Children’s Prog,"""ஹுரு பூஹுடி"" சிறுவர் நிகழ்ச்சி"
The staff of the Set Department contributed their services for quiet number of programmes,இந்த வருடத்தில் அரங்க அமைப்பினால் மேற்கொள்ளப்பட்ட பணிகள்
"2012 Provincial Election,","2012ம் ஆண்டு உள்ளுராட்சி மன்ற தேர்தல்,"
"Dayata Kirula 2012 Anuradhapuraya,","“தேசத்திற்கு மகுடம்” 2012ம் ஆண்டு அனுராதபுரம்,"
"2012 Anniversary Pirith Mandapaya,","2012ம் ஆண்டு வருட பூர்த்தி பிரித்மண்டபய நிகழ்வு,"
"2012 Anniversary programme,","2012ம் வருட பூர்த்தி இசை நிகழ்ச்சி,"
Jana Madhya Hamuwa,ஊடகவியலாளர்களுடனான சந்திப்பு
30th Anniversary,"30வது ஆண்டு நிறைவு,"
"Avurudu Udanaya- Monaragala (covering 09 provinces),",வருடப்பிறப்பு - மொனறாகல (9 மாகாணங்களை பிரதி நிதித்துவப்படுத்தும் வகையில்)
"Avurudu Udanaya Studio 4,","புத்தாண்டு உதயம் கலையகம் இலக்கம் - 04,"
"Buddhabhi Vandana (Nelum Pokuna),","புத்தாஹி வந்தனா (தாமரைத்தடாகம்),"
"Sinhala News Set,","சிங்கள செய்தி அரங்க அமைப்பு,"
"Bunka Awards,","புன்கா விருது,"
"Poson Live Telecast- Thanthirimale,","பொசன் நோன்மதி நேரடி ஒளிபரப்பு - தந்திரிமலை,"
"London Olympic 2012,","லண்டன் ஒலிம்பிக் - 2012,"
"Sihina  Hathak,","சிஹின ஹத்தக்,"
"Nugasevana New Set,","நுகசெவன புதிய ஒப்பனை அலகு,"
"Jathika Pasala,","தேசிய பாடசாலை,"
"Aruma Puduma Roda Hathara,","அரும புதும ரோத ஹதர,"
"‘Vedikawa’ Special programme,","வேதிகாவ விசேட நிகழ்ச்சி,"
"Kapilawasthu Tooth Relic Pradarshanaya,","கபிலவஸ்து புனித பொருள் கண்காட்சி,"
"International Book Exhibition,","சர்வதேச நூல் கண்காட்சி,"
"Deepavali musical programmes,","தீபாவளி இசை நிகழ்ச்சி,"
"Threethal musical programmes,","திருநாள் இசை நிகழ்ச்சி,"
"World Children’s Day Programme set,","சர்வதேச சிறுவர் அரங்க அமைப்பு தயாரிப்பு,"
"Oshin inauguration event,","ஒசீன் ஆரம்ப நிகழ்வு வைபவம்,"
"Ranaviru Real Star – Final Programme’s set,","ரணவிரு றியல் ஸ்டார் இறுதி கட்டத்திற்கான அரங்க அமைப்பு,"
"Sunday Ayubowan 09 sets,","ஞாயிறு ஆயூபோவன் அரங்க அமைப்பு 09,"
"Batahira Ahasa (Aththidiya),",பட்டஹிர ஹாச (அத்திட்டிய )
"Special Christmas telecast,","நத்தார் விசேட ஒளிபரப்பு,"
"Christmas Carol (Tamil)  & Street Drama,",நத்தார் கரோல் (தமிழ்) மற்றும் வீதி நாடகங்கள்.
Teledrama Series,தொடர் நாடகம்
"Salmal Landa long drama,","சல்மல் லந்த தொடர் மாலா நாடகம்,"
"Ran Sirimal,",ரண்சிறிமல்
Vishva Gaveshi drama,விஷ்வ கவேஷி தொலைக்காட்சி நாடகம்.
Single Episode,குறுந்தொடர்
"Sitha Nivana Katha – 10,","மனதிற்கு அமைதியை ஏற்படுத்தும் கதைகள் - 10,"
"Avururdu Teledrama – 01,","புத்தாண்டு தொலைக்காட்சி நாடகம் - 01,"
"Vesak Teledrama -01,","வெசாக் தொலைக்காட்சி நாடகம் - 01,"
"Tamil Tele Drama – 01,","தமிழ் தொலைக்காட்சி நாடகம் - 01,"
Children Teledrama - 01,சிறுவர் தொலைக்காட்சி நாடகம் - 01
Library,நூலகம்
The Library is considered as one of the main units of the Sri Lanka Rupavahini Corporation under the supervision of Programme Production Service.,தயாரிப்பு சேவைப்பிரிவின் கீழ் நூல் நிலையம் பிரதான அமைப்பு பிரிவாக பணிகளை முன்னெடுத்து வருகிறது.
This unit consists of 19 staff members,இந்தப் பிரிவு 19 பணியாளர்களைக் கொண்டுள்ளது.
The specialty of the Sri Lanka Rupavahini Corporation library is the way it is maintaining the information both in print and visual media for program productions.,அதாவது இதில் முன்னெடுக்கப்படும் தகவல்கள் அச்சு மற்றும் ஒலி ஔி முதலான ஊடகங்கள் இரண்டினதும் தயாரிப்பு நடவடிக்கைகளுக்கும் பங்களிப்பை வழங்கி வருகிறது.
Special Projects,விசேட திட்டங்கள்
Preserving U-Matic cassettes and preparations to preserve cassettes using XD CAM technology.,இதன் கீழ் எதிர்கால பாதுகாப்புக்காக வைக்கக்கூடிய நிகழ்ச்சிகளை தெரிவு செய்து அவற்றை XD CAM தொழில்நுட்பத்திற்கு பிரதிசெய்வதற்கான திட்டத்தை துரிதமாக ஆரம்பித்தல்.
The advantage of this preserving system is that the visuals copied in that format will be preserved for nearly 50 years without harming its technical qualities.,அந்த XD CAM தொழில்நுட்ப பெறுபேறாக பிரதானமாக அதில் பிரதி பண்ணப்படும் காட்சிகள் (உள்ளடக்கம்) 50 வருட காலம் வரையில் அனைத்து தொழில்நுட்ப குணாம்சங்களுடனான பாதுகாப்பதற்கான வசதிகள் செய்யப்படுகின்றன.
Rest of the advantages includes the ability to sore within only a very small space and protecting the cassettes from fungus and other damages.,"அதே போன்று அவற்றை களஞ்சியப்படுத்துவதற்கு குறைந்த இடவசதிகளைக் கொண்டதாக அமைவதுடன் பூஞ்சணம் பிடித்தல், பழுதாகுதல் ஆகியவற்றிலிருந்து பாதுகாக்கவும் முடிகிறது."
Channel EYE,ஐ அலைவரிசை
The programs telecast on Channel Eye are,2012ம் ஆண்டில் ஐ அலைவரிசை மேற்கொண்ட பணிகள் மற்றும் திட்டங்கள்
"“Rise & Shine - Variety program, live telecast daily",Rice and Shine என்ற காலை நேரடி ஒளிபரப்பு நிகழ்ச்சியை தயாரித்தல்
"“Eye- Shuffle” – Western Music program,    new songs , live telecast",Eye Shuffle என்ற புதிய பாடல்களை வழங்கும் நேரடி இசை நிகழ்ச்சிகளை தயாரித்தல்
"“Cafe Classics” – Music program, old hits, live telecast",Cafe Classics என்ற விரும்பிய பழைய பாடல்களை வழங்கும் நேரடி இசை நிகழ்ச்சிகளை தயாரித்தல்
“Sunday Spice” – Variety program on meeting artists,Sunday Spice கலந்துரையாடலுடனான நேரடி இசை நிகழ்ச்சிகளை தயாரித்தல்
“Merry Christmas” – Special Christmas music program,Merry Christmas என்ற பெயரில் விசேட நத்தார் இசை நிகழ்ச்சிகளை தயாரித்தல்
“Poya Discussion” – Poya Discussion program,Poya Discussion என்ற நோன்மதி தின தர்ம உரையாடல் நிகழ்ச்சித் தொடர்களை தயாரித்தல்
Discussions - current affairs,நடப்பு விவகார கலந்துரையாடல் நிகழ்ச்சிகளைத் தயாரித்தல்
Tamil Program Unit - Nethra TV,தமிழ் நிகழ்ச்சி அலகு - நேத்ரா
"The Tamil Program Unit caters to Tamil speaking viewers of the country, focusing on Tamil Language programs.",நேத்ரா அலைவரிசை நம்நாட்டின் தமிழ்பேசும் ரசிகர்களை இலக்காகக் கொண்டு நிகழ்ச்சிகளை ஒளிபரப்புகின்றது.
The programs telecast on Nethra TV are in the following order;,இதற்கமைவாகநேத்ரா அலைவரிசையில் ஒளிபரப்பு செய்யப்பட்ட நிகழ்ச்சிகள் பின்வருமாறு.
Vanakkam Nethra -,வணக்கம் நேத்ரா -
"Discussion programme, weekly live telecast",வார நாட்களில் ஒளிபரப்பு செய்யப்படும் நேரடி   உரையாடல் நிகழ்ச்சியாகும்
Udaya Dharisanam -,உதயதரிசனம் -
"Magazine programme, weekly live telecast",வார நாட்களில் ஒளிபரப்பு செய்யப்படும் நேரலை   சஞ்சிகை நிகழ்ச்சியாகும்
Lunch Time Music -,லன்ச் டைம் மியூசிக் -
"Live music programme, weekly live telecast",வார நாட்களில் ஒளிபரப்பு செய்யப்படும் நேரலை    இசை நிகழ்ச்சி
Education programme -,கல்வி நிகழ்ச்சி -
Daily live telecast for G.C.E. (O/L & A/L) students,க.பொ.த (சாதாரண தரம்) மற்றும் க.பொ.த (உயர் தரம்) மாணவர்களுக்காக நாளாந்தம் நேரடியாக ஒளிபரப்பு செய்யப்படும்  நிகழ்ச்சி.
Saivaneedi -,சைவநீதி -
Hindu religious program,இந்து சமய நிகழ்ச்சி
Pattam poochchikal -,பட்டாம் பூச்சிகள் -
Children entertainment program,சிறுவர் பொழுதுபோக்கு நிகழ்ச்சி
Pudam Puthu Kalai  -,புத்தம் புது காலை -
"Magazine program,",சஞ்சிகை நிகழ்ச்சி
"Weekend,",வார இறுதிகளில் -
Live telecast,நேரலை
M9.30 -,எம் 9.30 -
Music program,இசை நிகழ்ச்சியாகும்
Jaikkalam Vanga -,ஜெயிக்கலாம் வாங்க -
Talent Show,திறமை நிகழ்ச்சி
Kodei mazlei -,கோடை மழை  -
Magazine music program,இசை சஞ்சிகை நிகழ்ச்சி
Natya -,நாடகம் -
Tamil Local Tele Drama,உள்நாட்டு தமிழ் தொலைக்காட்சி நாடகம்
Ippadikku Sattam -,இப்படிக்கு சட்டம் -
Sri Lankan Law related program,இலங்கை சட்டம் தொடர்பான நிகழ்ச்சி
E-channeling -,ஈ செனலிங் -
Medical program,மருத்துவ நிகழ்ச்சி
Samayal Gallery -,சமையல் கெலரி -
Cooking program,சமையல் கலை  நிகழ்ச்சி
Kodei Vasandam -,கோடை வசந்தம் -
Magazine program,சஞ்சிகை நிகழ்ச்சி
Brindawani -,பிரிந்தாவனி -
Classical music program,பாரம்பரிய இசை நிகழ்ச்சி
Film City -,பில்ம் சிற்றி -
Local short film making programme,உள்ளுர் குறுந்திரைப்படம் தயாரிப்பு தொடர்பான  நிகழ்ச்சி
Kaveetha Talent -,கவிதா ரெலன்ட் -
"Talent Show, sponsored by Higher Education Ministry",திறமை நிகழ்ச்சி  உயர்கல்வி அமைச்சின் அனுசரனையின் கீழான நிகழ்ச்சி
Udira Pookkal -,உதிராப் பூக்கள் -
Other Special Programs,ஏனைய விசேட நிகழ்ச்சிகள்
New Year and Nethra Anniversary,புத்தாண்டு மற்றும் நேத்ரா ஆண்டு நிறைவு நிகழ்வு
Thai Pongal -,தைப்பொங்கல் -
Special live cultural & traditional program,விசேட நேரலை கலாச்சார மற்றும் சம்பிரதாய நிகழ்ச்சி
Thaipongal special Tele Drama,தைப்பொங்கல் விசேட தொலைக்காட்சி நாடகம்
Thaipongal special musical program,தைப்பொங்கல் விசேட இசை நிகழ்ச்சி
Matale Theru Festival,மாத்தளை தேர் உற்சவம்
Maha Shiva Rathri Day,மகா சிவராத்திரி தினம்
Sinhala & Hindu New Year,தமிழ் சிங்கள புத்தாண்டு நிகழ்ச்சி
Vesak Celebration,வெசாக் தினம்
Poson Celebration,பொசோன் நோன்மதி தினம்
Nallur Annual Theru Celebration,நல்லூர் ஆலய வருடாந்த தேர் உற்சவம்
World Children’s Day,சர்வதேச சிறுவர் தினம்
Deepavalee Celebration,தீபாவளி நிகழ்ச்சி
Christmas program,நத்தார் தின நிகழ்ச்சி
Muslim Programs Unit,முஸ்லீம் நிகழ்ச்சிப் பிரிவு
The Muslim Programs Unit is attached to the Production Services Division.,தயாரிப்பு சேவைப்பிரிவின் கீழ் முஸ்லீம் நிகழ்ச்சி பிரிவு செயற்படுகின்றது.
"This unit consists of an Assistant Director, 02 Producers, 01 Production assistant and a Typist Clerk.","இந்த பிரிவு உதவிப்பணிப்பாளர் ஒருவர், தயாரிப்பாளர் இருவர், தயாரிப்பு உதவியாளர், ஆவண தட்டெழுத்தாளர் ஆகியோரைக் கொண்டுள்ளது."
This unit produces programs catering to Muslim viewers,முஸ்லீம் சமூகத்தை இலக்காகக் கொண்டு முஸ்லீம் நிகழ்ச்சிப் பிரிவு நிகழ்ச்சிகளை தயாரிக்கின்றது.
"This is done under religious, cultural and traditional themes enabling the Muslim community to be in touch with their religion and culture.",அதே போன்று இஸ்லாம் மதம் கலாச்சாரம் ஆகியவற்றை சிறப்பான முறையில் அந்த மக்கள் மத்தியில் முன்னெடுப்பதற்கு இதன் மூலம் நடவடிக்ககைகள் மேற்கொள்ளப்படுகின்றன.
The Engineering Division contributes directly to maintaining the Corporation’s technical standards in programme production and transmission at international standards.,இலங்கை ரூபவாஹினிக் கூட்டுத்தாபனத்தின் நிகழ்ச்சிகள் தயாரிப்பு மற்றும் ஒளிபரப்பு நடவடிக்கை உயர் தர சர்வதேச தொழில்நுட்பத்தின் தரத்திற்கு அமைவாக சிறப்பாக முன்னெடுப்பதற்கான நேரடியான பங்களிப்பை இந்தப் பிரிவு வழங்குகின்றது.
"This division consists of the Master Control Room, Studios, Transmission, Maintenance, Information & Communication Technology, Power and Air Conditioning and Civil Engineering units which are further divided in to sub units based on their responsibilities.","இதற்காக பிரதான கட்டுப்பாட்டு கலையகம், கலையக கோபுரம், பராமரிப்பு, தகவல் தொடர்பாடல் தொழில்நுட்பம், மின்சாரம் மற்றும் குளிரூட்டல், சிவில் பொறியியலாளர்களைக் கொண்ட பிரிவுகளின் மூலம் இந்த நடவடிக்கைகள் பூர்த்தி செய்யப்படுவதற்கான பணிகள், விடயங்களின் வகைகளுக்கு அமைவாக உப பிரிவுகள் பலவற்றைக் கொண்டுள்ளது."
The Maintenance unit is divided into Basic Maintenance and ENG Maintenance sub units,"விசேடமாக பராமரிப்புப் பிரிவு, அடிப்படை பிரிவு மற்றும் ஈஎன்ஜி ஆகிய உப பிரிவு மூன்றையும் கொண்டுள்ளது."
Various Projects are also undertaken in addition to these.,இதற்கு மேலதிகமாக திட்டமும் தனியாக முன்னெடுக்கப்படுகின்றது.
Five studios and three outdoor transmission vehicles are utilized in the programme production process while 13 transmission stations established around the country are utilized in process.,"நிகழ்ச்சி தயாரிப்பிற்காக 05 கலையகங்களும், நடமாடும் வெளியிட ஒளிபரப்பு வாகனங்கள் மூன்றும் பயன்படுத்தப்படுவதுடன் ஒளிபரப்புக்காக நாட்டின் பல்வேறு இடங்களில் 13 கோபுரங்களும் அமைக்கப்பட்டுள்ளன."
"They are, Pidurutalagala, Deniyaya, Sooriyakanda, Hanthana, Primrose, Kirimatiya-kanda, Namunukula, Palali, Padagala, Hingulakanda, Kokavil, Bambalapitiya and Torrington Transmission station.","அந்த இடங்கள் - பீதுருதலாகல, தெனியாய, சூரியகந்த, ஹந்தான, பிரேம்ரோஸ், கிரிமெடியா கந்த, நமுனுகுல, பலாலி, பாதகல, ஹிங்குல கந்த, கொக்காவில், பம்பலபிட்டிய, டொரிங்டன் ஆகியவைகளாகும்."
The various services rendered by the units and sub-units of this Division over this year have also been given in summary from below and this Division is supervised by the Deputy Director General (Engineering).,இந்தப் பிரிவினால் ஒவ்வொரு அலகுகளினால் மேற்கொள்ளப்படும் பணிகள் பட்டியலிடப்பட்டு இங்கு காட்டப்பட்டுள்ளதுடன்  இந்தப்பிரிவு பிரதிப் பணிப்பாளர் நாயகம் (பொறியியலாளர்) கீழ் நிர்வகிக்கப்படுகின்றது.
Main Control Room,பிரதான கட்டுப்பாட்டு கலையகம்
1. The MCR received 02 NLE Adobe CS 6.0 work stations for drama editing.,1. Adobe CS 6.0 மென்பொருளுடன் ரெபீய அல்லாத இயக்க கட்டமைப்பு இரண்டு பிரதான கலையகத்தின் நாடக படத்தொகுப்பிற்காக கிடைத்தன.
2. MCR old ceiling removed and new metal ceiling installed.,2. பிரதான கட்டுப்பாட்டு கலையகத்தின் கூரையின் உட்பக்க பகுதியை (சீலிங்கை) அகற்றி புதிய உலோக சீலீங் அமைக்கப்பட்டது.
3. During Olympic Station 03 lobby was taken as a expanded studio to provide live coverage.,3. ஒலிம்பிக் போட்டி ஒளிபரப்பு காலப்பகுதியில் இலக்கம் 03 கலையகத்தை மேம்படுத்தி கலையகம் அமைத்து ஒளிபரப்பு நடவடிக்கை நேரடியாக மேற்கொள்ளப்பட்டது.
"4. Digital arching of old programmes with two new XDCAM PDW 1500 machines installed in MCR. There were 50,000 hours of Rupavahini Productions & National events to be archived, and planned to purchase more XDCAM Machines to speed the process.","4. கூட்டுத்தாபனத்திலுள்ள சுமார் 50,000 மணித்தியால தொலைக்காட்சி நிகழ்ச்சி தயாரிப்புகளையும் தேசிய முக்கியத்துவமிக்க தயாரிப்புக்களையும் நெறிப்படுத்தி டிஜிட்டல் தொழில்நுட்பம் ஊடாக XDCAM  இறுவெட்டுக்களில் (ஒலிநாடா) பதிவு செய்து சேகரிப்பதற்கான நடவடிக்கை, புதிய  XDCAM PDW  1500 ரக இயந்திரங்கள் கிடைத்தவுடன் ஆரம்பமானது."
This Project was commenced at a cost of 4.6 million and expected to expand urgently.,இந்த பணிகளை ஆரம்பிப்பதற்காக 4.6 மில்லியன் ரூபா ஒதுக்கீடு செய்யப்பட்டுள்ளது.
Studios and Outdoor Telecasts,கலையகம் மற்றும் வெளியிட ஒளிபரப்பு நடவடிக்கை
"As in the previous years, Studio 1, Studio 2, Studio 3 and Rajatha outdoor studio were facilitated to produce variety of programmes in both live telecasts and recordings. Deputy Director Engineer (Studios and Outside Broadcasting) is responsible for the Management, Operations, Maintenance and Developments of Studios under the direction of DDG (E).","கடந்த வருடத்தைப் போன்றே இவ்வருடத்திலும் கலையகம் இலக்கம் 01, 02, 03 மற்றும் ரஜத கலையகங்களிலான தயாரிப்பு நிகழ்ச்சிகளையும், வெளியிட ஒளிபரப்பு நடவடிக்கைகள் மூலம் மேற்கொள்ளப்படும் நிகழ்ச்சிகளையும்  ஒளிப்பதிவு செய்யும் பொழுது அந்த நிகழ்ச்சிகளுடன் சம்பந்தப்பட்ட பிரதிப் பணிப்பாளர் பொறியியலாளர் (கலையகம்) மற்றும் வெளியிட ஒளிபரப்பு நடவடிக்கைகளுக்கு நிர்வாக செயற்பாட்டு நடவடிக்கை பிரதிப் பணிப்பாளர் நாயகத்தின் (பொறியியலாளர்) வழிகாட்டலுக்கு அமைவாக பணிகள் மேற்கொள்ளப்படுகின்றன."
"In Studios and Outside Broadcasting unit, 05 nos. of Assistant Directors (Engineering), 36 nos. of Technical Officers and 12 nos. of Studio and Outside Broadcast Assistants have been employed in 2012.",வெளியிட ஒளிபரப்பு நடவடிக்கைகளுக்கான ஐந்து பணிப்பாளர் பொறியியலாளர்களும் 36 தொழில்நுட்ப அதிகாரிகளும் வெளியிட ஒளிபரப்புக்கான 12 உதவியாளர்களும் சம்பந்தப்பட்ட பணிகளை பூர்த்திசெய்கின்றனர்.
Following programmes were produced as block bookings using studio facilities.,கீழ் குறிப்பிட்ட நிகழ்ச்சிகள் கலையக ஒதுக்கீடு வசதிகள் அடிப்படையில் ஒளிபரப்பு நடவடிக்கை மேற்கொள்ளப்படுகின்றது.
Studio 1 -,கலையகம் 01 -
"Dawase Paththara,","நாளாந்த பத்திரிகை,"
"Vinivida, Nugasevana,","வினிவித, நுகசெவன,"
"Development Lottery Draw,","லொத்தர் சீட்டிழுப்பு,"
"Saturday Ayubowan,","சனிதாஆயுபோவன் நிகழ்ச்சிகள்,"
"Hiru Viyana,","ஹிருவியன,"
"Business World,","வியாபாரிகலோகய,"
"Ranga Bhoomi,","ரங்கபூமி,"
"Gee Sara,","கீ சர,"
"Sandurangam,","சதுரங்கம்,"
"Malima/Brinthavani,","மாலிமா/பிரிந்தமானி,"
"Sunday Spice/Eye Shuffle/Café Classis,",சண்டே ஸ்பயிஸ்/ ஐ சப்ல் / கெபே க்லெசிக்
Film City.,பிலிம் சிட்டி
Studio 2 -,கலையகம் 02-
"Lama Puwath,","சிறுவர் செய்தி,"
"Siwudesa,","சிவ்தெச,"
"Buddhist News,","பௌத்த செய்தி,"
"Vanakkam Nethra,","வணக்கம் நேத்ரா,"
"Udhaya Darisanam,","உதய தரிசனம்,"
"Arivoli,","அறிவொளி,"
"Asi Disi Puwath,","எசிதிசி புவத்,"
"Dina Asiriya,","தின அசிரிய,"
"Ulaha Valem,","உலக வலம்,"
"E-Mithuro,","ஈ-மித்துரோ,"
"Thirasara,","திரசார,"
"Namma Sunday,","நம்ம சண்டே,"
"Vilayattu Manjari,","விளையாட்டு மஞ்சரி,"
"Kreeda Visithuru,","க்ரீடா விசிதுரு,"
M 9.30,எம் 9.30.
Studio 3 -,கலையகம் 03-
"Rise and Shine,","ரயிஸ் அன்ட் சயின்,"
"Pehasaraniya,","பேஹெசரணிய,"
"Sunday Ayubowan,","இரிதா ஆயுபோவன்,"
"Haraskada,","ஹரஸ்கட,"
"National Lottery Board Draw,","தேசிய லொத்தர் சபை சீட்டிழுப்பு,"
"Rajathasara,","ரஜத சர,"
"Sanda Diya Dothak,","சந்ததிய தோதக்,"
"7 Dreams,","சிஹின ஹதக்,"
"Ira Andurupata,","இராஅந்துருபாட்ட,"
"Gee Muthu,","கீமுத்து,"
"Hurubuhuti,","ஹுருபுஹுடி,"
"Pattam Poochigal,","பட்டாம் பூச்சிகள்,"
"Puththam Putu Kaalai,","புத்தளம் பூட்டு காலை,"
"Raga Maydai,","ராக மேடை,"
"Pirai Nila,","பிறைநிலா,"
"Muthuhara,","முதுஹர,"
"Ridi reyak,","ரிதி ரெயக்,"
Rhythm Chat,ரிதம் சட்.
"In addition “Rasi Manjari”, “Nana Mihira”, “Yathirai”, “Sanda ranga Mandala”, “Daham Bima”, “Paramitha”, “Diriyata Saviyak”, “U & I English Programme” were produced as normal booking in Studios.","இதற்கு மேலதிகமாக ராசி மஞ்சரி, நென மிஹிர, யதிரே, சந்த ரங்க மடல, தாம்பீம, பாரமிதா, திரியட சவிய, யூ அன்ட் ஐ ஆகிய நிகழ்ச்சிகளுக்காக ஒதுக்கீடு செய்யப்பட்ட கலையரங்குகளில் ஒளிப்பதிவுகள் மேற்கொள்ளப்பட்டன."
This jib crane system was repaired and modified by retired cameraman working in camera unit.,மினி கிரேனுக்கான திருத்த வேலை ஓய்வு பெற்ற புகைப்படக் கலைஞரினால் மேற்கொள்ளப்பட்டது.
This has being utilized successfully and it save remarkable cash out avoiding the outsourcing of jimmy jib systems from outside suppliers.,இவ்வாறு திருத்த வேலைகள் மேற்கொள்ளப்பட்டதன் காரணமாக கூட்டுத்தாபனம் வெளியிடங்களுக்கு செலவிடும் பாரிய தொகையை சேமிக்க முடிந்தது.
"And also, after installing this, there are 05 nos. of camera has been facilitated in Studio No. 3 for programme productions.",இது ஸ்தாபிக்கப்பட்ட பின்னர் கலையகம் இலக்கம் 03ன் 05 கெமராக்களை பயன்படுத்தி நிகழ்ச்சித் தயாரிப்புக்கள் மேற்கொள்ளப்பட்டன.
Outside Broadcasting,வெளியிட ஒளிபரப்பு நடவடிக்கை
Outside Broadcasting facilities were also operated by the supervision and the direction of Deputy Director (Studio and Outside Broadcasting) under the direction of Deputy Director General (Engineering).,வெளியிட ஒளிபரப்பு நடவடிக்கைகளின் போது பிரதிப் பணிப்பாளர் நாயகத்தின் (பொறியியலாளர்) வழிகாட்டலின் கீழ் பிரதிப் பணிப்பாளர் பொறியியலாளரின் (கலையகம் மற்றும் வெளியிட ஒளிபரப்பு) மூலம் மேற்கொள்ளப்படுகின்றது.
"In 2012 also, there were lot of outside broadcasting events covered by using Outside Broadcasting  1 and Outside Broadcasting 2 and there are 66 Outside Broadcasting events have been covered","2012ம் ஆண்டில் வெளிப்புற ஒளிபரப்பு வாகனம் 01, 02 ஆகியவற்றைப் பயன்படுத்தி பாரிய அளவிலான வெளிப்புற ஒளிபரப்பு நிகழ்ச்சிகள் தயாரிக்கப்பட்டதுடன் வெளியிடங்களில் 66 ஒளிபரப்பு நிகழ்ச்சிகள் இந்த வாகனங்களை பயன்படுத்தி மேற்கொள்ளப்பட்டன."
Ranaviru Real Star,ரணவிரு ரியல் ஸ்டார்
Amadam Sisilasa,அமாதம் சிசிலச
Sunday Ayubowan,இரிதா ஆயுபோவன்
Nawam Perahera,நவம் பெரஹெர
Sport Live Programmes,நேரடி விளையாட்டு ஒளிபரப்புகள்
"Sigiriya Super Cross,",சீகிரிய சுப்பர் க்ரோஸ்
"Vijayaba Motor Race,","விஜய பா மோட்டார் வாகனப் போட்டி,"
"Air Force Motor Race,","விமானப்படை மோட்டார் வாகனப்போட்டி,"
"Fox Hill Super Cross,","பொக்ஸ் ஹில் சுப்பர் க்ரோஸ்,"
"Gajaba Super Cross,","கஜபஹா சுப்பர் க்ரோஸ்,"
"Katukurunda Motor Races,","கட்டுக்குருந்த மோட்டார் ரேஸ்,"
"Gluco Six Cricket Tournament,","குளுக்கோ மற்றும் கழக கிரிக்கட் போட்டி,"
"Youth Games,","யூத் கேம்ஸ்,"
Rupavahini Volleball.,ரூபவாஹினி கரப்பந்தாட்டம்
6. Musical Programmes,6. இசை நிகழ்ச்சி
"SMIB Samarusara Musical,","எஸ்.எம்,ஐ.பி. நினைவு இசை நிகழ்ச்சி,"
"Mahaweli Musical Show,","மகாவலி இசை நிகழ்ச்சி,"
"Kavita,","கவிதா,"
Christmas Musical Show,"நத்தார் இசை நிகழ்ச்சி,"
7. Independence Day Live,7. சுதந்திர தின நேரடி ஒளிபரப்பு
8. Sinhala and Tamil New year live,8. தமிழ் - சிங்கள புத்தாண்டு நேரடி ஒளிபரப்பு
9. Buddhabivanda vesak Programme,9. புத்தாஹி வந்தனா வெசாக் நிகழ்ச்சி
10. Nawagamuwa Perahera,10.  நவகமுவ பெரஹெர
11. Janapathi Jana Hamuwa,11. ஜனாதிபதி மக்கள் சந்திப்பு
12. Children’s Day,12. சிறுவர் தின நிகழ்ச்சி
13. Christmas Mid Night Mass,13. நத்தார் நள்ளிரவு தேவ ஆராதனை
14. Miss Ceylinco VIP,14. மிஸ் செலின்கோ வீ.ஐ.பி.
15. Deyata Kirula,15. தேசத்திற்கு மகுடம்
16. Election Result Telecast,16. தேர்தல் பெறுபேறு நேரடி ஒளிபரப்பு
17. Poya Programme,17. நோன்மதி நிகழ்ச்சிகள்
Transmission Unit,ஒளிபரப்புக் கோபுரப் பிரிவு
"1. Completed installation, testing and commissioning of digital TV transmission project for the Northern Province on February 2012.",1. 2012ம் ஆண்டில் வட மாகாணத்தில் புதிய ஒளிபரப்பு கோபுர திட்டம் முன்னெடுக்கப்பட்டதுடன் பொருத்தும் நடவடிக்கையுடன் இடம்பெற்றது
2. Provided live linking facilities for 120 nos. of outside broadcast events across the country.,2. நாடு முழுவதும் வெளி ஒளிபரப்பு நடவடிக்கைக்கான 120க்கான கோபுர வசதிகள் வழங்கியமை
3. This includes the providing of live linking facilities for Air Force Cycle Race 2012 from 15 locations for 03 days including the start and finish.,3. விமானப்படை சைக்கிள் சவாரியின் ஆரம்ப இடத்திலிருந்து முடிவடையும் வரையில் தேவையான நேரடி தொடர்புகளை 15 இடங்களிலிருந்து முன்னெடுப்பதற்கான கோபுர வசதிகளை வழங்கியமை
4. Produced a Digital Satellite news Gathering (DSNG) system for the use of satellite linking technology for outside broadcast events and the DSNG is being used for outside Broadcast events since November 2012.,4. டிஜிட்டல் செய்மதி செய்தி நடவடிக்கைகளுக்காக – (டி.எஸ்.என்.ஜி) செய்மதி  தொழில்நுட்ப வெளி ஒளிபரப்பை 2012 நவம்பர் மாதத்தில் இருந்து பயன்பாட்டிற்கு எடுத்துக் கொண்டமை
Maintenance Unit 1,பராமரிப்பு பிரிவு  1
Major Equipment repairs -  157,பிரதான உபகரண பராமரிப்பு - 157
Miscellaneous duties -  532,பல்வேறு பணிகள் - 532
OB Duties - 54,வெளியிட ஒளிபரப்பு பணிகள் - 54
Including major OBs with Slow-motion facilities,மெதுவான காட்சி வசதிகள் (Slow Motion) மற்றும்  வெளியிட ஒளிபரப்பு வாகனத்திற்கு வசதிகளை வழங்குதல்.
"Air Force Race,","விமானப்படை கார் பந்தயம்,"
"Independence Ceremony,","சுதந்திர தின வைபவம்,"
"Sigiriya Super Cross,","சீகிரிய ஓட்டப்போட்டி,"
"Boyagane Motor Cross,","போயகனே கார் பந்தயம்,"
"New Year OB Monaragala,","புத்தாண்டு வெளியிட ஒளிபரப்பு – மொனராகலை,"
"Foxhill Super Cross,","பொக்ஸ் ஹில் சுப்பர் க்ரோஸ்,"
"Asian Championship,","ஏசியன் செம்பியன்ஷிப்,"
"Bradby Shield Rugby,",ப்ரட்பி  ஷீல்ட்
"Walave Super Cross,","வலவ சுப்பர் க்ரோஸ்,"
"Minneriya Super Cross,","கஜபஹ சுப்பர் க்ரோஸ்,"
"Gajaba Super Cross,","மின்னேரிய சுப்பர் க்ரோஸ்,"
"Katukurunda Motor Cross,","கட்டுக்குருந்த மோட்டார் ரேஸ்,"
"Sumathi tele Awards,","சுமதி தொலைக்காட்சி விருது,"
National Youth Games.,தேசிய இளைஞர் விளையாட்டு
Special Assignments,விசேட திட்டங்கள்
Exhibition Stall at Dayata Kirula,தேசத்திற்கு மகுடம் கண்காட்சி கூடத்தை முன்னெடுத்தல்
Special studio preparation for Olympic in Studio,ஒலிம்பிக் விளையாட்டுப்போட்டி ஒளிபரப்புக்காக விசேட கலையகத்தை தயார் செய்தல்.
Provided the following technical facilities for studio and outside productions;,கலையகம் மற்றும் வெளியிட ஒளிபரப்புக்காக கீழ்க்கண்ட சேவைகளை வழங்கல்
PA System Setups,பொதுமக்கள் தொடர்புக் கட்டமைப்பு
Video Projector Facilities,காணொளி பல்லூடக எரி வசதி
Scan Converter Facilities,ஸ்கேன் கன்வேட்டர்
Maintenance Unit 11,பராமரிப்பு பிரிவு II
Following operations were carried out.,கீழ்க் குறிப்பிட்ட பராமரிப்பு நடவடிக்கைகள் மேற்கொள்ளப்பட்டன.
Camcorders,கேம் கோடர்
Preventive Maintenance,மறுசீரமைப்பு
Special Maintenance,விசேட பராமரிப்பு
Fault repairs,துண்டிப்பை புதுப்பித்தமை
Portable VCRs Preventive Maintenance,வி.சி.ஆர் இயந்திரத்தை பராமரித்தல்
Fault repairs,துண்டிப்பு பராமரிப்பு
Camera Lenses Fault repairs,கெமரா உபகரண பராமரிப்பு
Video Monitors Fault repairs,வீடியோ மொனிட்டர் புதுப்பித்தல்
Audio Monitors Fault repairs,ஓடியோ மொனிட்டர் புதுப்பித்தல்
Camera Power Adaptor /Chargers Fault repairs,கமராக்களின் அடெப்டர் சார்ஜ் புதுப்பித்தல்
Light Equipment Fault repairs,மின் கம்பங்களைப் புதுப்பித்தல்
Specification Preparations,குறைகளை நிவர்த்தி செய்தல்
Tender Evaluation,கேள்விப்பத்திரங்களைக் கோரல்
Acceptance Tests,உபகரணங்களை சரியான நிலையில் பொறுப்பேற்றல்
Information and Communication Technology Unit,தகவல் தொடர்பாடல் தொழில்நுட்ப பிரிவு
"Information and Communication Technology Unit managing Sri Lanka Rupavahini Corporation LAN with active & passive components including 290 computers with 90 printers with 15 servers including web server, Mail Server (with 1000 email accounts), Application Servers, Time & Attendance Server etc.","கூட்டுத்தாபனத்துக்கான உள்ளக தொடர்பாடல் வலைப்பின்னலுடன் (Local Area Network) இணைக்கப்பட்ட 290 கணணிகள் 90 அச்சு இயந்திரங்கள், 15 சேவை பணியாளர்களின் கணணிகள், இணையத்தள சேவை (வெப் சேர்வர்), மின்னஞ்சல் சேவை, பயன்பாட்டு சேவையாளர்கள் (Application Server) கைவிரல் அடையாளக் கட்டமைப்புச் சேவை (Time Attendance Server) ஆகியவற்றை முகாமைத்துவப்படுத்தல்  இப் பிரிவின் பிரதான செயற்பாடுகள் ஆகும்."
"Computer hardware Maintenance, Sri Lanka Rupavahini Corporation website (www.rupavahini.lk) development and maintenance and in-house software application development carried out by ICT staff.","கணணி வன்பொருள் முகாமைத்துவம், ரூபவாஹினிக்கான இணையத்தள உருவாக்கல் மற்றும் மென்பொருள் தயாரித்தல் ஆகியவை தகவல் தொழில்நுட்பப் பிரிவினால் இவ்வருடத்திலும் மேற்கொள்ளப்படுகின்றன."
Apart from that development & implementation of software for the live sport events were carried out.,இதற்கு மேலதிகமாக நேரடியாக விளையாட்டுப் போட்டி நிகழ்ச்சிகளை வழங்குவதற்கான மென்பொருள்களை தயாரித்தலும் செயற்பாடுத்தலும் முன்னெடுக்கப்பட்டன.
"Further, development and implementation of software for the telecast of Election results was carried out as a special task.",மேலும் விசேட பணியாக வினாவிடை நிகழ்ச்சிகளுக்கும் தேர்தல் பெறுபேறுகளை ஒளிபரப்புவதற்குமான மென்பொருட்களை தயாரிக்கும் பணிகளும் இதில் அடங்குகின்றன.
1. Upgrade the 2Mbps internet leased line to 4 Mbps.,01. ஒரு நொடிக்கு எம்.பி.2 இணையதள பிரவேச வழிக்கு ஒரு நொடிக்கு எம்.பி. 4 வரையில் செயற்பாட்டை புதுப்பித்தல்.
2. Re-launch the www.rupavahini.lk web site.,2. ரூபவாஹினி இணையத்தளத்தை புதிய வடிவமைப்பில் தயாரித்தல்
"3. On demand video streaming started with Tele Drama, News Sinhala & Tamil musical programme and special events with high quality video. Five different geographical locations mirror servers and","3. ரூபவாஹினி இணையத்தளத்தை விரும்பிப் பார்வையிடக்கூடிய உயர்தரமான படங்களை ரசிகர்கள் பார்க்கக்கூடியவகையில் உலகில் 5 நாடுகளில் சேகரிப்புகளை அமைத்தல்,"
ensure the fast contest delivery to the whole world with zero down time.,எந்தவித துண்டிப்புமின்றி இந்த சேவையைப் பெற்றுக் கொள்ளும் வகையில் தொழிநுட்பத்தை அமைத்தல்.
4. Real time video streaming of Rupavahini channel throughout the transmission.,4.	ரூபவாஹினி கோபுர நேரத்திலேயே அதனை இணையத்தளம் ஊடாக ஒளிபரப்புவதற்கு நடவடிக்கை மேற்கொள்ளல்
5. Real time video streaming of Channel Eye channel on important events.,5.	ஐ அலைவரிசையின் கோபுர நேரத்திலும் விசேட நிகழ்ச்சிகளை பல்வேறு சந்தர்ப்பங்களில் இணையத்தளத்தில் இடம்பெறுவதற்கான நடவடிக்கை மேற்கொள்ளல்
6. Making technical arrangements in order to cater the individuals who use the mobile and other device for viewing.,6.	ரூபவாஹினி கோபுர நடமாடும் தொலைபேசி மற்றும் ஏனைய நடமாடும் உபகரணங்கள் மூலம் பார்வையிடக்கூடிய வகையில் தொழில்நுட்ப நடவடிக்கைகளை மேற்கொள்ளுதல்
7. Refurbish of ICT unit started.,7.	கணணி அலகை நவீனமயப்படுத்தல்
8. Provided technical facilities for the Time & Attendance system running with Bio-Metric devices.,8.	நிறுவனத்தின் ஊழியர்களின் வருகை மற்றும் வெளியேறுதலை பதிவு செய்வதற்காக பதிவு இயந்திரங்கள் மூலம் (கைவிரல் பதிவு) தரவுகளை உள்வாங்குவதற்கான தொழில்நுட்ப முறையை தாபித்தல்
9. Sri Lanka Rupavahini Corporation LAN fiber ring upgrade as a phrase.,9.	ரூபவாஹினி உள்ளக வலைப்பின்னலை கண்ணாடி பைபர் க்லாஸ் தொழில்நுட்பத்திற்கு மாற்றுவதற்கான முதலாம் கட்டப்பணியை பூர்த்திசெய்தல்
10. User training on Microsoft Office 2010.,10.	கணணியைப் பயன்படுத்துபவர்களுக்கு ஒபிஸ் 2010 அலுவலக பணிக்காகப் பயன்படுத்தப்படும் மென்பொருள் பயிற்சியை வழங்கல்
11. New FTP facility to news room with Sri Lanka Telecom shared 100GB disk space and point to point leased line from SLT to Sri Lanka Rupavahini Corporation news room.,11.	செய்திகளை தொழில்நுட்ப ரீதியில் நிறுவனங்களால் பெற்றுக்கொள்ளக்கூடிய வகையில் டெலிகொம் நிறுவன மற்றும் ஜி.பி.100 தொடர்புகளுடனான இடவசதிகளுடன் அதன் தொடர்பைக் கொண்ட சேகரிப்பு கணணி தொழில்நுட்பத்தை ரூபவாஹினி செய்தி பிரிவிற்கு வகுத்துக்கொடுத்தல்
Power and Air Conditioning Unit,மின்சாரம் மற்றும் குளிரூட்டி பிரிவு
"This unit carried out preventive maintenance work of following systems monthly, quarterly and annually.",மின்சாரம் மற்றும் குளிரூட்டி அலகின் மூலம் மாதாந்தமும் வருடாந்தமும் கீழ்க்கண்ட கட்டமைப்புகளின் பராமரிப்புப் பணிகள் நிறைவேற்றப்பட்டுள்ளன.
Central AC Systems with related motors and power panel in ST-1 & 2 project & ST – 3 project.,"கலையகம் இலக்கம் 01, கலையகம் இலக்கம் 02, கலையகம் இலக்கம் 03 ஆகியவற்றுக்கான குளிரூட்டிக்கான மின்சாரத்தை வழங்கல்"
"AC systems in out broadcasting vehicles, OB – 1, OB -2, Head line van & slow motion bus etc.","வெளியிட ஒளிபரப்பு நடவடிக்கைக்காக ஈடுபடுத்தப்பட்டுள்ள வெளியிட ஒளிபரப்பு வாகன இலக்கம் 01, 02 ஹொட்லைன் வேன், ஸ்லோமோஷன் வாகனங்களுக்கான குளிரூட்டிகளின் பராமரிப்பு நடவடிக்கை"
"Refrigeration equipment in staff canteen,",சிற்றுண்டிச்சாலையிலுள்ள குளிரூட்டியை பராமரித்தல்
In addition to that attend 197 numbers of break downs of AC units and related equipment.,கூட்டுத்தாபனத்திற்கு உட்பட்ட 197 குளிரூட்டி இயந்திரங்களின் செயற்பாடு துண்டிப்பை சரிசெய்தல் மற்றும் பராமரிப்பு
Lay down new drain lines for each split AC units around the buildings due to request by anti dengue campaign.,டெங்கு ஒழிப்பு நடவடிக்கையின் கீழ் சகல குளிரூட்டி இயந்திரங்களுக்கான நீரைவெளியேற்றும் குழாய்களை புதிதாக பொருத்துதல்
Installation of AC units for the following units.,கீழ்கண்ட பிரிவுகள் மற்றும் அலகுகளுக்கான குளிரூட்டி இயந்திரங்களைப் பொருத்துதல் மேற்கொள்ளப்பட்டன.
"Book Library,","நூல் நிலையம்,"
"Room,","அறைகள்,"
"Education Unit,","கல்விப்பிரிவு,"
"Music Unit,","இசை அலகு,"
"News section,","செய்திப்பிரிவு,"
"Marketing Division,","சந்தைப்படுத்தல் பிரிவு,"
"UPS room in Deniyaya Tx.Station,",தெனியாய கோபுரத்தின் யூ.பி.எஸ்.அறை
"Drivers room in Kokavil Tx. Station,",கொக்காவில் கோபுரத்தின் சாரதியின் அறை
2D & 3D Animation studio,இரு பரிமாண மற்றும் முப்பரிமாண நேரடி கலையரங்கு
Main Control room,பிரதான கட்டுப்பாட்டு கலையரங்கம்
Civil Engineering Unit,சிவில் பொறியியலாளர் பிரிவு
Rebuilt the toilet of Engineering Division.,பொறியியலாளர் பிரிவில் உள்ள கழிவறையை மாற்றுதல் மற்றும் புதுப்பித்தல்
Repaired the drains of Studio complex.,கலையக கட்டிட கான்களின் தொகுதியை புதுப்பித்தல்
Supplied furniture to the Maintenance Unit .,பராமரிப்பு பிரிவுக்கான தளபாடங்களை விநியோகித்தல்
Renovated the Main Control Room.,பிரதான கட்டுப்பாட்டு கலையகத்தின் புதுப்பித்தல் நடவடிக்கை
Renovated the 2D & 3D Animation Studio,இரு பரிமாண மற்றும் முப்பரிமாண நேரலை கலையகத்தில் புதுப்பித்தல் நடவடிக்கை
Supplied Furniture to 2D & 3D Animation Studio.,இரு பரிமாண மற்றும் முப்பரிமாண நேரலை கலையகத்திற்கான தளபாடங்களை விநியோகித்தல்
Supplied furniture to Music Unit.,இசை அலகுக்கான தளபாடங்களை விநியோகித்தல்
Fixed the ceiling of Make-up Unit.,ஒப்பனை அலகுக்கான சீலிங்கை பொருத்தல்
Renovated IT Unit,தகவல் தொழில்நுட்ப பிரிவினை புதுப்பித்தல் நடவடிக்கை
Repaired inner roads of Sri Lanka Rupavahini Corporation premises,ரூபவாஹினி கூட்டுத்தாபன வளவில் உள்ளக வீதியைப் புதுப்பித்தல்
"The Marketing Division operates under the purview of Deputy Director General (Marketing) and in order to carry out its functions efficiently, the Marketing Division is divided into following main units:","சந்தைப்படுத்தல் பிரிவு, பிரதி பணிப்பாளர் நாயகம் (சந்தைப்படுத்தல்) இன் கீழ் இயங்கிவருகின்றது. முகாமைத்துவ வசதிக்காக பின்வரும் அலகுகளை கொண்டுள்ளது."
Administration unit,நிர்வாகப் பிரிவு
Marketing unit,சந்தைப்படுத்தல் பிரிவு
Scheduling  unit,ஆவண பிரிவு
Marketing Promotion unit,சந்தைப்படுத்தல் ஊக்குவிப்புப் பிரிவு
Recovery unit,அறவீட்டுப் பிரிவு
Publicity and Media unit,விளம்பர மற்றும் ஊடகப் பிரிவு
Commercial Production  unit,சந்தைப்படுத்தல் நிகழ்ச்சிகளை தயாரிக்கும் பிரிவு
The following special programs were instrumental in the increase in earnings in 2012,2012ம் ஆண்டில் வருமானத்தை அதிகரிப்பதற்காக கீழ்கண்ட விசேட நிகழ்ச்சிகள் பங்களிப்புச் செய்துள்ளன.
Sinhala & Hindu New Year programs,சிங்கள மற்றும் தமிழ்ப் புத்தாண்டு
Vesak /Poson Celebrations,வெசாக் / பொசன் நிகழ்ச்சி
Women’s Day program,மகளிர் தினம்
Oshin,ஒசின்
Sujatha Diyaniya,சுஜாத்த தியனிய
Children’s Day,சிறுவர் தினம்
The Ranaviru Real Star reality TV program,றணவிரு ரியல்ஸ்டார் நிகழ்ச்சி
Motor Racing Events,கார் பந்தயம்
The unit was able to generate additional income as indicated below by organizing and telecasting promotional programs for clients and also from various sponsorships.,வாடிக்கையாளர்களின் ஊக்குவிப்பு நிகழ்ச்சிகளை விளம்பரப்படுத்தல் மற்றும் பல்வேறு ஊடக அனுசரனைகளைப் பெற்wதன் மூலம் மேலதிக வருமானம் பெறப்பட்டுள்ளது.
Sinhala & Hindu New Year Programme,சிங்கள மற்றும் தமிழ் புத்தாண்டு
"This year too, the print media was used to promote all channels and also to give publicity to various programs being telecast, through the Publicity and Media Unit.",கடந்த வருடங்களைப் போன்று 2012ம் ஆண்டிலும் அலைவரிசை மேம்பாடு மற்றும் ரூபவாஹினி நிகழ்ச்சிகளின் விளம்பரத்திற்காக அச்சு ஊடகம் மூலம் விளம்பர நடவடிக்கைகளும் ஊடக பிரிவினால் முன்னெடுக்கப்பட்டன.
"The companies engaged for this purpose on contract basis are,",இதற்காக கீழ்க் கண்ட நிறுவனங்களுடனான உள்ள வர்த்தக உடன்படிக்கையில் விளம்பரங்கள் வெளியிடப்பட்டன
Lake House,லேக்ஹவுஸ் நிறுவனம்
Upali Newspapers,உபாலி பத்திரிகை நிறுவனம்
Sumathi Newspapers,சுமதி பத்திரிகை நிறுவனம்
Rivira Media (Pvt) Ltd.,ரிவிர மீடியா தனியார் நிறுவனம்
"Aiming at increasing the viewership, advertisements were published through these organizations according to a proper plan, throughout the year in Sinhala, Tamil and English languages.","வருடம் முழுவதும் முறையான திட்டத்தின் கீழ் சந்தை ஊக்குவிப்பு மற்றும் ரசிகர்களின் எண்ணிக்கையை அதிகரிப்பதற்காக இந்த விளம்பரங்கள் சிங்களம், ஆங்கிலம் மற்றும் தமிழ் மொழி ஊடகங்களில் வெளியிடப்பட்டன."
The Scheduling Unit supports the Marketing Division to fulfil their income targets by proper scheduling and telecasting of advertisements obtained from clients through healthy relationships.,வாடிக்கையாளர் நிறுவனங்களுடன் தொடர்புகளை முன்னெடுத்ததன் மூலம் வாடிக்கையாளர்களிடமிருந்து பெறப்படும் வர்த்தக விளம்பரம் சரியான முறையில் நிகழ்ச்சி நிரலின் கீழ் ஒளிபரப்புவதற்கான நடவடிக்கைகளை மேற்கொண்டு குறிப்பிட்ட வருமான இலக்கை பூர்த்திசெய்வதற்கு ஒத்துழைப்பு வழங்குவது துணை ஆவண காப்பகப் பிரிவின் பணியாகும்.
"The Scheduling Unit has scheduled 389,879 commercials during 2012.","2012ம் ஆண்டில் பிரிவின் மூலம் 389,879 விளம்பரங்கள் நிகழ்ச்சி நிரல்படுத்தப்பட்டன"
"The Marketing Programs Production Unit continued to produce the popular Lotteries Program, “Hiru Wiyana”, and other promotional programs for its clients while producing trailers and commercial tagging in order to give publicity for programs.","லொத்தர் நிகழ்ச்சிகள், ஹிருவியன, வாடிக்கையாளர் மேம்பாட்டு நிகழ்ச்சிகளும் ஏனைய சந்தைப்படுத்தல் நிகழ்ச்சிகளின் தயாரிப்புக்களும் அந்தந்த நிகழ்ச்சிகளுக்கான முழுமையான விளம்பர நாடாக்களை தயாரித்தலும் சந்தைப்படுத்தல் நிகழ்ச்சி தயாரிப்புப் பிரிவினால் மேற்கொள்ளப்படுகின்றது."
"Further, the Marketing Production Unit was responsible for producing national events and musical programs on client base. The number of Lottery Draw programs produced daily by the unit was 1404 annually.",மேலும் நாளாந்த லொத்தர் சீட்டிலுப்பு நிகழ்ச்சி தயாரிப்பு நடவடிக்கைகள் மேற்கொள்ளப்படுவதுடன் வருடத்தில் சீட்டிலுப்பு நிகழ்ச்சிகள் 1404 தயாரிக்கப்பட்டன.
"In the year 2012, the Sinhala & Hindu New Year event was held covering (09 provinces) the entire island and it included cycling, Avurudu Kumari contest and Elle as well.","2012ம் ஆண்டில் தமிழ் சிங்கள புத்தாண்டு நிகழ்ச்சிக்காக 9 மாகாணங்களையும் உள்ளடக்கிய வகையில் 9 நிகழ்ச்சிகள் நடத்தப்பட்டதுடன் இவற்றில் சைக்கிள் ஓட்டப்போட்டி, அழகுராணி, எல்லே போட்டி ஆகியன அடங்கி இருந்தன."
The final event was held under the theme ‘Sirilaka Piri Avurudu Siri Rupavahini Avurudu Udanaya 2012’ in Monaragala and captured the highest viewership in comparison with the events organized by the other channels during the April season.,இந்தப் போட்டிகளின் வெற்றியாளர்களை பங்கு கொள்ளச் செய்து “சிறிலக்க சிறி ரூபவாஹினி அவுருது உதானய 2012” என்ற நிகழ்ச்சி மொனராகலை நகரசபை விளையாட்டு மைதானத்தில் நடாத்தப்பட்டது.
This was recorded in the television history as the first ever program that covered all 09 provinces of the island.,ரூபவாஹினி வரலாற்றில் முதல் முறையாக தமிழ் சிங்கள புத்தாண்டு வைபவம் 9 மாகாணங்களை தொடர்புபடுத்தி நடத்தப்பட்டமை இதுவே முதலாது சந்தர்ப்பமாகும்.
"All the administrative functions of the Sri Lanka Rupavahini Corporation were carried out by the Administration Division under the guidance and direction of the Sri Lanka Rupavahini Corporation Chairman,",கூட்டுத்தாபனத்தில் அனைத்து நிர்வாக அலுவல்களும் தலைவரின் கவனத்திற்கு உட்பட்டதாக நிர்வாகப்பிரிவினால் மேற்கொள்ளப்படுகின்றது.
The Division was headed by the Director (Administration).,நிர்வாகப்பிரிவு பணிப்பாளர் (நிர்வாகம்) கீழ் நிர்வகிக்கப்படுகிறது.
Administration Unit,நிர்வாக பிரிவு
Public Relations Unit,பொதுமக்கள் தொடர்பாடல் பிரிவு
Reception Unit,வரவேற்புப் பிரிவு
Record Room,ஆவண காப்பகம்
Transport Unit,போக்குவரத்து பிரிவு
Security Unit,பாதுகாப்பு பிரிவு
Research and Training Unit,ஆய்வு மற்றும் பயிற்சி பிரிவு
Legal Administration Unit,சட்ட நிர்வாகப் பிரிவு
Internal Audit Unit,உள்ளக கணக்காய்வு அலகு
Category of Employees,சேவை அடிப்படையில்
No of Employees,ஊழியர்களின் எண்ணிக்கை
Permanent Staff,நிரந்தர பணியாளர் சபை
Employees work on Contract Basis,ஒப்பந்த பணியாளர் சபை
Employees work on Assignment Basis,சேவை பொறுப்பு வழங்கப்பட்ட பணியாளர் சபை
Total employees,மொத்த ஊழியர்களின் எண்ணிக்கை
Approved No of Employees,அங்கீகரிக்கப்பட்ட ஊழியர்களின் எண்ணிக்கை
The details of the employees Recruited,2012ம் ஆண்டில் சேவையில் இணைத்துக்கொள்ளப்பட்டோர்
On permanent basis,நிரந்தர அடிப்படையில்
On contract basis,ஒப்பந்த அடிப்படையில்
Total no of Recruited,மொத்தமாக இணைத்துக் கொள்ளப்பட்டோர்
Number of employees retired,ஓய்வு பெற்ற ஊழியர்களின் எண்ணிக்கை
Number of employees resigned,பதவி விலகிய ஊழியர்களின் எண்ணிக்கை
Insurance Covers,காப்புறுதி பலன்கள்
"The Sri Lanka Rupavahini Corporation entered into an agreement with the Sri Lanka Insurance Corporation to cover the Medical Insurance, Fire Insurance, and all Accidental Insurance Schemes From 1st January 2012 to 31st December 2012.","2012ம் ஆண்டு ஜனவரி மாதம் 1ம் திகதியிலிருந்து டிசம்பர் 31ம் திகதி வரையில் நடைமுறைப்படுத்தப்பட்ட இலங்கை காப்புறுதிக் கூட்டுத்தாபனத்துடன் செய்து கொள்ளப்பட்ட ஒப்பந்தத்திற்கு அமைவான வைத்திய காப்புறுதி, தீ காப்புறுதி மற்றும் அனைத்துப் பாதுகாப்புக் காப்புறுதிகளாகும்."
Hospitalization and Surgery Insurance Covers,வைத்திய சாலை மற்றும் சத்திரசிகிச்சைக் காப்புறுதி
"(Bills issued for hospitalization, spectacles and OPD consultations were paid)","(தங்குமிட வைத்தியசாலை பற்றுச்சீட்டு, வெளி நோயாளர் வைத்தியசாலை பற்றுச்சீட்டு, மூக்குக்கண்ணாடி பற்றுச்சீட்டு)"
Serious Illness Insurance,கடுமையான நோயாளர் காப்புறுதி
Accident Insurance,திடீர் விபத்துக்காப்புறுதி
Fire and all other Risk Insurance,தீ காப்புறுதி மற்றும் அனைத்துப் பாதுகாப்புக் காப்புறுதித் துறைகளும் உள்ளடங்கியுள்ளன.
Purpose of the foreign tour,வௌிநாட்டுப் பயண வாய்ப்புகள்
No. of Participants,கலந்துகொண்ட அலுவலர்களின் எண்ணிக்கை
Training programs,பயிற்சிப் பாடநெறிகள் மற்றும் ஆய்வுச் சுற்றுலா
Meetings and Seminars,"கூட்டங்கள், மாநாடுகள் மற்றும் கருத்தரங்குகள்"
Official tours and Head of States event coverage,உத்தியோகபூர்வ விஜயம் மற்றும் அரசதலைவர் தொடர்பிலான நடவடிக்கைகள்
Special Projects in 2012,2012ம் ஆண்டில் மேற்கொள்ளப்பட்ட விசேட திட்டங்கள்
A scheme to restructure the Sri Lanka Rupavahini Corporation organization was undertaken in order to streamline the recruitment process and the promotion scheme.,"நிறுவன கட்டமைப்பை மறுசீரமைப்பு செய்தமை, ஆட்களை இணைத்துக்கொள்ளும் நடைமுறை, பதவி உயர்வுக்கான நடைமுறைத்திட்டம் ஆரம்பிக்கப்பட்டதுடன் இத்திட்டம் தொடர்ந்தும் முன்னெடுக்கப்பட்டு வருகிறது"
Organizing of the “Sewa Prabha 2012” ceremony which was held to appreciate and felicitate the Sri Lanka Rupavahini Corporation employees who won awards at the National and International Television Award Ceremonies.,இலங்கை ரூபவாஹினித் கூட்டுத்தாபனத்தில் பல்வேறு துறைகளை பிரதிநிதித்துவப்படுத்தி உள்நாட்டு வெளிநாட்டு விருதுகளைப் பெற்ற ஊழியர்களை பாராட்டுவதற்காக நடத்தப்படும் ஊழியர் கௌரவிப்பு விருது விழா – சேவைபாராட்டு 2012
The project of Corporate Plan for the period of year 2013 – 2017 was successfully completed and released.,இலங்கை ரூபவாஹினிக் கூட்டுத்தாபனத்துக்காக 2013 – 2017 வரையிலான காலப்பகுதிக்கான திட்டமொன்றை வகுப்பதற்கான ஆய்வு பூர்த்தி செய்யப்பட்டு இறுதித்திட்டம் வெற்றிகரமாக வெளியிடப்பட்டது.
Anniversary Celebrations and Events,ஆண்டு நிறைவு வைபவ நடவடிக்கை
"In line with Sri Lanka Rupavahini Corporation’s 30th Anniversary, an Awarding Ceremony was organized for the staff members of Sri Lanka Rupavahini Corporation, who have completed a service of over 25 years",2012ம் ஆண்டில் இடம்பெற்ற ரூபவாஹினியின் 30வது ஆண்டு நிறைவை முன்னிட்டு 25 வருட காலத்திற்கும் மேற்பட்ட சேவைக்காலத்தை பூர்த்தி செய்த ஊழியர்களை பாராட்டும் முகமாக ஞாபக நினைவுச் சின்னங்கள் வழங்கப்பட்டன
The nnnual Pirith Ceremony and the Alms Giving were organized on 14th and 15th February as part of the Anniversary Celebrations.,ஒவ்வொரு வருடமும் ஆண்டு நிறைவு வைபவத்தை முன்னிட்டு நடத்தப்படும் பிரித் பிங்கம மற்றும் தான பிங்கம நிகழ்வுகள் பெப்ரவரி மாதத்தில் 14ம் 15ம் திகதிகளில் நடத்தப்பட்டமை
Employees who completed 20 years of service at the Sri Lanka Rupavahini Corporation were presented with gold tokens in appreciation on 2nd May 2012.,20 வருடகால சேவையைப் பூர்த்தி செய்த கூட்டுத்தாபன ஊழியர்களுக்காகதங்கப்பதக்கம் வழங்கல் (2012.05.02)
"Joining with the Recreation Club of Sri Lanka Rupavahini Corporation, organized the Annual New Year Festival for Sri Lanka Rupavahini Corporation Staff.",ரூபவாஹினி கூட்டுத்தாபன ஊழியர்களின் பங்களிப்புடன் வருடாந்த புத்தாண்டு வைபவம் விளையாட்டுக் கழகத்துடன் இணைந்து ஏற்பாடு செய்தமை
Public Relations and Reception Unit,பொதுமக்கள் தொடர்பு மற்றும் வரவேற்பு பிரிவு
"In order to make Sri Lanka Rupavahini Corporation popular, this unit has ensured providing the children who visit the Rupavahini Corporation with proper knowledge and sending letters to the Principals about the must-watch programmes for children.",ரூபவாஹினி தொலைக்காட்சி சேவையை பாடசாலைகளுக்கிடையில் பிரபல்யப்படுத்துவதற்காக ரூபவாஹினியை பார்வையிடுவதற்காக வரும் பாடசலை மாணவர்களுக்குத் தெளிவுபடுத்துவதற்கும் அந்தப் பாடசாலை அதிபர்களுக்கு நிகழ்ச்சிகளை தெளிவுபடுத்தும் (விசேடமாக சிறுவர்களினால் பார்க்கக்கூடிய) வகையிலான ஆவணங்களை விநியோகித்தல்.
The number of letters posted to schools within this year totaled to 709.,இந்த வருடத்தில் கூட்டுத்தாபனத்தைப் பார்வையிட்ட 709 பாடசாலைகளுக்கு கடிதங்கள் அனுப்பிவைக்கப்பட்டன.
The programs organized by the Public Relations Unit include:,பொதுமக்கள் தொடர்புப் பிரிவு மூலம் ஏற்பாடு செய்யப்பட்ட நிகழ்ச்சிகள்
A medical camp with specialists (Doctors) for the Sri Lanka Rupavahini Corporation Staff in association with Colombo General Hospital and Health Ministry.,கொழும்பு பெரியாஸ்பத்திரி சுகாதார அமைச்சுடன் இணைந்து கூட்டுத்தாபன ஊழியர்களுக்காக விசேட வைத்திய சிகிச்சை நடத்தப்பட்டது.
The Unit conducted an Ayurvedic medical camp for Sri Lanka Rupavahini Corporation staff in association with Ministry of Indigenous Medicines.,சுதேசமருத்துவ அமைச்சுடன் கூட்டுத்தாபன ஊழியர்களுக்காக ஆயூர்வேத வைத்திய சேவை நடத்தப்பட்டது.
Special projects conducted to destroy dengue in association with Colombo Municipal Council.,டெங்கு ஒழிப்புக்காக கொழும்பு மாநகர சபையுடன் இணைந்து விசேட திட்டம் முன்னெடுக்கப்பட்டது.
The Unit organized a clinic to distribute spectacles among the staff free of charge.,இலவசமாக மூக்குக் கண்ணாடிகளை வழங்கும் நிவாரணசேவை நடாத்தப்பட்டது.
The Unit opened Milco Rupavahini Welfare outlet.,மில்கோ ரூபவாஹினி விற்பனை கூடத்தை திறத்தல்
"(This project was put into action under the assistance of Chairman of Milco and intervention of Sri Lanka Rupavahini Corporation Welfare Society and his outlet was opened as another canteen where the staff could buy milk, short eats and other similar food items.)","(கூட்டுத்தாபனத்திற்குள் பெருங்குறைபாடாக இருந்துவந்த கூட்டுத்தாபன ஊழியர்களுக்கான சிற்றுண்டி உணவு, பானங்களை வழங்குவதற்காக இரண்டாவது சிற்றுண்டிச்சாலையொன்று கூட்டுத்தாபனத்தின் அல்லது சேமநல சங்கத்தின் செலவின்றி மில்கோ நிறுவனத்தின் செலவில் ஆரம்பிக்கப்பட்ட மில்கோ ரூபவாஹினி சேமநல விற்பனை நிலையம் எமது தலையீட்டுடன் மில்கோ தலைவரின் ஒத்துழைப்பைப் பெற்று அமைக்கப்பட்டது.)"
"Providing transport as requested by news and program recordings, visiting locations and visiting relay centres outside Colombo and providing transport for other daily duties of the Sri Lanka Rupavahini Corporation are the main functions of this unit.","இலங்கை ரூபவாஹினிக் கூட்டுத்தாபனத்தின் நாளாந்த போக்குவரத்து பணியான செய்தி ஒளிப்பதிவு, நிகழ்ச்சி ஒளிப்பதிவு, ஆய்வு நடவடிக்கை மற்றும் கொழும்புக்கு அப்பாலுள்ள மறு ஒளிபரப்பு மத்திய நிலையங்களின் தேவைக்கு அமைவான போக்குவரத்து வசதிகளை வழங்குதலும் கூட்டுத்தாபனத்தின் ஏனைய பணிகளுக்கான போக்குவரத்து வசதிகளை வழங்குவதும் இந்த பிரிவின் முக்கிய கடமைகளாகும்."
59 employees are attached to this unit which is managed by two Transport Officers.,போக்குவரத்து அதிகாரிகளின் கண்காணிப்பின் கீழ் செயற்படும் இந்த பிரிவில் 59 பணியாளர்கள் இருக்கின்றார்கள்.
"Along with the 43 vehicles which belong to the Sri Lanka Rupavahini Corporation fleet, another 10 more vehicles were hired to ensure uninterrupted service.",ரூபவாஹினிக் கூட்டுத்தாபனத்திற்கு சொந்தமான 43 வாகனங்களும் குத்தகை அடிப்படையில் பெறப்பட்ட 10 வாகனங்களையும் பயன்படுத்தி மேலே குறிப்பிட்ட தேவைகளைப் பூர்த்திசெய்வதற்கு நடவடிக்கை மேற்கொள்ளப்பட்டது.
"The total mileage of travel undertaken by the Sri Lanka Rupavahini Corporation Transport Unit in the year 2012 was 1,579,976 km. out of which 1,178,120 km were covered by Corporation’s vehicles, and 401,856 km were covered by the hired vehicles.","இதற்கமைவாக கூட்டுத்தாபனம் வருடத்தில் மேற்கொண்ட மொத்த போக்குவரத்துத் தூரம் 1,579,976 km ஆகும். இதில் 1,178,120 km தூரம் கூட்டுத்தாபன  வாகனங்களின் மூலமும் 401,856 km தூரம் தனியார் வாகனங்கள் மூலமும் போக்குவரத்து நடவடிக்கைகள் முன்னெடுக்கப்பட்டுள்ளன."
"When compared to the mileage of last year, this year shows a duduction of 79145 km.","இவற்றை கடந்த வருடத்தத்துடன் ஒப்பிடுகையில் 79,145 km குறைவானதாகும்."
80% of vehicle repairs were successfully completed within the Sri Lanka Rupavahini Corporation garages which ensured that the repairs were done properly while saving costs.,கூட்டுத்தாபன வாகனங்களின் திருத்த வேலைகளுக்காக 80% மானவை கூட்டுத்தாபனத்தின் கராஜ்ஜில் மேற்கொள்ளப்பட்டமை விசேட அம்சமாகும். இதன் மூலம் பணத்தையும் சேமிப்பதற்கும் முடிந்துள்ளது.
03 employees were newly recruited for the Garage.,கூட்டுத்தாபன கராஜிற்கு புதிதாக 03 ஊழியர்கள் சேவையில் இணைத்துக் கொள்ளப்பட்டனர்.
"The service of the Army forces, private security as well as the security officers of Sri Lanka Rupavahini Corporation is taken to fulfil the services.","இராணுவம், தனியார் பாதுகாப்புப் பிரிவினர் மற்றும் கூட்டுத்தாபன பாதுகாப்பு ஊழியர்களின் சேவைகளைப் பெற்று நாளாந்தம் 24 மணித்தியாலமும் கூட்டுத்தாபன அலுவலக சபையினதும் நிறுவனத்தின் சொத்துக்களைப் பாதுகாப்பதற்கும் நிறுவனத்தின் ஒழுக்கத்தை முன்னெடுப்பதற்குமான நடவடிக்கைகள் மேற்கொள்ளப்படுகின்றன."
Also this unit has the responsibility to keep the premises clean with the assistance of BMES institute.,BMES நிறுவனத்தின் ஊழியர்களின் ஒத்துழைப்புடன் கூட்டுத்தாபனத்தின் கட்டிடங்களும் வளவையும் துப்புரவாக வைத்துக்கொள்வதற்காக நாளாந்தம் மேற்கொள்ளப்படும் பணி சரியான முறையில் முன்னெடுக்கப்படுகின்றதா என்பதையும் கண்டறிவதாகும்.
Legal Administration Unit,நீதி நிர்வாக பிரிவு
Number of cases filed by Sri Lanka Rupavahini Corporation during the year 2012,2012ம் ஆண்டில் கூட்டுத்தாபனத்தினால் பல்வேறு நீதிமன்றங்கள் மூலம் முன்னெடுக்கப்பட்ட சட்ட நடவடிக்கைகள்
Commercial High Court,வர்த்தக நீதிமன்றம்
High Court Civil Appeals,சிவில் நீதிமன்றம்
District Court,மாவட்ட நீதிமன்றம்
Magistrate Court,நீதவான் நீதிமன்றம்
Number of cases filed against Sri Lanka Rupavahini Corporation during the year 2012,2012ம் ஆண்டில் கூட்டுத்தாபனத்திற்கு எதிராக பல்வேறு நீதிமன்றங்களில் தொடுக்கப்பட்ட  வழக்குகள்
Supreme Court,உயர் நீதிமன்றம்
Labour Commissioner,தொழில் ஆணையாளர்
The progress the Sri Lanka Rupavahini Corporation achieved during the year 2012,2012ம் ஆண்டில் கிடைக்கப்பெற்ற பெறுபேறு
Some of the cases filed against Sri Lanka Rupavahini Corporation were settled in 2012.,மேற்குறிப்பிட்ட வழக்குகளில் கூட்டுத்தாபனத்திற்கு எதிராக தாக்கல் செய்யப்பட்ட வழக்குகளில் சில வழக்குகள் 2012ம் ஆண்டில் தீர்க்கப்பட்டன.
"In addition, advertisers such as Admasters, Prime Ads, Grassroot (Pvt) Ltd and Srimal advertising came to an agreement with Sri Lanka Rupavahini Corporation to settle the money they owed on installment basis.","மேலும் ஹெட்மாஸ்டர் நிறுவனம் பிரைம் எட்ஸ், கிராஸ்ரூட் ஆகிய தனியார் நிறுவனங்கள் சிறிமால் அட்வரைஸிங் நிறுவனம் போன்றவை கூட்டுத்தாபனத்துடன் உடன்பாட்டிற்கு வந்ததுடன் தவணை அடிப்படையில் தொகையை செலுத்தி வருகின்றன."
Internal Audit Unit,உள்ளக கணக்காய்வு பிரிவு
The duties covered during the year 2012,2012ம் ஆண்டில் மேற்கொள்ளப்பட்ட பணிகள்
Number of Audit checks conducted - 12,வெளியிடப்பட்ட கணக்காய்வு மதிப்பீட்டுகளின் எண்ணிக்கை பன்னிரெண்டு
Number of Audit reports submitted - 10,வெளியிடப்பட்ட கணக்கறிக்கைகளின் எண்ணிக்கை பத்து
Number of special reports submitted to Chairman - 24,தலைவருக்கான விசேட அறிக்கைகள் இருபத்தினான்கு வெளியிடப்பட்டுள்ளன.
The Research & Training Unit perform their duties under the direct supervision of Director General and its administration handled by the Administration Unit.,ஆய்வு மற்றும் பயிற்சி அலகு பணிப்பாளர் நாயகத்தின் நேரடிக் கண்காணிப்பின் கீழ் செயல்படுவதுடன் நிர்வாக நடவடிக்கைகள் நிர்வாகப் பிரிவினால் நிறைவேற்றப்படுகின்றன.
At a time when there is challenging competition among the rival television stations to capture the highest possible viewership it is very important to produce quality programs in order to increase the revenue. The Research and Training Unit is responsible for providing the training required to develop the Corporation’s human resources and technological abilities.,"போட்டிமிக்க தொலைக்காட்சி ஊடக கலாச்சாரத்திற்கு மத்தியில் ரசிகர்களின் ஆழமான ஈடுபாட்டை மேம்படுத்துவதற்காகவும் தரமான நிகழ்ச்சிகளை தயாரிப்பதற்காகவும், நிறுவனத்தின் வருமானத்தை அதிகரிப்பதற்காகவும் நிறுவனத்தின் மனித வளத்தை மேம்படுத்துவதற்காகவும் பயிற்சிக்கான தேவைகளை அடையாங்கண்டு அவற்றை முன்னெடுக்கும் பணி இந்த பிரிவினால் மேற்கொள்ளப்படுகின்றது."
Training programs,பயிற்சி நிகழ்ச்சிகள்
No.of Programs,நிகழ்ச்சிகளின் எண்ணிக்கை
No. of Participants,பங்குபற்றியவர்களின் எண்ணிக்கை
Local – Training Programs,உள்ளுர் - பயிற்சி நிகழ்ச்சிகள் (உள்ளக)
Local – External Training Programs,உள்ளுர் - வெளியிட பயிற்சி நிகழ்ச்சிகள்
Training programs conducted in collaboration with foreign training institutions,வெளிநாட்டு பயிற்சி நிறுவனங்களுடன் இணைந்து மேற்கொள்ளப்பட்ட பயிற்சி நிகழ்ச்சிகள்
"As per the agreement between France’s CFI institute and the Sri Lanka Rupavahini Corporation, it was initially scheduled to provide expertise only for 02 workshops.",பிரான்ஸ் சி.எப்.ஐ நிறுவனத்துடன் கையெழுத்திடப்பட்ட ஒப்பந்தத்திற்கு அமைவாக இரண்டு செயல் அமர்வுகளுக்காக வள பங்களிப்பை வழங்குவதற்கு உடன்பட்டிருந்த போதிலும்
"Due to our special request from us, the number of workshops was increased to 03.",எமது கோரிக்கைக்கு அமைவாக அதனை மூன்றாக அதிகரிக்க முடிந்தது.
Accordingly a 02 week workshop for children’s programs was organized after 20 years and all the staff of children’s unit took part in it.,இதற்கமைவாக 20 வருடங்களுக்குப் பின்னர் சிறுவர் நிகழ்ச்சி தயாரிப்பு தொடர்பாக இருவார செயலமர்வு ஒன்று ஏற்பாடு செய்யப்பட்டதுடன் இதில் சிறுவர் அலகின் அனைத்து தயாரிப்பாளர்களும் கலந்து கொண்டனர்.
This is a fulfilment of the Corporation’s objective for Children’s programs in 2013.,2013ம் ஆண்டில் நிறுவனத்தின் அடிப்படை இலக்கான சிறுவர் நிகழ்ச்சிகளின் வளர்ச்சியை அர்த்தப்படுத்தும் அடிப்படை நடவடிக்கையாக இதனை அடையாளப்படுத்த முடியும்.
Research,ஆய்வு
Several numbers of Special surveys were done despite the data analysis of LMRB.,எல்.எம்.ஆர்.பி ஆய்வு தரவுகளின் மதிப்பீடுகளுக்கு மேலதிகமக விசேட ஆய்வுகள் பல மேற்கொள்ளப்பட்டன.
"In this context it is prominent that we gather the ideas from the staff members as a solution for the problems such as the strategies taken for program standardization, identifying the problems experiencing by the management as well as the staff members and planning the remedies in order to solve such problems   in future.","இந்த நிகழ்ச்சிகளின் தரத்திற்கு தேவையான நடவடிக்கை மேற்கொள்ளல் மற்றும் எதிர்காலத்திட்டத்தை வகுப்பது போன்று முகாமைத்துவம், ஊழியர் பிரச்சினைகளை அடையாளங்காணுதலும் அந்த பிரச்சினைகளுக்குத் தீர்வு   காண்பதற்காக மேற்கொள்ளப்பட்ட ஊழியர்களின் கருத்துக்களை பெற்றுக்கொள்வது ஆகியன ஆய்வுகளில் முக்கிய இடம் பெற்றன."
The collected ideas had been considered for the 05 year action plan.,இந்த ஆலோசனைகள் எதிர்வரும் ஐந்து வருட திட்டத்திற்காக கவனத்திற்கொள்ளப்பட்டன.
Another special survey was done on children programmes of Sri Lanka Rupavahini Corporation based on World Children’s Day.,சர்வதேச சிறுவர் தினத்தை அடிப்படையாகக் கொண்டு தேசிய தொலைக்காட்சி சிறுவர் நிகழ்ச்சிகள் குறித்து மேற்கொண்ட ஆய்வு மற்றுமொரு முக்கிய நிகழ்வாகும்.
"Although here was 91.5% tremendous growth of the viewership for the children programs, according to the results of the survey, it is very clear this growth depended on cartoons & dubbed programs.",இந்த ஆய்வின் பெறுபேற்றுக்கு அமைவாக தேசிய தொலைக்காட்சி சிறுவர் நிகழ்ச்சிகளை பார்வையிடுவோரின் எண்ணிக்கையில் 91.5% வீதமான அதிகரிப்பை காணமுடிந்த போதிலும் கேலிச் சித்திரங்கள் மற்றும் குரல் பதிவு நிகழ்ச்சிகள் மூலமே இதனை தக்கவைத்துக் கொள்ள முடிந்ததுள்ளமை தெளிவானது.
It was also revealed that children did not possess any specific program of any channel in their mind as preference.,நிறுவன மட்டத்தில் தயாரிக்கப்படும் நிகழ்ச்சிகளில் சிறுவர்கள் மனதில் ஒன்றிணைந்த நிகழ்ச்சிகளில் எந்தவொரு நிகழ்ச்சியும் இடம்பிடிக்கவில்லை என்பது இதன்மூலம் உறுதியானது.
The total airtime that the National Channel telecast in 2012 amounted to 7283.7 hours.,2012ம் ஆண்டில் தேசிய அலைவரிசையில் மொத்த ஒளிபரப்பு நேரம் 7283.7 மணித்தியாலங்களாகும்.
From this amount 6014.3 hours were used for programs while 1269.5 hours of airtime was used to telecast advertisements.,இதில் 6014.3 மணித்தியாலங்கள் நிகழ்ச்சிகளுக்காக ஒதுக்கீடு செய்யப்பட்டதுடன் வர்த்தக விளம்பரத்திற்காக ஒதுக்கப்பட்ட நேரம் 1269.5 மணித்தியாலங்களாகும்.
"The total telecast hours over the Channel Eye was 5624.3h, of which 5276.1 hours of airtime was allocated to telecast programs over the channel.",ஐ அலைவரிசையின் மொத்த ஒளிபரப்புக் காலம் 5624.3 மணித்தியாலங்களாகும். இதில் 5276.1 மணித்தியாலங்கள் நிகழ்ச்சிகளுக்காக ஒதுக்கப்பட்டன.
The telecast hours of advertisements were 348.2h.,விளம்பர அறிவிப்புக்களுக்கான காலம் 348.2 மணித்தியாலங்களாகும்.
The following indicates the airtime that Sri Lanka Rupavahini Corporation Channels were telecasted during the year 2012.,2012ம் ஆண்டில் நிகழ்ச்சிகளுக்கான ஒளிபரப்பு காலத்தை பின்வருமாறு வகைப்படுத்தமுடியும்.
Air Time Analysis - 2012,நிகழ்ச்சிகளின் ஒளிபரப்புக் கால பகுப்பாய்வு – 2012
Categorization of Programmes - 2012,நிகழ்ச்சிகளின் வகைப்படுத்தல்
National Channel,ரூபவாகினி - தேசிய தொலைக்காட்சி
Information Programmes,தகவல்கள் ரீதியிலான நிகழ்ச்சிகள்
News,செய்தி
Political,அரசியல்
Economic,பொருளாதாரம்
Current Affairs,நாளாந்த நடப்பு
Social,சமூகம்
Ayuvbowan,ஆயூபோவன்
Educational Programmes,கல்வி நிகழ்ச்சிகள்
Documentary,ஆவணத் தொகுப்பு
Quiz,கேள்வி பதில்
IT,தகவல் தொழில்நுட்பம்
Magazine,சஞ்சிகை
Children Programmes,சிறுவர் நிகழ்ச்சிகள்
Children,சிறுவர்
Cartoon,காட்டுன்
Youth Programmes,இளைஞர் நிகழ்ச்சிகள்
Women Programmes,மகளிர் நிகழ்ச்சிகள்
Nugasevana,நுக செவன
Women,மகளிர்
Cultural & Religious Programmes,கலாச்சார மற்றும் மத நிகழ்ச்சி
Cultural,கலாச்சாரம்
Religious,மதம்
Entertainment Programmes,பொழுதுபோக்கு நிகழ்ச்சிகள்
Drama,நாடகம்
Film,திரைப்படம்
Music,இசை
Variety,ஏனையவை
Sports Programmes,விளையாட்டு நிகழ்ச்சிகள்
Publicity Programmes,விளம்பர ரீதியிலான நிகழ்ச்சிகள்
Other Programmes,ஏனைய நிகழ்ச்சிகள்
Commercial Air Time - 2012,வர்த்தக ஒளிபரப்புக்காலம் - 2012
Sponsorships,அனுசரணையாளர் பங்களிப்பு
"47.3% of the National Channel’s airtime sponsorship, which amounted to 2845.5 hours, while 25% (1321.0 hours) of the Channel Eye airtime gained sponsorship in 2012.","தேசிய அலைவரிசை நிகழ்ச்சிகளின் ஒளிபரப்பு நேரத்தில் 47.3% ( மணி. 2845.5) ஐ, அலைவரிசை நிகழ்ச்சி ஒளிபரப்பு நேரத்தில் 25% ( மணி. 1321.0) க்கும் அனுசரணையாளர் பங்களிப்பு உண்டு."
Categorization of Programmes,நிகழ்ச்சிகளின் வகை
National Channel,தேசிய தொலைக்காட்சி
Sponsored,அனுசரணையாளர் பங்களிப்புடன்
Non-Sponsored,அனுசரணையாளர் பங்களிப்பின்றி
Scheduled Programmes by Language,மொழிகளுக்கமைவான நிகழ்ச்சிகளின் ஒளிபரப்புக்காலம்
Language,மொழிகள்
English,ஆங்கிலம்
International Relations Unit,சர்வதேச தொடர்பு பிரிவு
In 2012 this Unit directly provided its service to several special tasks.,நிர்வாகப் பிரிவின் கீழ் செயற்படும் சர்வதேச தொடர்புக்கான பிரிவு 2012ம் ஆண்டில் உன்னதமான பணிகள் பலவற்றுக்கு நேரடியாக பங்களிப்புச் செய்துள்ளது.
The Teledrama ‘Jewell in the Palace’ produced by MBC was obtained by Sri Lanka Rupavahini Corporation as a complimentary item under the patronage of Korean Embassy of Sri Lanka.,இதில் முக்கியமான பணி இலங்கையிலுள்ள தென்கொரிய தூதரக அலுவலகத்தின் அனுசரணையின் கீழ் கொரியாவிலுள்ள எம்.பீ.சி  நிறுவனத்தினால் தயாரிக்கப்பட்ட “ஜீவெல் இன் த பெலஸ்” என்ற தொலைக்காட்சி நாடகத்தை இலவசமாக ரூபவாஹினி கூட்டுத்தாபனத்திற்கு பெற்றுக்கொண்டமையாகும்.
The Teledrama series which consisted of 54 episodes was dubbed into Sinhala under the title of ‘Sujatha Diyaniya’ and gained the highest viewership becoming most popular Teledrama.,54 தொடர்களைக் கொண்ட இந்த புகழ் பெற்ற கொரிய தொலைக்காட்சி நாடகம் “சுஜாத தியனிய” என்ற பெயரில் குரல் பதிவு செய்யப்பட்டதுடன் இலங்கை ரூபவாஹினியின் ரசிகர்களின் பெரும் வரவேற்பைப் பெற்றது.
"The musical show ‘Vienna Philharmonic New Year Concert’ which was a live telecast from Vienna, Austria was obtained free of charge through the Satellite and this was recorded live and later on telecast.",ஒஸ்ரியாவில் வியனா நகரிலிருந்து நேரடியாக ஒளிபரப்புச் செய்யப்படும் “லொ பசிது சம்பாவா” என்ற இசை நிகழ்ச்சி  செய்மதி தொழில்நுட்பத்தின் ஊடாக இலவசமாக பெற்றுக் கொள்ளப்பட்டதுடன் அதனை நேரடியாக ஒளிப்பதிவு செய்து பின்னர் ஒளிபரப்பு செய்யப்பட்டது.
Further this unit was able to obtain documentary programs from China & Korea at no cost under the patronage of relevant Embassies.,தேசிய அலைவரிசையின் ஒளிபரப்புக்காக சீன மற்றும் கொரிய விவரண நிகழ்ச்சிகள் தூதரகங்களின் அனுசரணையுடன் இலவசமாக பெற்றுக்கொள்வதற்கு சர்வதேச தொடர்புப் பிரிவினால் முடிந்தது.
Another duty entrusted to this unit is to enter the high-standard programs made by various Sri Lanka Rupavahini Corporation Producers or International Competitions and Award Ceremonies.,கூட்டுத்தாபனத்தின் பல்வேறு பிரிவுகளில் பணியாற்றும் தயாரிப்பாளர்களின் உயர்தரமான தயாரிப்புக்களை சர்வதேச விருது விழாக்களுக்கும் போட்டிகளுக்கும் சமர்ப்பிக்கும் பொறுப்பு இந்த பிரிவிற்கு வழங்கப்பட்டுள்ளது.
"Accordingly in 2012, entries were sent in for international competitions such as Prix Jeunesse International in Germany, ABU Prize 2012 in Malaysia, World TV Awards in Thailand, U R I T Grand Prix Author’s Documentary in France, Japan Prize 2012 in Tokyo, Japan.","இந்த தயாரிப்புக்கள் ஜேர்மனியில் - “பிரிக் ஜீனெசெ” (Prix Jeunesse – International), மலேசியாவில் - “ஏ.பீ.யூ. பிரைஸ்” (ABU – Prize – 2012 ), தாய்லாந்தில் “வோல்ட் ரிவி எவோர்ட்ஸ்” (World TV Awards 2012) , பிரான்ஸில் -யூ.ஆர்.ஜ.ரீ- “கிரேன்ட் பிரிக்ஸ் ஒதர்ஸ் டொகுமென்றிரி” (U.R.I.T. Grand Prix Author’s Documentary) ஜப்பானில் டோக்கியோ நகரில் நடைபெற்ற “ ஜப்பான் பரிசு” (Japan Prize – 2012) போட்டிகளுக்காக சமர்ப்பிக்கப்பட்டன."
"The international educational tours which were provided directly to the IR Unit were offered to a producer for Siyol – Korea, 02 producers for China, and 02 producers for Shanhai – China under the Chairman’s approval.","இதேவேளை, சர்வதேச தொடர்பு அலகிற்கு நேரடியாக வழங்கப்பட்ட வெளிநாட்டு கல்வி சுற்றுலாவில் தென் கொரியாவில் சியோல் நகரத்திற்காக கூட்டுத்தாபனத்தின் ஒரு அதிகாரியும் சீனாவின் யுனான் பிராந்தியத்திற்காக கூட்டுத்தாபனத்தின் அதிகாரிகள் இருவரும், சீனாவின் சங்காய் நகருக்காக கூட்டுத்தாபனத்தின் இரு அதிகாரிகளும் தலைவரின் அனுமதியுடன் அனுப்பி வைக்கப்பட்டனர்."
"The High Commissioners and Ambassadors in diverse countries make statements for their respective countries, celebrating National and Republican Days.   Those statements were recorded by the Sri Lanka Rupavahini Corporation.  The coordination part of this was handled by the IR Unit.",மேலும் பல்வேறு நாடுகளின் தேசிய மற்றும் குடியரசு தினங்களை முன்னிட்டு அந்தந்த நாடுகளின் உயர் ஸ்தானிகர்கள் மற்றும் தூதுவர்களினால் நிகழ்த்தப்பட்ட உரைகள் ரூபவாஹினி கூட்டுத்தாபனத்தினால் ஒளிப்பதிவு செய்யப்பட்ட சந்தர்ப்பங்களில் அவற்றுக்கான இணைப்புப்பணிகள் சர்வதேச தொடர்பு பிரிவினால் நிறைவேற்றப்பட்டன.
The responsibility is to prevent pilling up documents unnecessarily in the respective Units and Divisions.,அந்தந்தப் பிரிவுகளில் தேவையற்ற விதத்தில் ஆவணங்கள் குவிவதைத் தடுத்தல்.
"The responsibility is to provide space, tidiness and attractiveness in the Units and Divisions.","பிரிவுகள் மற்றும் அலகுகளின் பயன்பாட்டுக்கும், அழகுபடுத்தல் மற்றும் இடவசதியை பாதுகாக்கவும் முடிந்தமை."
The responsibility is to provide opportunity to the staff members to carry out daily activities without any interruption as they are free from unnecessary obstacles.,பயன்படுத்தப்பட்ட ஆவணங்களை மாத்திரம் அதிகாரியிடம் இருக்கும் வகையில் நாளாந்தம் அலுவல்களுக்கு தேவையற்ற தாமதமின்றி நடவடிக்கைகளை முன்னெடுப்பதற்கான சந்தர்ப்பத்தை ஏற்படுத்திக் கொடுத்தல்.
"The responsibility is to provide files promptly at the request of officers for purpose of administrative, legal or any other official matter.","நிர்வாகம், நீதிமன்றம் அல்லது வேறான பணிகளின் தேவைகளின் அடிப்படையில் ஆவணகாப்பகத்தில் வைக்கப்பட்ட கடிதங்கள் அல்லது விபர ஒழுங்கமைப்புகள் தவறாது சம்பந்தப்பட்ட பிரிவுகள் அல்லது அலகுகளின் கோரிக்கைக்கு அமைவாக விரைவாக விநியோகித்தல்."
The responsibility is to provide guidance over the disposal system by covering the office staff on obligatory instructions for a Government corporation in the Act 48 of 1973 and arranging the list of disposal documents accordingly.,"அரச கூட்டுத்தாபனம் என்ற ரீதியில் 1973ம் ஆண்டு இலக்கம் 48ன் ஆவண பாதுகாப்பு சட்டத்தின் சரத்துக்களில் கூட்டுத்தாபன ஊழியர்களைபாதுகாக்கும் வகையில் பட்டியலை தயாரித்தல், முறையான ஆவண பரிமாற்றத்திற்குத் தேவையான வகையில் வழிகாட்டுதல்."
The responsibility is to archive the files which are essential to the Corporation.,நிறுவனம் என்ற ரீதியில் ஆவணங்களை தொடர்ந்தும் பாதுகாப்பாக வைத்திருத்தல்.
Finance Division,நிதிப் பிரிவு
"The Finance Division is organized around the functions of Revenue, Payments, Salaries, Book-Keeping and the Costing Unit.","வருமானம், கொடுப்பனவு,  சம்பளங்கள்,  கணக்கீடு,  வரவு  செலவுகளை  நிருவகித்தல் முதலான  அலகுகளைக் கொண்டதாக நிதிப்பிரிவு அமைந்துள்ளது."
The Supplies Unit too comes under the purview of the Finance Division.,நிதிப்பிரிவின் கீழ் விநியோகப் பிரிவும் செயற்படுகின்றது.
The Division primarily carries out the functions of financial management and financial reporting of the Corporation.,நிதிப்  பிரிவினால்  எதிர்பார்க்கப்படும்  முக்கிய  பணி  கூட்டுத்தாபனத்தின் நிதி முகாமைத்துவம் மற்றும் நிதி அறிக்கை தயாரித்தலாகும்.
"Each of the units of the Finance Division discharged its duties during the year 2012 efficiently, effectively and economically to bring about the optimum returns to the Corporation.","2012 ஆம் ஆண்டில் நிதிப்பிரிவின் அனைத்து அலகுகளும் சிறப்பானதாகவும் வினைத்திறனுடனும், கூட்டுத்தாபனத்திற்கு பொருளாதார நன்மைகள் கிடைக்கும் வகையிலும், பொறுப்புடனும் செயற்பட்டுள்ளன."
"All financial transactions that passed through these units were executed with integrity, transparency and objectivity.",சகல நிதிக் கொடுக்கல் வாங்கல்களும் நேர்மையாகவும் ஒளிவுமறைவின்றியும் மேற்கொள்ளப்பட்டுள்ளன.
Payments on all programme files were made in accordance with applicable regulations and to support programme production and broadcasting.,அனைத்து நிகழ்ச்சிகளின்  ஆவணங்களுக்கான  கொடுப்பனவுகளின்  போதும்  சட்டநடைமுறைகளுக்கு  அமைவாக தயாரிப்பு  மற்றும்  விளம்பர  செயற்பாடுகளுக்கு  தடை  ஏற்படாத வகையில்  கொடுப்பனவுகள் நேர்மையான முறையில்  மேற்கொள்ளப்பட்டுள்ளன.
The division all took the initiative to follow up on all due payments of completed programmes and met the payment obligations by the respective deadlines.,நிகழ்ச்சிகள் நிறைவடைந்த பின்னர்  அந்த ஆவணங்கள்  தொடர்பிலான  விடயங்களை  கண்டறிந்து  சம்பந்தப்பட்டவர்களிடம்  குறிப்பிட்ட நேரத்தில்  சம்பந்தப்பட்ட  கொடுப்பனவுகள்  வழங்கப்பட்டுள்ளன.
Staff salaries and all other staff benefits were paid without any delay and statutory deductions were remitted to the respective institutions on or before the deadline.,ஊழியர்களின் சம்பளம் மற்றும் ஏனைய ஊழிய நன்மைகளும் எந்தத் தாமதமுமின்றி வழங்கப்பட்டுள்ளதுடன் சம்பளத்தில் அறவிட்டு ஏனைய  நிறுவனங்களுக்கு  செலுத்தப்பட  வேண்டிய யாப்பு   ரீதியிலான  கொடுப்பனவு  உரிய காலத்தில்  அல்லது  அதற்கு  முன்னதாக  செலுத்தப்பட்டுள்ளன.
Primary income generated from the sale of airtime and other peripheral incomes were recorded in conformity with applicable accounting principles and standards.,பிரதான வருமான வழியான ஒளிபரப்பு நேர விற்பனையும் ஏனைய வருமானங்களும் உரிய கணக்கீடுக் கொள்கைக்கமையவும் தரக்கட்டுப்பாட்டுக்கமைவாகவும் அறிக்கையிடப்பட்டுள்ளன.
"The Supplies Unit, coming under the preview of the Finance Division, procured all the necessary items (both capital and non-capital goods and services) to support the production, direction and telecast of programmes on the main channel Rupavahini, Chanel Eye/ Nethra and NTV.","கூட்டுத்தாபனத்தின் நிகழ்ச்சித் தயாரிப்பு, நெறிப்படுத்தல் மற்றும் ‘‘ஒளிபரப்பு முக்கிய அலைவரிசையான ரூபவாஹினி, “ஐ” அலைவரிசை/ நேத்ரா மற்றும் N.T.V) ஆகியவற்றுக்கான அனைத்து கொள்வனவுகள்  (மூலதன, மூலதனமல்லாத பொருட்கள் மற்றும் சேவை) தொடர்பாக  கருமமாற்றுவதற்கு  நிதிப்பிரிவின்  கீழுள்ள  விநியோகப்  பிரிவு  2012 ஆம் ஆண்டில் பொறுப்புடன் செயற்பட்டுள்ளது."
"Accurate and timely financial and management reports, generated in accordance with accounting principles and standards and were submitted to other divisions and the Board of Directors to take informed and responsive decisions.",கணக்கீட்டு அடிப்படைக் கொள்கைகளுக்கும் தரக்கட்டுப்பாடுகளுக்கும் அமைவாகத் தயாரிக்கப்பட்ட சரியான நடப்பு நிதி மற்றும் முகாமைத்துவ அறிக்கையை ஏனைய பிரிவுகளுக்கும் கூட்டுத்தாபன பணிப்பாளர் சபைக்கும் கூர்மையான தலங்கள் ரீதியிலான தீர்மானங்களை மேற்கொள்வதற்காக முன்வைக்கப்பட்டுள்ளன.
"Accordingly, both routine and ad-hoc (on demand) reports were compiled to meet requirements.",இந்த அறிக்கைகள் அவ்வப்போது நடைமுறைகளுக்கு அமைவாக (ad-hoc)யில்  தொகுக்கப்பட்டு முன்வைக்கப்படும்.
All major financial decisions were subjected to several reviews and the resulting conclusions formed the basis of the legal and authorized decisions made for the Corporation.,சகல நிதித் தீர்மானங்களும் பல மதீப்பீடுகளுக்கு உட்படுத்தப்பட்டதன் பின்னர் அவற்றின் இறுதிப் பெறுபேற்றின் படி சட்டரீதியான தீர்மானம் எடுக்கப்பட்டது.
"In comparison with other state sector institutions the Corporation has not relied on any long tern loans to finance its operations. Moreover, it has maintained reliance on short term loans and borrowings at minimum levels.",கூட்டுத்தாபனத்தை அரச நிறுவனங்களுடன் ஒப்பிடும் போது கூட்டுத்தாபனம் நீண்டகாலக் கடன்களைப் பெற்றுக் கொள்ளவில்லை என்பதுடன் குறுகியக் காலக் கடனும் மிகக் குறைவாகவே பெறப்பட்டுள்ளது.
"Given the current commercial and economic conditions, good financial management is indeed a challenging task.",நிலவும் வர்த்தக மற்றும் பொருளாதார நிலைமைகளின் கீழ் நிதி முகாமைத்துவம் ஒரு சவால் நிறைந்த பணியாகும்.
However the division has been successful in directing the Corporation’s financial management so as to safeguard the financial stability and financial independence of the Corporation.,இருப்பினும் கூட்டுத்தாபனத்தின் நிதி ஸ்திரத்தன்மையும் நிதி சுயாதீனமும் பாதுகாக்கப்படும் வகையில் நிதி முகாமைத்துவம் வெற்றிகரமாக முன்னெடுக்கப்பட்டுள்ளது.
Statement of Director’s Responsibility,பணிப்பாளர்களின் பொறுப்புக்கள் தொடர்பான அறிக்கை
The Finance Act No.38 of 1971 and the Sri Lanka Rupavahini Corporation Act No.6 of 1982 require the Directors to prepare financial statements for each financial year giving a true and fair view of the state of affairs of Sri Lanka Rupavahini Corporation (hereinafter referred to as the “Corporation”).,1971 ஆம் ஆண்டின் 38 ஆம் இலக்க நிதிச் சட்ட மூலத்தின் படியும் 1982 ஆம் ஆண்டின் 06ஆம் இலக்க இலங்கை ரூபவாஹினிக் கூட்டுத்தாபனத்தின் யாப்பிற்கு அமைவாகவும் அனைத்து நிதியாண்டின் போதும் இலங்கை ரூபவாஹினிக் கூட்டுத்தாபனத்தின் (இதன் பின்னர் “கூட்டுத்தாபனம்” எனக் குறிப்பிடப்படும்) செயற்பாடுகள் தொடர்பான உண்மையான நீதியான நிலை வெளிக்காட்டப்படும் வகையில்  நிதிக்  கூற்றுக்கள்  தயாரித்தல்  இலங்கை  ரூபவாஹினிக்  கூட்டுத்தாபனப் பணிப்பாளர்களின் பொறுப்பாகும்.
"The Directors confirm that in preparing the financial statements of the Corporation, appropriate Accounting Policies and Standards have been selected, consistently applied and supported by responsible and prudent judgments and estimates.",கூட்டுத்தாபனத்தின் நிதிக்  கூற்றை  தயாரிப்பதில்  உரிய  கணக்கீட்டுக்  கொள்கைகளும் தரக்கட்டுப்பாடுகளும்  தெரிவு  செய்யப்பட்டு  அவை  ஒரேவிதமாக  வருடம்  முழுவதும் பயன்படுத்தப்பட்டிருப்பதுடன்  நீதியானதும்  கூர்மையானதுமான  தீர்வுகள்  திட்டங்களுக்காகப் பயன்படுத்தப்பட்டுள்ளமையை பணிப்பாளர்கள்  உறுதிப்படுத்தியுள்ளனர்.
"Having reviewed the Corporation’s future financial projections, cash flows and current performance, the Directors consider that the Corporation has adequate resources to continue operations and the Directors have thus adopted a going concern basis in preparing financial statements.",அளவு ரீதியான  ஒரு செல்வாக்கு  நிதிக்  கூற்றின்  மீது  ஏற்படுத்தும்  ஏதாவது  ஒரு  நிதிக்கொள்கையின் அல்லது தரக்கட்டுப்பாட்டின்  மீறல்கள்  ஏற்பட்டிருப்பின்  அவற்றை    வெளிக்கொணர்ந்து  அவை விளக்கப்பட்டுள்ளன.
The Directors have taken the responsibility to ensure that the Corporation maintains accounting records that disclose with responsible accuracy the financial position of the Corporation as required by Sri Lanka Rupavahini Corporation Act No. 38 of 1971 and Sri Lanka Accounting Standards.,"1982 இன் 06 ஆம் இலக்க இலங்கை ரூபவாஹினிக் கூட்டுத்தாபனச்சட்டம், 1971 இன் 38 ஆம் இலங்கை கணக்கீட்டு சட்டம் என்பவற்றுக்கமைய கூட்டுத்தாபனத்தின் நிதி நிலைமை தொடர்பில் உண்மையானதும்,  நீதியானதுமான நிலையைக்  காட்டும்  வகையில்  கூட்டுத்தாபனத்தின் கணக்கீட்டு  அறிக்கை பேணப்பட்டுள்ளதென்பதை  பணிப்பாளர்கள்  உறுதிப்படுத்துவதூடாக பொறுப்பேற்றுள்ளனர்."
The Directors have taken responsible measures to safeguard the assets of the Corporation and to establish appropriate systems of internal controls in order to prevent and detect fraud and other irregularities.,பணிப்பாளர்கள்  கூட்டுத்தாபனத்தின்  சொத்துக்களைப்  பாதுகாப்பதற்கும்  ஊழல்  மோசடிகளை வெளிக்கொண்டு  வரும்  மற்றும்  தடுக்கும்  வகையில்  உள்ளக  நிர்வாகத்  தொகுதியை நிலைநாட்டுவதற்கும் நீதியான முறையில் செயற்பட்டுள்ளனர்.
"The Directors also confirm that to the best of their knowledge all taxes and levies payable by the Corporation, all contributions, levies and taxes payable on behalf of and in respect of the employees and all other known statutory obligations including retirement gratuities as were due as at the Balance Sheet date have been either duly paid or appropriately provided in the financial statements.",தனது உச்ச அறிவின்படி  கூட்டுத்தாபனத்தினால்  செலுத்தப்பட  வேண்டிய  சகல  வரிகளும் ஊழியர்களுக்காக  செலுத்த  வேண்டிய  அனைத்துக்  கொடுப்பனவுகளும்  கட்டணங்கள்  வரிகள் ஐந்தொகை முதலானவை எஞ்சிய காலப்பகுதியின் போது கொடுக்கப்படவேண்டிய ஓய்வூதியப் பணிக்கொடைகள் உட்பட வேறு தெரிந்த  அனைத்து கூட்டிணைக்கப்பட்ட பற்றுக்களையும் உரிய முறையில் செலுத்தியுள்ளமையைப் பணிப்பாளர் சபை உறுதி செய்யும்.
On behalf of the Board of Directors,"பணிப்பாளர் சபைக்காக,"
Sri Lanka Rupavahini Corporation,இலங்கை ரூபவாஹினிக் கூட்டுத்தாபனம்.
Sri Lanka Rupavahini Corporation,இலங்கை ரூபவாஹினி கூட்டுத்தாபனம்
Statement of financial position,நிதி நிலைமை தொடர்பான அறிக்கை
31 December 2012,2012 டிசம்பர்31
31 December 2011,2011 டிசம்பர்31
1 January 2011,2011 ஐனவரி 01
Assets,சொத்துக்கள்
Non – Current assets,நடைமுறையில்லாத சொத்துக்கள்
"Property, plant and equipment","சொத்துக்கள்,பொருத்துக்கள்,உபகரணங்கள்"
Intangible asset,தொட்டுணர முடியாத சொத்து
Available for sale financial asset,விற்பனை செய்யக்கூடிய நிதி சொத்துக்கள்
(Investment),(முதலீடு)
Deferred income tax asset,ஒத்திவைக்கப்பட்ட வருமானவரி சொத்து
Tsunami fund,சுனாமி நிதி
Held to maturity financial assets,முதிர்வு நிதி சொத்துக்கள்
Current assets,நடப்பு சொத்துக்கள்
Inventories,பட்டியல்கள்
Trade receivables,வர்த்தக வரவுகள்
Loans & receivables,கடன் மற்றும் வரவுகள்
Other receivables,ஏனைய வரவுகள்
Prepayments,முற்பணங்கள்
Cash and cash equivalents,பணம் மற்றும் பணத்திற்கு சமனானவை
Equity and Liabilities,சமபங்கு மற்றும் பொறுப்புகள்
Capital and reserves,மூலதனம் மற்றும் கையிருப்பு
Stated capital,குறிப்பிட்ட மூலதனம்
Accumulated profit / (loss),திரட்டப்பட்ட இலாபம் / (நஷ்டம்)
Non- current liabilities,நடப்புக்கடன் அல்லாத பொறுப்புகள்
Government grant for capital items,அரச மானிய மூலதனப் பொருட்கள்
Foreign aid,வெளிநாட்டு உதவி
Tsunami fund payable,செலுத்தவேண்டிய சுனாமி நிதி
Defined benefit obligations,நிரந்தரமற்ற வரையறுக்கப்பட்ட வருமானம்
Finance leases payable non-current portion,நடப்புக்கடன் அல்லாத செலுத்தப்பட வேண்டிய தொகை தள்ளுபடி
Current liabilities,நடைமுறைப் பொறுப்புகள்
Trade payables,வர்த்தகக் கொடுப்பனவுகள்
Other financial liabilities,ஏனைய நிதிப் பொறுப்புகள்
Other payables,ஏனைய கொடுப்பனவுகள்
Finance leases payable current portion,நடைமுறை பங்குக் கொடுப்பனவுகள்
Bank overdraft,வங்கி மிகை எடுப்பு
Total liabilities,மொத்தக் கடன் பொறுப்புகள்
Total equity and liabilities,மொத்தப் பங்குகள் மற்றும் பொறுப்புகள்
The notes on pages 6 to 41 are from an integral part of these financial statements.,இந்த நிதி அறிக்கை தயாரித்தல் மற்றும் தொடர்பான நிதிக்கொள்கை குறிப்புப்பக்கம் இலக்கம் 06 முதல் 41 வரையில் உள்ளடக்கப்பட்டுள்ளது.
"The fiancé manager certifies that the financial statements have been prepared in compliance with the requirements of the Sri Lanka Financial Reporting Standards as laid down by the Institute of Chartered Accountants of Sri Lanka, finance act no. 38 of 1971 & Sri Lanka Rupavahini Corporation act of no. 06 of 1982.","இந்த நிதி அறிக்கை, இலங்கை கணக்காய்வாளர் நிறுவனத்தினால் அங்கீகரிக்கப்பட்ட கணக்கு நடைமுறைக்கு அமையவும் , 1971ஆம் ஆண்டு இலக்கம் 38 நிதிச்சட்டத்திற்கும் 1982ஆம் ஆண்டு இலக்கம்  06  ரூபவாஹினிக்  கூட்டுத்தாபன  யாப்பிற்கும்  அமைவானது என்பது நிதி முகாமைத்துவத்தினால் உறுதி செய்யப்பட்டுள்ளது."
Mr. Varuna Sanjaya Dharmaratna,திரு. வருண சஞ்சய தர்மரத்ன
14 March 2013,2013 மே 14
Deputy Director General,பிரதிப் பணிப்பாளர் நாயகம்
Finance Manager,நிதி முகாமையாளர்
The Board of Directors is responsible for the preparation and presentation of these financial statements.,பணிப்பாளர் சபை நிதி அறிக்கைத் தயாரிப்பு மற்றும் சமர்ப்பித்தல் தொடர்பான பொறுப்பை ஏற்றுக் கொண்டுள்ளது.
These financial statements were authorized for issue by Board of Directors on 2nd April 2013.,இந்த நிதி அறிக்கை 2013ம் ஆண்டு ஏப்ரல் மாதம் 02ம் திகதி பணிப்பாளர் சபையினால் வெளியிடப்பட்டுள்ளது.
Mr. Mohan Samaranayake,திரு. மொஹான் சமரநாயக்க
Comprehensive income statement,வருமானப் பிரகடனம்
31 December 2012,2012 டிசம்பர் 31
31 December 2011,2011 டிசம்பர் 31
Sales,விற்பனை
Cost of sales,வருமானம்
Gross Profit,மொத்த இலாபம்
Other operating income,ஏனைய நடவடிக்கை மூலமான வருமானம்
Distribution costs,விநியோகம்
Administrative expenses,நிர்வாக செலவு
Operating Profit,செயற்பாட்டு இலாபம்
Finance costs,நிதிச் செலவு
Profit before income tax,வரிக்கு முன்னரான இலாபம்
Income tax expenses,வருமான வரி
Total comprehensive income for the period,காலப் பகுதிக்கான வருமானம்
Statement of changes in equity,பங்குமாற்றங்களின் அறிக்கை
Retained earnings,வருவாய்
Government Contribution,அரசு பங்களிப்பு
Balance at 1 January 2011,நிலுவை 1 ஜனவரி 2011
Prior year adjustments deferred tax,கடந்த ஆண்டு சரிசெய்த ஒத்திவைத்தவரி
Changes in accounting policies –,கணக்கியல் கொள்கை மாற்றங்கள்
Adjustment in debtor provision,கடனாளர் ஒதுக்கீடு சீரமைப்பு
Balance at 01 Januar0y 2011,நிலுவை 01 ஜனவரி 2011
Balance at 01 January 2011,நிலுவை 01 ஜனவரி 2011
Comprehensive income for the year,ஆண்டு மொத்த வருமானம்
Dividend declared to government (25%),அரச இலாப பிரகடனம் (25%)
Impairment of housing loan,வீட்டுக்கடன் வலுக்குறைவு
Adjustment in debtor provision,கடனாளர் ஏற்பாடு சரிசெய்தல்
Balance at 31 December 2011,நிலுவை 31 டிசம்பர் 2011
Balance at 01 January 2012,நிலுவை 01 ஜனவரி 2012
Comprehensive income for the period,காலத்திற்குரிய வருமானம்
Adjustment in deemed dividend 2011,நிகர்நிலை இலாபம் 2011
Dividend declared to government (5%),அரசாங்க பிரகடனம் (5%)
Balance at 31 December 2012,நிலுவை 31 டிசம்பர் 2012
The notes on pages 6 to 41 are from an integral part of these financial statements.,இந்த நிதி அறிக்கை தயாரித்தல் மற்றும் தொடர்பான நிதிக்கொள்கை குறிப்புப்பக்கம் இலக்கம் 06 முதல்  41 வரையில் உள்ளடக்கப்பட்டுள்ளது.
Statement of cash flows,நிதிப்பாய்ச்சல் அறிக்கை
01 January 2011,2011 ஜனவரி 01
Cash flows from operating activities,நடைமுறை செயற்பாட்டு நிதிக்கூற்று
Cash generated from operations,நடைமுறை செயற்பாட்டு வரவு
Interest paid,செலுத்தப்பட்ட வட்டி
Interest received,பெறப்பட்ட வட்டி
Defined benefits obligations paid,"செலுத்தப்பட்ட வரையறுத்த நலன்கள், பொறுப்புகள்"
Taxes paid,செலுத்தப்பட்ட வரி
Net cash (used in)/generated from operating activities,நிகர மொத்தம் - நடைமுறை செயற்பாடு
Sri Lanka Rupavahini Corporation Notes to the financial statements,இலங்கை ரூபவாஹினிக் கூட்டுத்தாபனத்தின் பணப்புழக்கம் தொடர்பான அறிக்கை தயாரித்தல் மற்றும் அதுதொடர்பான குறிப்புகள்
1. General Information,1. பொதுவான தகவல்
Sri Lanka Rupavahini Corporation (hereinafter referred to as the “Corporation”) was incorporated under the Sri Lanka Rupavahini Corporation Act. No. 6 of 1982.,இலங்கை ரூபவாஹினிக் கூட்டுத்தாபனத்தின் (இங்கு இதன் பின் கூட்டுத்தாபனம் என்று குறிப்பிடப்படும்) 1982ஆம் ஆண்டு  06 ஆம் இலக்கம்  இலங்கை  ரூபவாஹினிக் கூட்டுத்தாபன சட்டத்தின் கீழ் கூட்டுத்தாபனமாக மாற்றப்பட்டுள்ளது.
"The Corporation operates as the National Television Broadcaster in Sri Lanka with the prime objectives of providing education, entertainment & information to a multi ethnic & multi religious Sri Lankan society.","இலங்கை மக்களின்   தொலைக்காட்சி ஊடகத்துறையின் தேசிய ஒளிபரப்பாளராக    செயற்படும்  கூட்டுத்தாபனத்தின்  முக்கிய நோக்கம் உலக நாடுகள் முழுவதிலும் பரந்துபட்டு வாழும் இலங்கை மக்களுக்கு அறிவு, கல்வி விடயங்கள் அடங்கிய சேவைகள் மற்றும் பொழுதுபோக்கு நிகழ்ச்சிகளை வழங்குவதேயாகும்."
Total number of employees of the Corporation as at 31st December 2012 was 1006,2012ஆம் ஆண்டு  டிசம்பர்  மாதம்  31  ஆம்  திகதியன்று  கூட்டுத்தாபனத்தில் இருந்த பணியாளர்களின் எண்ணிக்கை 1006 ஆகும்.
"(Permanent, Contract & Casual grades).","(நிரந்தரம், ஒப்பந்த அடிப்படை மற்றும் தற்காலிக ஊழியர்கள்)"
The Financial Statements of the Corporation for the year ended 31st December 2012 were authorized for issue by the Board of Directors on 2nd April 2013.,பணிப்பாளர் சபையினால் 2012ஆம் ஆண்டு டிசம்பர் மாதம் 31  ஆம்   திகதியுடன் முடிவடைந்த  ஆண்டிற்கான  நிதிக்கூற்றுக்களின் கணக்காய்வு அறிக்கை 2013 ஏப்ரல் மாதம் 02 ஆம் திகதி வெளியிடப்படுகின்றது.
2. Basis of preparation and adoption of Sri Lanka Financial Reporting Standards (‘SLFRS’),2. இலங்கை நிதி அறிக்கை தரநிலைகளை தயாரிப்பதற்கான அடிப்படைக்கான பின்பற்றல் (SLFRC)
The Corporation prepares its financial statements in accordance with the Sri Lanka Accounting Standards (‘SLFRS’) issued by the Institute of Charted Accountants of Sri Lanka and the requirements of Sri Lanka and the requirements of Sri Lanka Accounting and Auditing Standards Act No. 19 of 1995.,இலங்கை பட்டயக் கணக்காய்வாளர் நிறுவனத்தினால் அங்கீகரிக்கப்பட்டுள்ள இலங்கை கணக்கீட்டு நியமங்களுக்கு அமைவாகவும் 1995ம் ஆண்டு இலக்கம் 19 இலங்கை கணக்கீட்டு நியமங்கள் மற்றும் கணக்காய்வுக்குத் தேவையான தரத்திற்கு ஏற்ப நிதி அறிக்கை தயாரிக்கப்பட்டுள்ளது.
The institute of Charted Accountants of Sri Lanka issued a new volume of Sri Lanka Accounting Standards (‘SLFRS’) and to require enterprises to apply these standards effective for years beginning on or after 1 January 2012.,2012 ஜனவரி 01ம் திகதியிலிருந்து நிறுவனங்களுக்கான வகையில் இலங்கை கணக்காய்வாளர் நிறுவனம் புதிய கணக்கீட்டு நியமங்களை (‘SLFRS’) வெளியிட்டுள்ளதுடன் இக்காலப் பகுதியிலிருந்து புதிய கணக்கீட்டு நியமங்கள் நடைமுறைப்படுத்தப்பட வேண்டும்.
"The financial statements have been prepared in compliance with SLFRS, subject to certain transition elections and exceptions disclosed in note 8.",நிதி அறிக்கையை தயாரிப்பதற்காக பயன்படுத்த வேண்டிய மற்றும் பயன்படுத்தக்கூடாத விடயங்கள் இலங்கை கணக்காய்வாளர் நிதி அறிக்கை கணக்கீட்டு நியமங்களில் 8 ஆவது பிரிவின் மூலம் தெளிவுபடுத்தப்பட்டுள்ளது.
3. Summary of significant accounting policies,3. முக்கிய கணக்கியல் நியமங்கள்
The principal accounting policies applied in the preparation of these financial statements are set out below.,நிதி அறிக்கையை தயார் செய்வதற்காக பயன்படுத்தவேண்டிய அடிப்படை கணக்கீட்டு நியமங்கள் இதன் கீழ் குறிப்பிடப்பட்டுள்ளன.
"These policies have been consistently applied to all the years presented, unless otherwise stated.",இந்த நியமங்களில் வேறு வகையில் தெரிவிக்கப்பட்ட சந்தர்ப்பங்கள் தவிர்ந்த அனைத்து வருடங்களிலும் மாற்றங்கள் இன்றிப் பயன்படுத்தப்படவேண்டும்.
3.1    Basis of preparation,3.1 மதிப்பீட்டு அடிப்படை
The financial statements of the corporation have been prepared in accordance with Sri Lanka Financial Reporting Standards (‘SLFRS’).,கூட்டுத்தாபனத்தின் நிதி அறிக்கை இலங்கை நிதிக் கணக்கீட்டு நியமங்களுக்கு அமைவாக தயாரிக்கப்பட்டுள்ளது.
No adjustments have been made for inflationary factors affecting the financial statements.,பணவீக்க சாதக அடிப்படையில் கணக்கின் மீது ஏற்படும் அழுத்தத்திற்கேற்ப நிதிக்கூற்றுக்களில் எவ்வித மாற்றங்களும் செய்யப்படவில்லை.
The financial statements are presented in Sri Lankan rupees rounded to the nearest thousand.,இந்த நிதி அறிக்கை இலங்கை நாணயம் ரூபாவில் சமர்ப்பிக்கப்பட்டுள்ளதுடன் ஆயிரத்திற்கு அண்ணளவாக்கப் பட்டுள்ளது.
The preparation of financial statements in conformity with SLFRS requires the use of certain critical accounting estimates.,நிதி அறிக்கை SLFRS க்கு அமைவாக தயாரிக்கும் போது தேவையான சந்தர்ப்பங்களில் கணக்கீட்டு நியமங்கள் பயன்படுத்த வேண்டிய தேவை ஏற்படுகிறது.
It also requires management to exercise its judgment in the process of applying the Corporation’s accounting policies.,இதேபோன்று கூட்டுத்தாபனத்தின் கணக்கீட்டு மதிப்பீடுகளை மேற்கொள்வதற்கு முகாமைத்துவ தீர்மானங்கள் நிதி அறிக்கையின் தயாரிப்புக்கு தேவையாகும்.
"The areas involving a higher degree of judgment or complexity, or areas where assumptions and estimates are significant to the financial statements are disclosed in note 6.",கணக்கீட்டு இலக்கம் 06 ல் குறிப்பிட்டவாறு நிதி அறிக்கையை தயாரிக்கும்போது பயன்படுத்தப்படவேண்டிய மதிப்பீடுகள் முக்கிய கணக்கீட்டு மதிப்பீட்டுகள் வெளிப்படுத்தப்பட்டுள்ளன.
"Changes in new standards, amendments and interpretation issued but not effective for the financial year beginning 1 January 2012 and not early adopted.",கணக்கீட்டு மறுசீரமைப்பும் புதிய திருத்தங்கள் இடம்பெற்றபோதிலும் 2012ம் ஆண்டு ஜனவரி மாதம் ஆரம்பத்திலும் அதற்கு முன்னரும் மேற்கொள்ளப்படாத மாற்றங்கள் பின்வருமாறு குறிப்பிடப்பட்டுள்ளன.
3.2 Currencies,3.2  நாணயங்கள்
(a) Functional and presentation currency,(a) செயல்பாட்டு மற்றும் வழங்கல் நாணயம்
Items included in the financial statements of the Corporation are measured using the currency of the primary economic environment in which the entity operates.,கூட்டுத்தாபனத்தின் நிதி அறிக்கையில் உள்ளடக்கப்பட்டுள்ள அடிப்படை நாணயம் பொருளாதார சூழலுக்கு அமைவானது.
"The financial statements are presented in Sri Lankan Rupees, which is the Corporation’s functional currency.",நிதி அறிக்கை இலங்கை நாணயமான ரூபாவில் சமர்ப்பிக்கப்படுவதுடன் அது கூட்டுத்தாபனத்தில் நடைமுறையிலுள்ள நாணயமாகும்.
(b) Transactions and balances,(b) கொடுக்கல் வாங்கல் மற்றும் இருப்புக்கள்
Foreign currency transactions are translated into the functional currency using the exchange rates prevailing at the dates of the transaction.,வெளிநாட்டு நாணய பரிமாறல் சம்பந்தப்பட்ட தினத்தில் நிலவிய நாணய மதிப்பீட்டுக்கு அமைவானதாகும்.
Foreign exchange gains and losses resulting from the settlement of such transactions and from the translation at year-end exchange rates of monetary assets and liabilities denominated in foreign currencies are recognized in the income statement.,நிதிப்பெறுமதி மற்றும் பொறுப்புக்களுக்கு அமைவாக வருட இறுதியில் நிலவும் நாணய விகிதாசாரத்திற்கு அமைவாக பரிமாறப்படும் போது அதன் பெறுபேறாக ஏற்படக்கூடிய இலாபம் அல்லது நஷ்டத்தை கணக்கீட்டு அறிக்கையில் வெளியிடவேண்டும்.
Foreign exchange gains and losses that relate to borrowings and cash and equivalents are presented in the statement of comprehensive income within ‘finance income or cost’.,"கடன் பெறல், நிதி மற்றும் அதற்குச் சமமானவை அல்லது அதனுடன் தொடர்புபட்ட வெளிநாட்டு நாணய இலாபம் அல்லது நஷ்டம் அல்லது விரயம் கணக்கீட்டு அறிக்கையில் “வருமானம் அல்லது விரயம்” என்ற ரீதியில் குறிப்பிடப்பட்டுள்ளது."
All other foreign exchange gains and losses are presented in the statement of comprehensive income within ‘other (losses) /Gains’.,ஏனைய அனைத்து வெளிநாட்டு நாணயங்களின் பரிமாற்றங்கள் இலாப  நஷ்டக் கணக்கீட்டு அறிக்கையின் வருமான வெளிப்பாட்டில் (நஷ்டம்) இலாபம் என்ற ரீதியில் குறிப்பிடப்பட்டுள்ளது.
"3.3 Property, plant and equipment","3.3 சொத்துக்கள், பெறுமானத்தேய்வு மற்றும் உபகரணங்கள்"
Land and buildings comprise transmission stations and head officers.,"சொத்துக்கள், பெறுமானத்தேய்வு இவற்றை மீண்டும் பயன்படுத்தும் வகையில் மேற்கொள்ளப்பட்ட நேர செலவுகளையும் உள்ளடக்கியுள்ளது."
"All the property, plant and equipment is stated at historical cost less depreciation.",நிலையான சொத்துக்கள் எளிமையான முறையின் கீழ் பெறுமானத்தேய்வு செய்யப்பட்டுள்ளது.
Historical cost includes expenditure that is directly attributable to the acquisition of the items.,பெறுமானத்தேய்வு செய்யும் வீதம் சொத்தின் பயன்பெறும் ஆயுட்காலத்தில் அதன் பெறுமதி கழிந்து செல்லும் வகையில் கணக்கிடப்பட்டுள்ளது.
"Subsequent costs are included in the asset’s carrying amount or recognized as a separate asset, as appropriate, only when it is probable that future economic benefits associated with the item will flow to the corporation and the cost of the item can be measured reliably.",ஏதேனும் சொத்துக்கள் மூலம் எதிர்கால பொருளாதார நன்மைகள் கூட்டுத்தாபனத்திற்கு கிடைக்குமாயினும் சொத்துக்களின் பெறுமானத்தேய்வினை சரியாகக் கணக்கிட முடியுமாயின் அவ்வாறான சொத்துக்கள் தொடர்பில் ஏற்படக்கூடிய எதிர்காலப் பகுதியிலான செலவு பெறுமதி முன்னெடுக்கக்கூடிய தேய்மானம் ரீதியில் தனியான சொத்து ரீதியிலான இரண்டு பொருத்தமான வகையில் முன்னெடுக்க முடியும்.
"The carrying amount of replaced parts, are derecognized.",மறுசீரமைப்புச் செய்யக்கூடிய பகுதிகளில் முன்னெடுக்கப்படும் செலவுகள் இதில் காணப்படவில்லை.
All other repairs and maintenance are charged to the statement of comprehensive income during the financial period in which they are incurred.,"ஏனைய அனைத்து பழுதுபார்த்தல் மற்றும் பராமரிப்புச் செலவு, செலவு செய்யப்பட்ட காலப்பகுதியில் கணக்கிட்டு வருமான அறிக்கையில் கவனத்தில் கொள்ளப்படுகிறது."
Land is not depreciated.,சொத்து தேய்மானம் மேற்கொள்ளப்படமாட்டாது.
"Depreciation on other assets is calculated using the straight-line method to allocate their cost to their residual values over their estimated useful lives, as follows:",ஏனைய சொத்துக்களின் பெறுமானத்தேய்வு செய்யும் விதத்தின் பயன்பெறும் ஆயுட்காலத்தில் அதன் பெறுமதி கழிந்து செல்லும் வகையில் கணக்கிடப்பட்டுள்ளது.
Table - 1 – Depreciation Rates of PPE,"அட்டவணை 1- சொத்துக்கள், பொதிகள், உபகரணங்கள், உருப்படிகளின்  தேய்வு வீதம்"
Rates,தேய்வு வீதம்
Buildings,கட்டிடங்கள்
Computers,கணனிகள்
Furniture and Fittings,தளபாடங்கள் மற்றும் பொருத்துதல்
Electronic equipment,மின் உபகரணங்கள்
Motor Vehicles,மோட்டார் வாகனங்கள்
Office equipment,அலுவலக உபகரணங்கள்
Library Stock,நூலக இருப்பு
TV Sets,தொலைக்காட்சிப் பெட்டிகள்
Other Assets,ஏனைய சொத்துக்கள்
3.4 Financial Instruments,3.4 நிதி தொடர்பான பதிவேடுகள்
(a) Financial Assets,(A)  நிதிச் சொத்துக்கள்
3.4.1 Classification,3.4.1 வகைப்படுத்தல்
The Corporation classifies its financial assets in the following categories:,கூட்டுத்தாபனம் தனது நிதிச் சொத்துக்களை கீழ்க்கண்ட வகையில் வகைப்படுத்தியுள்ளது.
The classification depends on the purpose for which the financial assets were acquired Management determines the classification of its financial assets at initial recognition.,பயன்பாட்டுக்காலம் வரையில் வைக்கப்படும் நிதி குறித்த பதிவேடு வகைப்படுத்தல் வைக்கப்பட்டுள்ள நிதிச் சொத்துக்கள் அடையப்பட்ட இலக்குகளுக்கு அமைவாக முகாமைத்துவத்தின் தீர்மானத்திற்கு அமைவாக நிதிச் சொத்துக்களின் அடிப்படை வகைப்படுத்தல் தீர்மானிக்கப்படுகிறது.
Loans and receivables,கடன் மற்றும் வரவுகள்
Loans and receivables are non-derivative financial assets with fixed or determinable payments that are not quoted in an active market.,கடன் மற்றும் கிடைக்கப்பெறவேண்டிய செயற்பாடுகளில் சந்தையில் விலை நிர்ணயம் இல்லாது நிரந்தரம் அல்லாத கொடுப்பனவு செலுத்தப்பட வேண்டிய சொத்துக்கள்.
They are included in current assets as maturities are lower than 12 months after the end of the reporting period.,இவற்றுக்கு கணக்கீட்டு வருடத்தின் இறுதியில் 12 மாதங்களுக்குக் குறைவான கணக்கீட்டு வருடத்துடனான நடமாடும் சொத்துக்கள் ஏற்புடையதாகும்.
The Corporation’s loans and receivables comprise ‘trade and other receivables’ and ‘cash and cash equivalents’ in the balance sheet.,கூட்டுத்தாபனத்தின் இருப்பு ஆவணத்தில் கடன் மற்றும் கிடைக்கப்பெற வேண்டிய கணக்குகளில் உள்ளடக்கம் “வர்த்தகம் மற்றும் ஏனைய கிடைக்கப்பெற வேண்டிய” மற்றும் நிதியும் பணத்திற்கும் சமமானவையாகும். ( குறிப்பு 13ஐ பார்க்கவும் )
Financial Liabilities,நிதிப் பொறுப்புக்கள்
"Liabilities within the scope of IAS 39 are classified as financial liabilities at fair value through profit or loss or other liabilities, as appropriate.",நிதிச் சொத்துக்கள் நியாயமான மதிப்பீடுகள் மூலமான இலாபம் அல்லது நிதிப் பொறுப்புகள் மற்றும் ஏனைய பொறுப்புகள் IAS 39க்கு அமைவாக வகைப்படுத்தப்படுகிறது.
A financial liability is derecognized when the obligation under the liability is discharged or cancelled or expires.,செலுத்தி முடிக்கப்பட்ட இரத்துச் செய்யப்பட்ட மற்றும் காலங்கடந்த பொறுப்புகள் நிதிப் பொறுப்புகளாக கருதப்படமாட்டாது.
3.5 Inventories,3.5 இருப்பு
Inventories of the corporation consist of consumable stock,கூட்டுத்தாபனத்தின் இருப்பு கிரயம் தேசிய யதார்த்தப் பெறுமதியின் அடிப்படையிலேயே கணிப்பீடு செய்யப்படுகிறது.
(Stock held for the use of the Corporation & not for sale).,(கூட்டுத்தாபனத்தின் இருப்புப் பாவனையின் அடிப்படையிலேயே முன்னெடுக்கப்படுவதுடன் அவை விற்பனை செய்யப்படுவதில்லை)
Therefore inventories are valued at their cost.,அதனால் இருப்பு கிரயத்துடன் மதிப்பீடு செய்யப்படுகிறது.
Stock valuation is done on a first-in-first-out (FIFO) basis.,இலங்கைத் தரக்கட்டுப்பாடுக்கு அமைவாக முதல் உள்ளீடு வெளியீடு என்ற அடிப்படையில் மதிப்பீடு செய்யப்படுகின்றது.
3.6 Leases,3.6 குத்தகைச் சொத்துக்கள்
"The leases of property, plant and equipment when the Corporation has substantially all the risks and rewards of ownership are classified as finance leases.","குத்தகை அடிப்படையில் பெற்றுக்கொள்ளப்பட்ட சொத்துக்கள் நன்மைகள், உபகரணங்களின் உரிமை, தாக்கம் முதலானவை கூட்டுத்தாபனத்திற்கு உரிமையானதுடன் நிதி குத்தகை என்று அடையாளப்படுத்த முடியும்."
"In the past 2 years three (03) Cars & six (06) Vans were obtained on a finance lease, which effectively transfer the Corporation substantially all the risk and benefits incidental to ownership of the leased items, are capitalized and disclosed as finance lease at their cash price and depreciated over the period the Corporation is expected to benefit from the use of the leased assets.",கடந்த 2 வருடத்தில் செலுத்தப்பட வேண்டிய 03 கார்கள் மற்றும் 06 வேன்கள் நிதிக்குத்தகை அடிப்படையில் பெற்றுக்கொள்ளப்பட்டதுடன் இவற்றின் உரிமை நன்மை கூட்டுத்தாபனத்திற்கு உரித்தானதாகும் நிதிக் குத்தகை என்ற ரீதியில் இந்த வாகனங்களின் பெறுமதியும் கூட்டுத்தாபனத்தின் குத்தகைச் சொத்தையும் பயன்படுத்துவதன் மூலம் பயனடைவதற்கு எதிர்பார்த்துள்ளதுடன் இக்காலப் பகுதியில் செலுத்தப்பட வேண்டிய அடிப்படைவரி பெறுமதி நடைமுறை காட்டப்பட்டுள்ளது.
The lease principal amount payable to the lessor (Bank of Ceylon) is shown as a non-current liability & current liability.,செலுத்தப்பட வேண்டிய அடிப்படைவரிக் காலப்பகுதியில் ஐந்தொகைக்கு அமைவாக நடைமுறைக் கணக்கு அல்லாத பொறுப்பாக காட்டப்பட்டுள்ளது.
Lease payments are apportioned between the finance charges and reduction of the lease liability so as to achieve a constant rate of interest on the outstanding balance of the liability.,எஞ்சிய தள்ளுபடி ஐந்தொகை அடிப்படையில் நிரந்தர விகிதாசாரத்தின் கீழ் குறைக்கப்பட்ட வட்டி மற்றும் அடிப்படை வட்டிக்கு அமைவாக பகுதி ரீதியில் வரிக் கொடுப்பனவு இரண்டு கொடுப்பனவாக பிரிக்கப்பட்டுள்ளது.
The interest payable over the period (5 years) of the lease is transferred to an interest in suspense account.,குறிப்பிட்ட வரி மூலதனப் பொருட்களுக்கான பெறுமதி ( வரி நீங்கலாக) 05 வருடங்களாகச் செலுத்தப்படும் வரி மூலதனச் சொத்தாக மாற்றப்படுகிறது.
The interest element of the rental obligations pertaining to each financial year is charged to the income statement over the period of lease.,அனைத்து நிதி ஆண்டிலும் செலுத்தப்படும் வரி தவணைக் கொடுப்பனவுகளில் உள்ளடக்கப்பட்ட வட்டி அந்த வருடத்தின் ஐயக் கணக்கிற்கு மாற்றப்படுகிறது.
Table 2 – The Time Analysis of Lease payments,அட்டவணை 2 - குத்தகை தவணைக் கொடுப்பனவு குறித்த ஆய்வு
The following table shows the finance lease obligation that falls due one year & more than one year.,கீழ்க்கண்ட அட்டவணையில் காட்டப்பட்டுள்ள வருட காலப்பகுதியிலும் வருடத்திற்கும் மேற்பட்ட காலத்திலும் செலுத்தப்பட வேண்டிய குத்தகை தவணைக் கொடுப்பனவின் பெறுமதி
Less than 1 year,ஒரு வருடத்திற்கு குறைவு
More than I year,ஒரு வருடத்திற்கு மேல்
Interest,வட்டி அடிப்படை
Capital,குத்தகைப் பெறுமானம்
Lease Creditor – Bank of Ceylon,குத்தகை கொடுப்பனவு -  இலங்கை வங்கி
3.7 Trade Receivables,3.7 வர்த்தக வரவுகள்
3.7.1 Provisions – Trade receivables /Client Debtor,3.7.1 சந்தையில் கிடைக்கப்பெற வேண்டியவையும் / வாடிக்கையாளர்களில் கடன்பட்டோரும்
Trade receivables are carried at anticipated realizable value.,"சந்தையில் கிடைக்கப்பெற வேண்டியவை என்பது திருப்பிச் செலுத்தப்பட வேண்டிய கொடுப்பனவுகள் என்ற ரீதியில் எதிர்பார்க்கப்படும் பெறுமதியிலாகும்,"
A provision for impairment of trade receivables is established when there is objective evidence that the Corporation will not be able to collect all amounts due according to the original terms of the receivables.,கூட்டுத்தாபனத்திற்கு கிடைக்கப்பெற வேண்டிய கொடுப்பனவுகளில் குறிப்பிட்ட பெறுமதியை பெற்றுக்கொள்ள முடியாது என்பதற்கான சாட்சியங்கள் நிலவும் சந்தர்ப்பங்களில் அவற்றுக்கான தேய்மான நிதி முன்னெடுக்கப்பட்டது.
"Significant financial difficulties of the debtor, probability that the debtor will enter bankruptcy or financial reorganization and default payments are considered indicators that the trade receivable is impaired.","கடன்பட்டோர் கடன்பட்டோருக்கான தள்ளுபடி அல்லது நிதி மறுசீரமைப்பு, இயல்புநிலை பண உள்ளீடு என்பது கணிசமான நிதி நெருக்கடி வர்த்தக ரீதியில் பெறத்தக்க பலவீனமடையும் குறியீடுகளாக கருதப்படுகிறது."
"The carrying amount of the asset is reduced through the use of an allowance account, and the amount of the loss is recognized in the statement of comprehensive income within distribution cost.",சொத்து வருமானம் வெளியீட்டுக் கணக்கின் போது விநியோக செலவின் அடிப்படையில் வருடத்தில் மானிய செலவு என்ற ரீதியில் காட்டப்படுவதுடன் சொத்துக் கணக்கு சம்பந்தப்பட்ட மானியத்தில் குறைக்கப்படுகிறது.
"When a trade receivable is uncollectible, it is written off against the allowance account for trade receivable.",மீள அறவிடமுடியாத வர்த்தக செலவு மிகுதி கணக்கீட்டு மானியத்தில் தள்ளுபடி செய்யப்படுகிறது.
Subsequent recoveries of amounts previously written-off are against distribution cost in the income statement.,இதே போன்று தள்ளுபடி செய்யப்படும் கடன்பட்டோர் பின்னர் ஒரு சந்தர்ப்பத்தில் அறவிடப்படும் பட்சத்தில் அத்தொகை வருமானக் கணக்கீட்டின் போது செலவுகளில் நீக்கப்படும்.
Table 3 – The Client Debtors Provision as at 31/12/2012,அட்டவணை 3 – வாடிக்கையாளர்களுக்கான மானியங்கள் - 2012/12/31
Provision as at 01/01/2012,2012/01/01 மானியங்கள்
Charge for the year 2012,2012 ஆண்டுக்காக அறவிடப்படவேண்டியவை
Provision as at 31/12/2012,2012/01/31 அன்று மானியங்கள்
3.7.2 Provisions – Sundry Debtor,3.7.2 கடன்பட்டோருக்கான மானியம்
Table 4 – The Sundry Debtors Provision as at 31/12/2012,அட்டவணை 4 - நானாவிதக் கடன்பட்டோருக்கான மானியங்கள் - 2012/12/31
Charges for the year 2012,2012 ஆம் ஆண்டில் அறவிடப்படவேண்டியவை
Provision as at 01/01/2012,2012/01/01 அன்று மானியங்கள்
3.7.3 Provisions – Other Receivables,3.7.3 வேறு கிடைக்கப்பெற வேண்டியவை
3.7.3.1 Employee Loans,3.7.4.1 ஊழியர்களுக்கான கடன்
Employee Loans constitute amounts granted to eligible employees under the following,ஊழியர் கடன்களுக்காக பின்வரும் கடன் முறைகளின் கீழ் தகுதியுடைய ஊழியர்களுக்கு வழங்கப்படும் கடன் தொகைகள் உள்ளடக்கப்பட்டுள்ளன.
Distress loan,இடர் கடன்
Special loan,விஷேட கடன்
Transport loan,போக்குவரத்துக் கடன்
Housing loan,வீடமைப்புக் கடன்
Other loan,வேறு கடன்கள்
The provision for bad debts for Employee Loans has been made only for the outstanding amounts with respect to employees who are no longer in service (either retired or resigned) with Sri Lanka Rupavahini Corporation.,"ஊழியர் கடன் தொடர்பில் அறவிடமுடியாக்கடன் என்று கருதப்படுவது கூட்டுத்தாபனத்தில் தொடர்ந்து சேவையாற்றாத (ஓய்வு பெற்ற, பதவியை இராஜினாமாச் செய்த /  இறந்த ஊழியர்களின்) மீளப் பெறப்படாத கடன் தொகைக்கான மானியமாகும்."
Table 5 – The Employee Loan provision as at 31/12/2012,அட்டவணை 5 – ஊழியர் கடனுக்கான ஒதுக்கீடு - 2012/12/31
Provision as at 01/01/2012,ஒதுக்கீடு 2012/01/01
Charge for the year 2012,2012 ஆண்டுக்கான அறவீடு
Write – off for the year 2012,2012 ஆண்டில் தள்ளுபடி
Provision as at 31/12 2012,ஒதுக்கீடு 2012/12/31
3.7.3 2 Employee Advances,3.7.3.2  ஊழியர் முற்பணம்
Employee advances constitute amounts under the following categories:,பின்வரும் முற்பணக் கொடுப்பனவு வகைகளின் கீழ் தகுதியுள்ள ஊழியர்களுக்கு வழங்கப்பட்ட தொகைகளை முற்பணம் உள்ளடக்கும்.
Advance for Programme Production,நிகழ்ச்சிகளுக்கான முற்பணம்
Advance for Employees (Miscellaneous),ஊழியர்களுக்கான முற்பணம் (பல்வேறு)
Advance for Foreign Travel,வெளிநாட்டுப் பயணங்களுக்கான முற்பணம்
Advance for Room Charges,அறை வாடகைக்கான முற்பணம்
The provision for bad debts for employee advances has been made to reflect the amounts outstanding with respect to employees who are no longer in service (either retired or resigned) with Sri Lanka Rupavahini Corporation.,"இலங்கை ரூபவாஹினிக் கூட்டுத்தாபனத்தில் தொடர்ந்து சேவையில் இல்லாத (ஓய்வு பெற்ற, பதவியை இராஜினாமாச் செய்த/ உயிரிழந்த) ஊழியர்களின் மீளப் பெறப்படாத கடன் தொகைக்காகக் காட்டப்படும் வகையில் ஊழியர் முற்பணம் அறவிடமுடியாக் கடனுக்கான மானியமாக மாற்றப்பட்டுள்ளது."
3.8 Cash and Cash Equivalents,3.8 பணம் மற்றும் பணத்திற்கு இணையானவை
"In the statement of cash flows, cash and cash equivalents includes cash in hand & bank current account balance.",பணம் மற்றும் பணத்திற்கு சமமானவைகளின் கீழ் கையிருப்பிலுள்ள பணம் மற்றும் வங்கி நடைமுறைக்கணக்குகளாகும்.
"In the statement of financial position, bank overdrafts are within borrowing in current liabilities.",பண நிலைமைத் தொடர்பான கணக்கீடு நடைமுறைக் கணக்குகளின் பொறுப்புக்களிலுள்ள அடிப்படையிலாகும்.
3.9 Trade Payables / Liabilities,3.9 வர்த்தக கொடுப்பனவுகளும் பொறுப்புக்களும்
Accounts payable are classified as current liabilities if payment is due within one year or less (or in the normal operating cycle of the business if longer).,நடைமுறைக் கணக்கு ரீதியில் வகைப்படுத்தப்பட்ட செலுத்த வேண்டியவை ஒரு வருட காலப்பகுதியில் அல்லது அதற்குக் குறைவான காலப்பகுதியில் செலுத்தப்பட வேண்டிய கொடுப்பனவுகளாகும்.
"If not, they are presented as non-current liabilities.",அவ்வாறு செலுத்தப்படாத கொடுப்பனவுகள் நடைமுறைக் கணக்கு அல்லாத பொறுப்புக்களாகும்.
Trade payables are recognized initially at fair value and subsequently measured at amortized cost using the effective interest method.,வர்த்தகக் கொடுப்பனவு அடிப்படை ரீதியில் நியாயமான நிலைமாறக் கூடிய செலவில் அடையாளப்படுத்தப்படுகிறது.
3.10 Current and Deferred Income Tax,3.10 தற்போதைய மற்றும் செலுத்தப்பட வேண்டிய வரி
The tax expense for the period comprises current and deferred tax.,தற்போதைய மற்றும் செலுத்தப்பட வேண்டிய வரி காலப்பகுதியிலான வரிச்செலவு தற்போதைய மற்றும் செலுத்தப்பட வேண்டிய வருமான வரிக்கு உட்பட்டதாகும்.
"Tax is recognized in the income statement, except to the extent that it relates to items recognized in other comprehensive income or directly in equity.",நேரடி பொறுப்புக்களுடன் தொடர்புபட்ட அல்லது ஏனைய காலப்பகுதியின் வருமானக் கணக்கீட்டுடன் தொடர்பு (எதிர்காலத்தில் செலுத்தப்பட வேண்டிய கொடுப்பனவு) படாத சமகாலப் பகுதிக்கான செலுத்தப்பட்ட வரித்தொகை வருமானக் கணக்கீட்டில் சேர்த்துக்கொள்ளப்படும்.
"In this case, the tax is also recognized in other comprehensive income or directly in equity, respectively.",இதன்போது நேரடியான பொறுப்புக்களுடன் தொடர்புபட்ட அல்லது ஏனைய காலப்பகுதியில் அனைத்தையும் உள்ளடக்கிய வருமானக் கணக்கீட்டுடன் சம்பந்தப்பட்ட வரி தனித்தனியாக அடையாளங்காண்பது அவசியமாகும்.
The current income tax charge is calculated on the basis of the provision of Inland Revenue Act No. 10 of 2006 & subsequent amendments.,தற்போது வருமான வரிக் கணக்கீடு 2006 ம் ஆண்டு இலக்கம் 10 கணக்கீட்டு கட்டுப்பாட்டுச் சட்டம் மற்றும் பின்னர் மேற்கொள்ளப்பட்ட திருத்தத்திற்கு அமைவாக மேற்கொள்ளப்படுகின்றது.
Management periodically evaluates positions taken in tax returns with respect to situations in which applicable tax regulation is subject to interpretation.,வரி விதிமுறைகளுக்கு அமைவாக வரி மதிப்பீட்டுக்கு பயன்படுத்தப்படும் முகாமைத்துவத்தினால் காலத்திற்குக்காலம் கவனத்தில் கொள்ளப்படும்.
It establishes provisions here appropriate on the basis of amounts expected to be paid to the tax authorities.,இதற்கு ஏற்ப வரி அதிகாரசபைக்கு செலுத்தப்பட வேண்டிய வரி கணக்கிடப்படும்.
"Deferred income tax is recognized, using the liability method, on temporary differences arising between the tax bases of assets and liabilities and their carrying amounts in the financial statements.",பொறுப்பு முறை பயன்படுத்தி செலுத்தப்பட வேண்டிய வரி மதிப்பீடு சொத்துக்கள் மற்றும் பொறுப்புக்கிடையிலான வித்தியாசம் வரி அடிப்படையாகக் கொண்டு அந்த சொத்தும் பொறுப்புக்களும் கணக்கீட்டு அறிக்கையில் சேர்த்துக் கொள்ளப்படும்.
The related deferred income tax asset is realized or the deferred income tax liability is settled.,செலுத்தப்பட வேண்டிய வருமான வரியை மதிப்பீடு செய்யும் போது மேலே குறிப்பிட்ட வித்தியாசம் கணக்கீட்டு அறிக்கை தினத்தில் நடைமுறையிலுள்ள வரி வீதத்திற்கு அமைய கணக்கிடப்படும்.
The tax expense for the period comprises current and deferred tax.,முன்னெடுக்கப்படும்பெறுமதிக்கிடையிலான வித்தியாசம் கவனத்திற் கொள்ளப்படும்.
"In this case, the tax is also recognized in other comprehensive income or directly in equity, respectively.",ஒத்திவைக்கப்பட்ட வருமானவரி சொத்தை முன்னெடுப்பதன் மூலம் எதிர்காலத்தில் வரி அறவிடக்கூடிய வருமானக்குறைப்புக்கு பயன்படுத்த முடியும்.
3.11 Contingent Liabilities,3.11 அவ்வப்போது நிகழும் பொறுப்புக்கள்
"Provisions are recognized when the Corporation has a present legal or constructive obligation as a result of past events, it is probable that an outflow of resources embodying economic benefits will be required to settle the obligation, and a reliable estimate of the amount of the obligation can be made.",கூட்டுத்தாபனம் கடந்த கால சந்தர்ப்பங்களில் மேற்கொண்ட சட்ட மற்றும் உடன்படிக்கைகளுக்கு அமைவான பொறுப்புகளின் பெறுபேறாக இந்தப் பொறுப்புக்களை நிறைவேற்றுவதற்கு பொருளாதார பிரதிபலன்கள் காணப்பட்டதுடன் திட்டமிட்ட மதிப்பீட்டை நிறைவேற்றக்கூடிய பொறுப்புகளும் காணப்பட்டன.
A total of 07 cases have been filed against the Corporation.,கூட்டுத்தாபனத்திற்கு எதிராக 7 வழக்குகள் தொடரப்பட்டிருந்தன.
"This disclosure is made to be in compliance with SLAS 36 (Provisions, contingent liabilities & contingent assets) Contingent liabilities are disclosed in notes to the financial statements.","கூட்டுத்தாபனத்திற்கு எதிராக வழங்கப்பட்ட உத்தரவின் போது வழக்குகளுக்கான முறைப்பாட்டாளர்களுக்காக செலுத்தப்பட வேண்டியதென மதிப்பீடு செய்யப்பட்ட நஷ்டஈடு, கணக்கீடு அறிக்கையில் வெளிப்படுத்தப்பட்டுள்ளது."
3.12 Retirement Benefit Liabilities,3.12  ஓய்வூதிய மானியப் பொறுப்புக்கள்
"Defined benefit plans define an amount of pension benefit that an employee will receive on retirement, usually dependent on one or more factors such as age, years of service and compensation.","அனுகூல நன்மைத் திட்ட கணக்கிடலில் ஊழியர் ஒருவரின் பொதுவான ஓய்வூதியம் வயது,சேவைக்காலம், நஷ்டஈட்டுக் கொடுப்பனவு என்ற விடயங்களில் அல்லது இவற்றில் சிலவற்றை அடிப்படையாகக் கொண்டு வழங்கப்படுவது ஓய்வூதியக் கொடுப்பனவாகும்."
The present value of the defined benefit obligation is determined by discounting the estimated future cash outflows using interest rates of government bonds as no active market for high-quality corporate bonds in Sri Lanka.,அனுகூல நன்மைத் திட்ட கணக்கீட்டுக்கு அமைவாக தேய்மானத்தில் உள்வாங்கப்பட்ட சேவைக்காலப் பொறுப்புகள் நிதிப் பாய்ச்சலுக்கு அமைவாக கணக்கிடப்படுகிறது.
"Past-service costs are recognized immediately in income, unless the changes to the pension plan are conditional on the employee remaining in service for a specified period of time (the vesting period), In this case, the past-service costs are amortized on a straight-line basis over the vesting period.",கூட்டுத்தாபன பணிக்கொடை சுயேற்சையான காப்பீடு தொடர்பான கணக்கீடுஅடிப்படையிலேயே இடம்பெறும் அனுகூல நன்மைத் திட்ட கணக்கிடலின் போது தற்போதைய சேவைக்கடன் செலவு வட்டி மற்றும் சொத்து அடிப்படையில் எதிர்பார்க்கப்படும் வருமானம் ஆகியன கவனத்திற்கொள்ளப்படும்.
3.13 Defined Contribution Plans,3.13 வரையறுக்கப்பட்ட பங்களிப்புத் திட்டங்கள்
"All employees of the Corporation are members of the Employees’ Provident Fund (EPF) and Employees’ Trust Fund (ETF), to contribute 15% and 3% respectively of such employees’ basic salary or wages, cost of living and meal allowance (non executive employees).",கூட்டுத்தாபனத்தின் அனைத்து ஊழியர்களும் ஊழியர் சேமலாபநிதி மற்றும் ஊழியர் நம்பிக்கை நிதியின் உறுப்பினர்களாவதுடன் ஊழியர்களின் அடிப்படை சம்பளம் வாழ்க்கைச் செலவு கொடுப்பனவு உணவுக்கான கொடுப்பனவு ஆகியவற்றின் நடைமுறை அடிப்படையில் 15% ற்கும் 3% ற்கும் இடைப்பட்ட அளவிலான தொகையை மேலே குறிப்பிட்ட இரண்டு நிதியங்களுக்கும் கூட்டுத்தாபனம் பங்களிப்புச் செய்கின்றது.
Corporation’s contribution to the defined contribution plans are recognized as an expense in the income statement when incurrent.,இது கூட்டுத்தாபனத்தின் செலவு வருமானக் கணக்கீட்டில் குறிப்பிடப்பட்டுள்ளது.
3.14 Grants,3.14.   வழங்கல்
3.14 – 1 Local Grants,3.14.1 உள்நாட்டு வழங்கல்
The grants have been amortized at the rate of 20% per annum.,வழங்கல் ( அரசாங்க வழங்கலும் வெளிப்படுத்தலும் ) இன் நியதிகளின் படி 20% கடன் குறைப்பு செய்யப்பட்டுள்ளது. (14 வது குறிப்பைப் பார்க்கவும்)
3.14 – 2 Foreign Grants,3.14 - 2  வெளிநாட்டு வழங்கல்
These equipments will give the corporation the editing to create 2D & 3D animations.,இந்த உபகரணங்கள் கூட்டுத்தாபனத்தின் இருபரிமாண மற்றும் முப்பரிமாண நேரலைத் தயாரிப்புக்காகக் கிடைத்தமையாகும்.
3.15 Revenue,3.15  வருமானம்
Revenue of the Corporation is accounted for on an accrual basis and Interest income on investment is also recognized in the same basis.,கூட்டுத்தாபனத்தின் வருமானக் கணக்கீட்டு அறிக்கை சரியான அடிப்படையிலேயே முதலீட்டு வருமான அறிக்கை அதன் அடிப்படையிலேயே வைக்கப்படுகிறது.
Revenue is measured at the value of the consideration receivable.,வருமானத்தைக் கருத்திற்கொள்ளும் போது காலப்பகுதிக்கு கிடைத்த மற்றும் கிடைக்க வேண்டிய அனைத்து வருமானத்திற்கான நியாயமான மதிப்பீடு கவனத்தில் எடுத்துக்கொள்ளப்பட்டுள்ளது.
The corporation recognizes revenue when the amount of revenue can be reliably measured; when it is probable that future economic benefits will flow to the corporation the primary source of revenue is derived from Sale of airtime.,கூட்டுத்தாபனத்தின் வருமானம் என்ற ரீதியில் கவனத்திற் கொள்ளப்படுவது நியாயமான வருமானத்தை மதிப்பிடக்கூடியதும் வருமானத்தின் எதிர்கால பொருளாதாரப் பலன்கள் கூட்டுத்தாபனத்திற்கு கிடைக்குமாயின் மட்டுமே. ஒளிபரப்பு நேர விற்பனையின் மூலம் பெறப்படும் வருமானம் கூட்டுத்தாபனத்திற்கான முக்கிய வருமான உபாயமாகும்.
Other sources of income recognized in the income statement are given as a note to the income statement.,வருமானக் கணக்கீட்டில் உள்ளடக்கப்பட்டுள்ள ஏனைய வருமானம் வருமானக் கணக்கீட்டு அறிக்கையில் குறிப்பிடப்பட்டுள்ளது.
3.16 Accounting for Expenditure,3.16 செலவுகள் தொடர்பான கணக்குப் பதிவு
"Expenditure of the Corporation is accounted for on accrual basis,",கூட்டுத்தாபனத்தின் செலவுகள் அன்றாட வர்த்தகச் செயற்பாட்டு அடிப்படையில் கணக்கிடப்பட்டுள்ளது.
"Charging all expenses incurred in the day to day operations of the business and in maintaining the property, plant & equipment in a state of efficiency.",நாளாந்த நடவடிக்கைகள் மற்றும் சொத்துத் தேய்மானம் உபகரண செயற்பாட்டுத் திறனுக்கு முன்னெடுப்பதற்காக நாளாந்தம் ஒதுக்கிடப்படும் அனைத்து செலவுகளும் இதற்கு உட்பட்டதாகும்.
3.17 Cash Flow Statement,3.17  பணப்பாய்ச்சல்
The Cash Flow Statement has been prepared using the indirect method.,பணப்பாய்ச்சல் கணக்கீட்டு அறிக்கை மறைமுக அடிப்படையில் தயாரிக்கப்படுகிறது.
Cash and cash equivalents consists of cash in hand and bank current account balance.,நிதி மற்றும் பணத்திற்குச் சமமானதுமான மதிப்பீடு கையிருப்பிலுள்ள பணம் மற்றும் வங்கி நடப்பு கணக்கைக் கொண்டுள்ளது.
3.18 Events after the Balance Sheet Date,3.18 ஐந்தொகைக்குப் பின்னரான நிகழ்வுகள்
"All material post balance sheet events have been considered and disclosed or adjusted, where applicable.",ஐந்தொகை தயாரிக்கப்பட்டதன் பின்பு நடைபெற்ற அனைத்து நிகழ்வுகளையும் கவனத்திற் கொண்டு வெளிப்படுத்தல் அல்லது ஏற்புடைமை செய்யப்பட்டுள்ளது.
3.19 Rupavahini Social Welfare Fund-(Tsunami),3.19  ரூபவாஹினி சமூக நல நிதி
"The source of these funds was from the general public, in response to various campaigns carried out by the corporation aftermath the Tsunami catastrophe, in the year 2004. The Account balance is given in the table below.",2004 ம் ஆண்டில் ஏற்பட்ட சுனாமி அனர்த்தத்தின் பின்னர் மேற்கொள்ளப்பட்ட பல்வேறு நிகழ்ச்சிகள் மூலம் பொதுமக்களிடமிருந்து சேர்க்கப்பட்ட பணத்தைக் கொண்டதாக சமூக நல நிதி அமைந்துள்ளது.
Table 6 – Social Welfare Fund Balance as at 31/12/2012,அட்டவணை 6 - 2012.12.31 அன்று சமூக நல நிதியத்தின் இருப்பு
Balance as at 01/01/2012,2012.01.01 அன்று மிகுதி
Interest earned for the period,காலப்பகுதிக்கான வட்டி
Fund Balance at the end of the year 2012,2012ம் வருட இறுதியில் நிதியத்தின் இருப்பு
The Social Welfare Fund is an integrated part of statement of financial position.,சமூக நல நிதிநிலை கணக்கீட்டு அறிக்கையில் ஒரு பிரிவாக     உள்ளடக்கப்பட்டுள்ளது.
4. Intangible Asset,4.   அடையாளங் காணப்படாத சொத்துக்கள்
(Copyright fees paid),( பதிப்பக உரிமைக்கான கட்டணம் )
"Copyright fees paid to acquire telecast rights of programmes (either local or foreign) & cost of produced programmes (teledramas, motion pictures, films & etc) that meet the triple criteria of being able to identify, control & existence of future economic benefits as defined in LKAS 38","நிகழ்ச்சி ஒளிபரப்பு உரிமைக்காக செலுத்த வேண்டிய ஆக்க உரிமை   (உள்ளுர் அல்லது வெளிநாடு) செலவு அல்லது கூட்டுத்தாபனத்தின் மூலம் தயாரிக்கப்படும் தயாரிப்புக்களின் ( தொலைக்காட்சி நாடகம், காட்சிப் படங்கள், திரைப்படம் மற்றும் ஏனையவை) செலவு LKAS 38க்கு அமைவாக் கருதப்படுகிறது."
"In order to be treated as such, there are three factors that must be recognized, such as the ability to control the detection and the potential economic benefits of the future: the intangible assets should be amortized under the following policies.","அவ்வாரு அடையாளங் காணப்படாத சொத்துக்களாக கருதப்பட வேண்டுமாயின் அதனை அடையாளங்காணும் ஆற்றல், நிர்வகிக்கக்கூடிய மற்றும் எதிர்காலத்தில் பொருளாதார நன்மைகளை பெறமுடிகின்றமை ஆகிய 3 விடயங்களில் ஒன்று அல்லது பலவற்றை நிறைவு செய்யாத நிகழ்ச்சிகளுக்கான ஆக்கஉரிமை செலவுக் கணக்கில் கவனத்தில் கொள்ளப்படும்."
Table 7 – a) the policy for amortization of acquired (or procured) programmes and in-house produced programmes.,அட்டவணை 7 A பதிப்பக உரிமைக்கான கட்டணம்
Amortization Policy,செலுத்தப்பட வேண்டிய நடைமுறை
Acquired (or produced) local teledramas and films,பெற்றுக்கொண்ட அல்லது கொள்வனவு செய்யப்பட்ட உள்ளுர் நாடகம் மற்றும் திரைப்படம்
If the number of runs are not exhausted as defined in the contract within the contract period then to recognize the balance amount capitalized as expenditure at the end of the contract.,ஒப்பந்த உடன்படிக்கையின் காலப்பகுதியில் உரிய தவணைப்படி ஒளிபரப்ப முடியாத பட்சத்தில் எஞ்சியிருக்கும் தொடர் பாகங்களுக்காக செலுத்தப்படுவதற்காக ஒதுக்கப்பட்ட செலவு ஒப்பந்த காலப் பகுதியின் இறுதியில் செலவாகக் கருதப்பட வேண்டும்
Acquired (or produced) local programmes (other than local teledramas and films),பெற்றுக்கொண்ட அல்லது கொள்வனவு செய்யப்பட்ட உள்ளுர் நாடகம் மற்றும் திரைப்படம் அல்லாத தேசிய நிகழ்ச்சிகள்
If the number of runs are not exhausted as defined in the contract within the contract period then to recognize the remaining capitalized amount as expenditure at the end of the contract..,ஒப்பந்த உடன்படிக்கையின் காலப்பகுதியில் உரிய தவணைப்படி ஒளிபரப்ப முடியாத பட்சத்தில் எஞ்சியிருக்கும் தொடர் பாகங்களுக்காக செலுத்தப்படுவதற்காக ஒதுக்கப்பட்ட செலவு ஒப்பந்த காலப் பகுதியின் இறுதியில் செலவாகக் கருதப்பட வேண்டும்.
Acquired (or produced) foreign films/Soap operas,பெற்றுக்கொண்ட அல்லது கொள்வனவு செய்யப்பட்ட வெளிநாட்டுத் திரைப்படம் அல்லது இசை நிகழ்ச்சிகள்
If the number of runs are not exhausted as defined in the contract within the contract period then to recognize the balance capitalized as expenditure at the end of the contract.,ஒப்பந்த உடன்படிக்கையின் காலப்பகுதியில் உரிய தவணைப்படி ஒளிபரப்ப முடியாத பட்சத்தில் எஞ்சியிருக்கும் தொடர் பாகங்களுக்காக செலுத்தப்படுவதற்காக ஒதுக்கப்பட்ட செலவு ஒப்பந்த காலப் பகுதியின் இறுதியில் செலவாகக் கருதப்பட வேண்டும்.
Acquired (or produced) foreign programmes (other than foreign films /Soap operas),பெற்றுக்கொண்ட அல்லது கொள்வனவு செய்யப்பட்ட வெளிநாட்டுத் திரைப்படம் மற்றும்  இசை நிகழ்ச்சிகள் அல்லாத வெளிநாட்டு நிகழ்ச்சிகள்
If the number of runs are not exhausted as defined in the contract within the contract period then to recognize the remaining  capitalized amount as expenditure at the end of the contract,ஒப்பந்த உடன்படிக்கையின் காலப்பகுதியில் உரிய தவணைப்படி ஒளிபரப்ப முடியாத பட்சத்தில் எஞ்சியிருக்கும் தொடர் பாகங்களுக்காக செலுத்தப்படுவதற்காக ஒதுக்கப்பட்ட செலவு ஒப்பந்த காலப் பகுதியின் இறுதியில் செலவாகக் கருதப்பட வேண்டும்.
Teledramas produced in house to obtain 50% of the expenditure from the first run and to mortise the balance 50% in 10 years.,கூட்டுத்தாபனத்தினால் தயாரிக்கப்பட்ட தொலைக்காட்சி நாடகங்கள்  முதற்தடவையாக ஒளிபரப்பு செய்யப்படும் போது செலவில் 50% மும் எஞ்சிய 50% ம் பத்து வருட காலப்பகுதியில் பொதுவான தவணைக் கட்டணங்களில் தேய்மானத்திற்குள் உள்வாங்கப்பட வேண்டும்.
Teledramas produced in house to obtain 50% of the expenditure from the first run and to mortise the balance 50% in 10 years.,கூட்டுத்தாபனத்தினால் தயாரிக்கப்பட்ட தொலைக்காட்சி நாடகங்கள் அல்லாத நிகழ்ச்சிகள்  முதற்தடவையாக ஒளிபரப்புச் செய்யும் போது செலவில் 50% மும் எஞ்சிய 50% ம் பத்து வருட காலப்பகுதியில் தேய்மானத்திற்குள் உள்வாங்கப்பட வேண்டும்.
Acquired (or produced) foreign film and Soap Operas are to obtain 50% of the expenditure from the first and to mortise the balance 50% for 10 years is an equal amount.,ஒப்பந்தத்தின் படி ஒப்பந்த காலம் தொடர்பில் வரையறை செய்யாது கொள்வனவு செய்யப்பட்ட அல்லது பெற்றுக்கொண்ட வெளிநாட்டு திரைப்படம் மற்றும் இசை நிகழ்ச்சிகள் முதற்தடவையாக ஒளிபரப்புச் செய்யும் போது செலவில் 50% மும் எஞ்சிய 50% ம் பத்து வருட காலப்பகுதியில் தேய்மானத்திற்குள் உள்வாங்கப்பட வேண்டும்.
Acquired (or produced) foreign film and Soap Operas are to obtain 50% of the expenditure from the first and to mortise the balance 50% for 10 years is an equal amount.,ஒப்பந்தத்தின் போது ஒப்பந்த காலத்தை வரையறை செய்யாது கொள்வனவு செய்யப்பட்ட அல்லது பெற்றுக்கொண்ட வெளிநாட்டுத் திரைப்படம் மற்றும் இசை நிகழ்ச்சிகள் அல்லாத நிகழ்ச்சிகள் முதற்தடவையாக ஒளிபரப்புச் செய்யும் போது செலவில் 50% மும் எஞ்சிய 50% ம் பத்து வருட காலப்பகுதியில் தேய்மானத்திற்குள் உள்வாங்கப்பட வேண்டும்.
Table 7 – b) Copyright Fee,அட்டவணை 7 –B  பதிப்புரிமைக் கட்டணம்
Purchase of Tele drama,தொலைக்காட்சி நாடகக் கொள்வனவு
Procurement of Foreign Programme,வெளிநாட்டு நிகழ்ச்சிக் கொள்வனவு
In-house Produced Tele drama,ஒளிபரப்பு செய்யப்படாத உள்ளக நிகழ்ச்சிகள்
Local Programme not-telecast,ஒளிபரப்பு செய்யப்படாத உள்ளுர் நிகழ்ச்சிகள்
WIP Local Programme,WIP நிகழ்ச்சிகள்
In-house Production Others,ஏனைய உள்ளக தயாரிப்புக்கள்
Balance as at 01/01/2010,01/01/2010 நிலுவை
Balance as at 01/01/2011,01/01/2011 நிலுவை
Addition,மேலதிகமானவை
Balance as at 01/01/2012,01/01/2012 நிலுவை
Investment Income,முதலீட்டு வருமானம்
Tables 8 – Amounts of Investment Income in the year 2012,அட்டவணை 8 – 2012 ஆம் ஆண்டில் முதலீட்டு மூலமான வருமானம்
Type of Investment,முதலீடு  வகை
Treasury Bill (Bank of Ceylon),திறைசேரி உண்டியல் (இலங்கை வங்கி)
Fixed Deposits (Bank of Ceylon),நிரந்தர வைப்பீடு (இலங்கை வங்கி)
SMIB Fixed Deposit (State Mortgage & Investment Bank),SMIB  நிரந்தர வைப்பீடு (அரச ஈட்டு மற்றும் முதலீட்டு வங்கி)
State Super trust Fund,அரச தற்காளக நம்பிக்கை நிதியம்
Special Housing Loan Scheme (State Mortgage & Investment Bank),விசேட வீட்டுக் கடன் திட்டம் (அரச ஈட்டு மற்றும் முதலீட்டு வங்கி)
Savings Account (Bank of Ceylon),சேமிப்பு கணக்கு (இலங்கை வங்கி)
Total Investment Income,தொகை முதலீட்டு வருமானம்
9. Related party disclosures,9. சம்பந்தப்பட்ட தரப்பினருடைய வெளிப்பாடு
"The Corporation carries out transactions in the ordinary course of its business with parties who are defined as related parties in Sri Lanka Accounting Standard 24 “Related Party disclosures”, the details of which are reported below.",கூட்டுத்தாபனம் தனது வர்த்தக நடவடிக்கைகள் சம்பந்தப்பட்ட தரப்பினருடன் நடைமுறை இலங்கை கணக்காய்வாளர் கொள்கைக்கு உட்பட்ட கணக்கீட்டுக் தரவரிசை 24 “சம்பந்தப்பட்ட தரப்பு வெளிப்பாடு”க்கு அமைவாக பின்வருமாறு குறிப்பிடப்பட்ட விடயங்களுக்கு அமைவாக மேற்கொள்கிறது.
No,இல
Nature of the related party transaction,சம்பந்தப்பட்ட தரப்பினருடன் கொடுக்கல் வாங்கல்
Address,முகவரி
No related party transaction,சம்பந்தப்பட்ட தரப்பினருடன் கொடுக்கல் வாங்கல் இல்லை
"No. 75/852, Susithapura,","இல. 75/852 சுசிதபுர ,"
Malabe.,மாலபே
Board Member,பணிப்பாளர் சபை
Asst.Director Ministry of Education,உதவிப்பணிப்பாளர் கல்வி அமைச்சு
"52, Ariyadasa Peiris Mw,","52, ஆரியதாச பீரிஸ் மாவத்தை,"
Nugegoda,நுகேகொட.
Board Member,பணிப்பாளர் சபை உறுப்பினர்
Senior Lecturer,சிரேஷ்ட விரிவுரையாளர்
"37, 1st Lane,","37, 1ம் குறுக்குத் தெரு"
"Aruppola,","அருப்பொல,"
Kandy.,கண்டி.
Board Member,"பணிப்பாளர் சபை உறுப்பினர்,"
(Ministry of Finance & Planning),(நிதி மற்றும் திட்ட அமைச்சு)
"34/1, Praja Road,","34/1, பிரஜா வீதி,"
"Madiwela,","மாதிவெல,"
Kotte.,கோட்டே
Sri Lanka Broadcasting Corporation,இலங்கை ஒலிபரப்புக் கூட்டுத்தாபனம்
"No.255/B11,Torrington Garden,","255/B 11, டொரிங்டன் உதானய,"
"Torrington Avenue,","டொரிங்டன் அவனியூ,"
Colombo 07,கொழும்பு-07
National Film Corporation,தேசிய திரைப்படக் கூட்டுத்தாபனம்
"No. 30, School Avenue,","இல.30, ஸ்கூல் எவினியு,"
Kalubowila.,களுபோவில
No related party transaction,சம்பந்தப்பட்ட தரப்பினருடன் கணக்கு வழக்கு இல்லை
"“Wanamalee”,","“வனமாலி”,"
"Old Road,","பழைய வீதி,"
Barawakumbuka.,பரவாகும்புக
(Engineering),(பொறியியலாளர்)
"24, Sri Sumangala Road,","24, சிரி சுமங்கல வீதி,"
Ratmalana,இரத்மலான
(Finance Manager),(நிதி முகாமையாளர்)
"No. 200/5, Sri Rahula Mawatha,","200/5 சிரி ராகுல மாவத்த,"
"Katubedda,","கட்டுபெத்த,"
Moratuwa.,மொரட்டுவ.
Deputy Director General,பணிப்பாளர் நாயகம்
(Production Service),(தயாரிப்புச் சேவை)
"295/1A, Mahawatta Road,","295/1 A , மாவத்த வீதி,"
Kottikawatta.,கொடிக்காவத்த
Deputy Director General,பிரதிப்பணிப்பாளர் நாயகம்
(Programme),(நிகழ்ச்சிகள்)
"71E,Ihalagama,","71 B/ ஹிகலகம,"
Gampaha,கம்பஹா.
(Administration),(நிர்வாகம்)
"125,Mahawatta,","125, மஹவத்த,"
"Wewalduwa,","வௌல்துவ,"
Kalaniya.,களனி
(News & Current Affairs),(செய்தி மற்றும் நடப்பு விவகாரம்)
"55, Meegahawatta,","55, மீகஹவத்த,"
Delgoda.,தெல்கொட
Acting Director,பதில் பணிப்பாளர்
(Marketing Manager),(சந்தைப்படுத்தல்)
"No.534,Bevilgamuwa,","இல. 534, பெவில்கமுவ,"
Pothuhara.,பொதுஹெர.
Sri Lanka Rupavahini Corporation Notes to the financial statements,2011 ஆம் ஆண்டு டிசம்பர் 31ம் திகதியுடனான வருடத்திற்கான நிதிக்கூற்றுத் தொடர்பான குறிப்பு
Rs.’000,ரூ.‘000
01. Revenue,01. வருமானம்
Sale of TV time – channel 1,ரூபவாஹினி ஒளிபரப்பு நேர விற்பனை – அலைவரிசை 1
Sale of TV time – channel Eye,ரூபவாஹினி ஒளிபரப்பு நேர விற்பனை – அலைவரிசை ஐ
Sale of TV time – contra deal,ரூபவாஹினி ஒளிபரப்பு நேர விற்பனை – மீள் வர்த்தக உடன்படிக்கை
N.B.T on sale of TV time,ஒளிபரப்பு நேர விற்பனை மீதான தேசத்தை கட்டியெழுப்பும் வரி
Total Revenue,மொத்த வருமானம்
02. Other operating income,02. ஏனைய நடவடிக்கை மூல வருமானம்
Production income,தயாரிப்பு வருமானம்
Investment income (Please refer table 8),முதலீட்டு வருமானம் (8ம் குறிப்பை பார்க்க)
Transfer fees,பரிமாறல் கட்டணம்
Profit on disposal property plant & equipment,சொத்துக்களை விற்றதன் மூலமான வருமானம்
Rent from canteen,உணவகத்திளிருந்தான வாடகை
Departmental fines,திணைக்கள தண்டப்பணம்
Interest on loans to employees,ஊழியர்களுக்கான கடன் வட்டி
Miscellaneous income,இதர வருமானம்
Amortization of foreign aid,வெளிநாட்டு உதவி
Non-refundable tender deposits,திருப்பிச் செலுத்தப்படாத கேள்விப்பத்திர வைப்பு
Registration fees,பதிவு செய்வதற்கான கட்டணம்
Sales of programme material,நிகழ்ச்சிப் பொருட்கள் விற்பனை
Registration fee – TV dealers,பதிவு செய்வதற்கான கட்டணம் - தொலைக்காட்சி முகவர்
Utilization of Sri Lanka Rupavahini Corporation facilities (foreign),கூட்டுத்தாபன வசதி பயன்பாடு (வெளிநாடு)
AIBD training course income,AIBD கற்கைநெறிகளில் வருமானம்
Income from Diploma course,டிப்ளோமா கற்கைநெறிகளில் வருமானம்
Loan impairment gain,கடன் குறைபாடு ஆதாயம்
Sale of magazine,சஞ்சிகை விற்பனை
Commercial promotional income,சந்தைப்படுத்தல் மேம்பாட்டு வருமானம்
Other charges - clients,வாடிக்கையாளர்களை ஈடு செய்துவிடும் பிறக்கட்டணம்
Government grant,அரசாங்கத்தின் நன்கொடை
Total other operating income,மொத்த ஏனைய நடவடிக்கை மூலமான வருமானம்
3. Cost of sales,03. விற்பனை
3.1 Educational Programme expenses,3.1. கல்வி நிகழ்ச்சிகளுக்கான செலவு
Artiste fees,கலைஞர்களுக்கான கொடுப்பனவு
Refreshments,உபசரிப்புச் செலவு
Make-up materials,ஒப்பனைச் செலவுகள்
Incidental expenses,ஏனைய செலவுகள்
Graphic material,ஊடக உருவ மற்றும் நேரலைக்கான பொருட்கள்
Stage design,மேடை அலங்காரம்
Video cassettes & tapes,கசட் மற்றும் டேப்
Hire of transport facilities,போக்குவரத்து வசதிக்காக வாடகைக்கு பெற்றமை
Hire of equipment facilities,உபகரணங்கள் வாடகைக்கு பெற்றமை
Hire of facilities (Theatre / Audio),வசதி (கலையகம்) வாடகைக்கு பெற்றமை
Hire of sound equipment,ஒலிப்பெருக்கி உபகரணம் வாடகைக்கு பெற்றமை
Lodging,தங்குமிடம்
Still photographs,புகைப்படம்
Travelling & subsistence,பயணச் செலவு மற்றும் விநியோக கொடுப்பனவு
Purchase of copy/production/TV right,நிகழ்ச்சி பிரதி மற்றும் தொலைக்காட்சி ஒளிபரப்பு உரிமையை கொள்வனவு செய்தமை
Premises,இட வாடகை
Special event,விசேட கொடுப்பனவு
Channel Eye,அலைவரிசை ஐ
Artiste fees,கலைஞர்களுக்கான கட்டணம்
Previewing & monitoring chargers,கண்காணிப்பு முழுக்காட்சி மற்றும் கட்டணம்
Refreshment,உபசரிப்பு செலவு
Hire of equipment/ transport,உபகரணங்களை வாடகைக்கு வாங்கியமை
Hire of transport,போக்குவரத்து வசதி
Hire of sound equipment,ஒலிபெருக்கி உபகரணத்தை வாடகைக்கு வாங்கியமை
Travelling & subsistence,போக்குவரத்து செலவு மற்றும் விநியோகத்திற்கான கொடுப்பனவு
Still photographs,அசையாப் புகைப்படங்கள்
Procurement of programme material - foreign,நிகழ்ச்சிகளுக்கான பொருட்களை கொள்வனவு செய்தமை - (வெளிநாடு)
Accommodation,தங்குமிடம்
Video cassettes & tapes,கசற் மற்றும் டேப்
Stage design /sets,மேடை வடிவமைப்பு மற்றும் பின்புல நிர்மாணம்
Hire of facilities (Theatre / Audio),வசதிகளை வாடகைக்கு வாங்கியமை (மேடை மற்றும் ஓசை)
Premises,படப்பிடிப்புக்கான இடத்தை வாடகைக்கு வாங்கியமை
Make-up materials,ஓப்பனைப் பொருட்கள்
Educational Program,கல்வி நிகழ்ச்சிகளுக்கான செலவுகள்
3.2 General Programme expenses,3.2 பல்வேறு நிகழ்ச்சிகளுக்கான செலவுகள்
Artists fees,கலைஞர்களுக்கான கொடுப்பனவு
Previewing & monitoring charges,முழுமையான காட்சி மற்றும் மதிப்பீட்டுக் கட்டணம்
Refreshment allowance,உபசரிப்புச் செலவு
Purchase of copy /Production TV right,நிகழ்ச்சி பிரதி மற்றும் தொலைக்காட்சி ஒளிபரப்பு உரிமையை கொள்வனவு செய்தல்
Stage & design / sets/ props,மேடை நிர்மானம் படப்பிடிப்புக்கான இடத்தை அவதானித்தல்
Make-up materials,அலங்காரப் பொருட்கள்
Video cassettes  & tapes,கசற் மற்றும் டேப்
Graphic & animation materials,ஊடக உருவம் மற்றும் உயிரூட்டல் பொருட்கள்
Still photographs,அசையாப் புகைப்படம்
Hire of equipment facilities,உபகரண வசதிகளை வாடகைக்கு பெற்றமை
Procurement programme materials - foreign,நிகழ்ச்சிகளுக்கான பொருட்களை கொள்வனவு செய்தமை - (வெளிநாடு)
Travelling & subsistence,பயண செலவு மற்றும் வநியோகத்திற்கான கொடுப்பனவு
Special event,விசேட சந்தர்ப்பங்கள்
Lodging,தங்குமிடத்துக்கான கட்டணம்
Hire of facilities (Theatre / Audio),மண்டப வசதிகளை வாடகைக்கு பெற்றமை (குரல்)
Hire of sound equipment,ஓசை உபகரணங்களை வாடகைக்கு பெற்றமை
Hire of transport,போக்குவரத்து வசதிகளை வாடகைக்கு பெற்றமை
Premises,படப்பிடிப்பிற்கான இடங்களை வாடகைக்கு பெற்றமை
Satellite cost,செய்மதி செலவு
NTV channel,என்ரிவி அலைவரிசை
Expenses for NTV channel (block vote),என்ரிவி அலைவரிசைக்கான செலவு (பொது)
Rent of antenna tower at Sri Lanka Rupavahini Corporation,ஒலிபரப்புக் கூட்டுத்தாபனத்தின் ஒளிபரப்புக் கோபுரத்தை பயன்படுத்தியமைக்கான வாடகை
Reimbursement of electricity charges Sri Lanka Rupavahini Corporation,ஒலிபரப்புக் கூட்டுத்தாபனத்தின் மின்சாரக் கட்டணம்
Artist fees,கலைஞருக்கான கொடுப்பனவு
Refreshments,உபசரிப்பு செலவு
Accommodation,தங்குமிட கட்டணம்
Travelling & subsistence,பயண செலவு மற்றும் விநியோகத்திற்கான கொடுப்பனவு
Hire of transport facilities,போக்குவரத்து வசதியை வாடகைக்கு பெற்றமை
Hire of equipment facilities,உபகரண வசதிக்காக வாடகைக்கு பெற்றமை
Hire of facilities (theatre /Audio),நிகழ்ச்சி தயாரிப்பு வசதிகளை வாடகைக்கு பெற்றமை
Video cassettes & tapes,கெசட் மற்றும் டேப்
Stage design / sets,மேடை அலங்கார பொருட்கள்
3.3 News Programme expenses,3.3 செய்தி நிகழ்ச்சிகளுக்கான செலவுகள்
Payments to news readers / editors,அறிவிப்பாளர்களுக்கான கொடுப்பனவு/ ஆசிரியர்
News gathering - local,செய்தி சேகரிப்பு – உள்ளுர்
News gathering - foreign,செய்தி சேகரிப்பு – வெளிநாடு
Incidental expenses,இதர செலவு
Satellite & related charges - local,செய்மதியும் அதனுடன் தொடர்பான செலவுகளும் - உள்ளுர்
Satellite & related charges - foreign,செய்மதியும் அதனுடன் தொடர்பான செலவுகளும் – வெளிநாடு
ABU’s fixed & variable charges,ஆசிய வானொலிச் சங்கத்தின் நிலையான மற்றும் மாறும் செலவுகள்
Current affairs (block vote),நடப்பு விவகாரம் (பொது)
Transport news vehicle,செய்தி போக்குவரத்துக் கட்டணம்
Web streaming service,இணையத்தள அலைப்படுத்தல் செலவுகள்
Video cassettes  & tapes,கட்புல பேழைகள் டேப்
Refreshment allowances,உபகாரச் செலவு
Design / news sets,செய்தி பின்புல தயாரிப்பு
Artist fees,கலைஞர்களுக்கான கொடுப்பனவு
Hire of equipment facilities,உபகரண வசதி வாடகைக் கொடுப்பனவு
Hire of sound equipment,ஒலிபெருக்கி வாடகை
Travelling & subsistence,போக்குவரத்து மற்றும் விநியோகச் செலவு
Accommodation,விடுதி வசதி
Sets/props (current affairs),ஒப்பனை பின்புல ஏற்பாடு (நடப்பு விவகாரம்)
Hire of transport facilities (current affairs),போக்குவரத்து வசதியை வாடகைக்கு பெற்றமை (நடப்பு விவகாரம்)
Hire of facilities (Theatre/Audio)(current affairs),உபகரணங்களை வாடகைக்கு அமர்த்துதல் (நடப்பு விவகாரம்)
Still photographs (current affairs),நடப்பு நிகழ்வுகளின் ஒளிப்பதிவு
Live streaming,நேரலை ஒளிப்பாய்ச்சல்
On demand video streaming,விடியோ ஒளிப்பாய்ச்சல்
Special events,விசேட சந்தர்ப்பங்கள்
3.4 Commercial production expenses,3.4 வர்த்தக நிகழ்ச்சிகள் தயாரிப்புச் செலவுகள்
Refreshment allowances,உபசரிப்புச் செலவு
Stage & design /sets/props,மேடை/படப்பிடிப்பு இடம்/பின்னணிக் காட்சிகள்
Hire of transport facilities,போக்குவரத்து வாடகை   உபகரண வாடகை
Hire of equipment facilities,உபகரண சேவைக்கான வாடகை
Incidental expenses,இடை செலவுகள்
Travelling & subsistence,போக்குவரத்து இணைந்த படிகள்
Accommodation & premises,விடுதி மற்றும் இடம் வசதி
Hire of sound equipment,ஒலிபரப்புக் கருவி வாடகை
Video cassettes & tapes,கட்புல பேழைகள் டேப்
Make-up materials,உருவங்களின் தயாரிப்புக்கான பொருட்கள்
Stationery,காகிதாதிகள்
Still photographs,புகைப்படங்கள்
3.5 Other production expenses,3.5 பிற உற்பத்திச் செலவுகள்
Salaries & other allowances,சம்பளம் மற்றும் இதர கொடுப்பனவுகள்
(for production staff),(தயாரிப்பு ஊழியர்)
Salaries/allowances –,சம்பளம் / கொடுப்பனவுகள்
Permanent Staff,(நிரந்தர பணியாளர்கள்)
Contract Staff,(ஒப்பந்த பணியாளர்கள்)
Relief Staff,(நிவாரண பணியாளர்கள்)
Overtime,மிகை நேரக் கொடுப்பனவுகள்
Corporation share of EPF,ஊழியர் சேமலாபநிதி ஊழியர் பங்களிப்பு
Corporation share of ETF,ஊழியர்  சேமலாபநிதி கூடடுத்தாப பங்களிப்பு
Holiday pay,விடுமுறை ஊதியம்
Week-end payment for executive,நிர்வாக அதிகாரிகளின் வார இறுதிநாள் கொடுப்பனவுகள்
Hardship/altitude /heavy duty,"கனரக, மற்றும் கனமான வேலை கொடுப்பனவுகள்"
Duty officers/engineering fees,கடமை அதிகாரிகள் மற்றும் பொறியியலாளர் கட்டணம்
Incentive allowance,ஊக்குவிப்பு உதவித்தொகை
Meal allowance – Non executive,உணவுக் கொடுப்பனவு வழங்கப்படாத - நிறைவேற்று அதிகாரி அல்லாதோருக்கான கொடுப்பனவு
Transport allowance,போக்குவரத்துக் கொடுப்பனவுகள்
Enhancement medical leave,மருத்துவ கொடுப்பனவு விடுமுறை
Bonus,வெகுமதி கொடுப்பனவு
Electricity – Tx station,மின்சாரம் - TX நிலையம்
Electricity – Head office (75%),மின்சாரம் - தலைமை அலுவலகம் (75%)
Fuel for generator,மின்னாக்கி எரிபொருள்
Running expenses (75%),நடைமுறைச் செலவுகள் (75%)
Rental for Tx stations,TX நிலைய வாடகை
Repairs & maintenance - Equipment,"உபகரணங்கள் பழுதுபார்த்தல், பராமரிப்பு"
Tax on foreign programmes,வெளிநாட்டு நிகழ்ச்சிகளுக்கான வரி
Commercial contra expenses,வணிக எதிர் செலவுகள்
Frequency chargers,தொடர்பாடல் கட்டணங்கள்
Leasing of satellite band with 9 MHZ,9 MHZ செய்மதி அலைவரிசை குத்தகை
Colombo – Palali link for video transmission,கொழும்பு – பலாலி வீடியோ பரிமாற்ற இணைப்பு
Rental for fiber optic link,ஒளியிழை இணைப்பு வாடகை
Hiring of third party infrastructure,மூன்றாம் உட்கட்டமைப்பு பணியமர்த்தல்
3.6 Depreciation,3.6 தேய்மானம்
Depreciation,மதிப்பிறக்க தேய்மானம்
Total cost of sales,மொத்த ஒளிபரப்பு நிகழ்ச்சி தயாரிப்புச் செலவு
4. Distribution expenses,4. விநியோகச் செலவுகள்
Agency commission,முகவர் தரகு
Promotional expenses,சந்தை வாய்ப்பு மேம்படுத்தல் செலவு
Bad debts provision,ஐயக்கடன் மானியம்
-Employee,ஊழியர்
-Sundry,நானாவித கடன்
-Clients,சேவைபெறுவோர்
Distribution Expenses,மொத்த விநியோகச் செலவு
5. Administrative expenses,5. நிர்வாகச் செலவுகள்
Member’s  remuneration,அங்கத்துவச் செலவு – அங்கத்துவ சம்பளம்
Salaries /allowances – Permanent Staff,சம்பளம் / கொடுப்பனவுகள் (நிரந்தர பணியாளர்கள்)
Salaries /allowances – Contract Staff,சம்பளம் / கொடுப்பனவுகள் (ஒப்பந்த பணியாளர்கள்)
Overtime,மிகைநேர கொடுப்பனவுகள்
Corporation share of EPF,ஊழியர் சேமலாபநிதி கூடடுத்தாபன பங்களிப்பு
Corporation share of ETF,ஊழியர் சேமலாபநிதி ஊழியர் பங்களிப்பு
Holiday pay,விடுமுறைக்கால கொடுப்பனவுகள்
Membership fees for professional executives,தொழில்சார் நிறைவேற்று உத்தியோகத்தர் அங்கத்துவக் கட்டணம்
Contribution for pension & W & O.P,ஓய்வூதியம் விதவை அனாதை நிதியப் பங்களிப்பு
Incentive allowance,ஊக்குவிப்பு கொடுப்பனவுகள்
Meal allowance – Non executive,உணவுக் கொடுப்பனவுகள் - நிறைவேற்று அதிகாரி அல்லாதோர்
Enhancement medical leave,மருத்துவ கொடுப்பனவுகள்
Incentive gratuity & compensation,ஊக்குவிப்புப் பணிக்கொடை நட்டஈடு
Bonus,வெகுமதி
Staff welfare,ஆளணி நலன்புரி சேவைகள்
Recreation,பொழுதுபோக்கு விளையாட்டு சேமநலம்
Uniform to staff,ஊழியர் சீருடை
Premium – medical insurance scheme,காப்புறுதித் தவணைப்பணம்(மருத்துவ)
Premium for accident & life insurance,காப்புறுதி தவணைப்பணம் திடீர் விபத்து மற்றும் ஆயுள்
Traveling & subsidence - Local,போக்குவரத்து செலவும் இணைந்த கொடுப்பனவுகளும் (உள்நாட்டு)
Traveling & subsidence – Mileage allowance,போக்குவரத்து செலவும் இணைந்த படிகள் மைல் கொடுப்பனவு
Traveling & subsidence - foreign,போக்குவரத்துச் செலவும் இணைந்த படிகளும் (வெளிநாட்டு)
Incidental expenses – Foreign travel,இதர செலவுகள் வெளிநாட்டுப் பயணங்கள்
Corporation refreshment / entertainment,உபசரிப்பு நடவடிக்கைகள் / பொழுதுபோக்கு
"Rent, rates & taxes","வாடகை , மற்றும் வரிகள்"
Electricity & power,மின்சாரம் மற்றும் ஆற்றல்
Telephone including rental,தொலைபேசிக்கான நிரந்தரக் கொடுப்பனவுகள்
Security service,பாதுகாப்புச் சேவைகள்
Postage,தபால்
Printing & stationary,பிரசுரங்களும் காகிதாதிகளும்
Newspapers & periodicals,பத்திரிகைகளும் தவணை வெளியீடுகளும்
Office requisites,காரியாலயத் தேவைகள்
Losses on disposal,சொத்து விற்பனை நட்டங்கள்
Exchange losses,செலாவணி மாற்று நட்டங்கள்
Sundry expenses,நானாவித செலவுகள்
Advertisement – Tender & recruitment,டென்டர் மற்றும் ஆட்சேர்ப்புக்குமான விளம்பரம்
Compensation for court cases,நீதிமன்ற வழக்குகளின் நட்டஈடு
Running expenses of motor vehicles,மோட்டார் வாகன இயங்கும் செலவுகள்
Hire of motor vehicles,மோட்டார் வாகன வாடகை
Insurance – building & other assets,காப்புறுதி கட்டடங்களும் வேறு சொத்துக்களும்
License & insurance motor vehicles,அனுமதிப்பத்திரமும் காப்புறுதியும் (வாகனங்கள்)
Repairs & maintenance – building,பழுதுபார்ப்பும் பராமரிப்பும் - கட்டடம்
Repairs & maintenance – Garden,பழுதுபார்ப்பும் பராமரிப்பும் - தோட்டம்
Repairs & maintenance – Other expenses,பழுதுபார்ப்பும் பராமரிப்பும் - வேறுசொத்துக்கள்
Computer requisites,கணினி தேவைகள்
License fee for Microsoft product & other expenses,மைக்ரோசொப்ட் தயாரிப்புக்கான அனுமதிப்பத்திர கட்டடணம்
Seminar & training programme - General,மாநாடுகளும் பயிற்சி வேலைத்திட்டங்களும்(பொது)
Anniversary celebration,ஆண்டு நிறைவு விழா
Public addressing system charges /rental,ஓலி பெருக்கித் தொகுதி கட்டணம் வாடகை
Repairs of motor vehicles,மோட்டார் வாகனப் பழுது பார்த்தல்
Publicity & propaganda,விளம்பரம் மற்றும் மேம்பாட்டு வேலைத்திட்டம்
Training expenditure – internal,பயிற்சிச் செலவுகள் (உள்ளக)
Survey & research expenses,ஆய்வு ஆராய்ச்சிச் செலவு
Donation,நன்கொடை
Public relation,பொதுமக்கள் தொடர்பு
National events,தேசிய நிகழ்வுகள்
Expenses for elections - Presidential,ஜனாதிபி தேர்தல் செலவுகள்
ABU training expenses,ABU பயிற்சிச் செலவு
Subscription fees,சந்தா கட்டணம்
Nation Building Tax,தேச நிர்மாண வரி
Retirement benefit obligation,ஓய்வுப் பணிக்கொடை மானியம்
Administrative expenses,நிர்வாகச் செலவுகள்
6. Financial & other charges,6. நிதி மற்றும் வேறு கட்டணங்கள்
Bank charges,வங்கிக் கட்டணம்
Bank interest,வங்கி வட்டி
Lease interest (Vehicle loan),குத்தகைக்கான வட்டி (வாகனக் கடன்)
Audit fees,கணக்காய்வுக் கட்டணம்
Legal fees,சட்டக் கட்டணங்கள்
Stamp duty,முத்திரை வரி
Financial & other write offs,நிதி மற்றும் தள்ளுபடி
Special levy - Treasury,விசேடவட்டி – திறைசேரி
Financial & other charges,நிதி மற்றும் வேறு கட்டணங்கள்
7. Taxation,7. வரி விதிப்பு
Profit /(loss) for the taxation,வரி விதிப்புக்கு முந்திய இலாபம்
Interest paid,வட்டி செலுத்தியமை
Corporation entertainment,கூட்டுத்தாபன உபசரிப்பு
Donations,நன்கொடைகள்
Publicity & propaganda (25%),விளம்பரங்களும் விளம்பர அமைப்புக்களும் (25%)
Commercial promotional expenses (25%),வர்த்தக மேம்பாட்டுச் செலவு(25%)
Contra expenses (50%),வர்த்தக ஒப்பந்தச் செலவு (50%)
Profit / loss on disposal,சொத்து நீக்கம் இலாபம் / நட்டம்
Tax gain / loss,சொத்து நீக்கம் தொடர்பான வரி இலாபம் / நட்டம்
Anniversary celebration,வருடாந்த கொண்டாட்ட நிகழ்வு
Provisions for gratuity,பணிக் கொடைக்கான மானியம்
Paid gratuity,செலுத்திய பணிக்கொடை
Specific bad debts write off,கழிக்கப்பட்ட நிச்சயப்படுத்தப்பட்ட ஐயக் கடன் பட்டோர்
Other income,வேறு வருமானம்
Grant for capital items,வெளிநாட்டுக் கொடுப்பனவுக் கடன் குறைப்பு
Capital allowances,மூலதன கொடுப்பனவு
Amortization of foreign aid,வெளிநாட்டு கொடுப்பனவு கடன் குறைப்பு
Business profit / (loss),வியாபார இலாபம் / நட்டம்
Other income,ஏனைய வருமானம்
Total statutory income,மொத்த சட்டரீதியான வருமானம்
35% from net profit allowable losses b/f,நிகர இலாபம் ஏற்படக்கூடிய இழப்புகள் 35%
Assessable income,வரி விதிப்புக்குரிய வருமானம்
Qualifying payments,தகுதி செலுத்தும் கட்டணம்
Taxable income,வரிக்கு உட்பட்ட வருமானம்
Tax amount (28%),வருமானவரி (28%)
SLR (1.5% from income tax),சமூகப் பொறுப்பு வரி (வருமானவரி மீதான 1.5%)
Income tax liability,வருமானவரி பொறுப்பு
Deferred tax,ஒத்திவைக்கப்பட்ட வரி
Income tax over provision for the year 2010,2010ம் ஆண்டின் விதிகளுக்கு அமைவான வருமானவரி
Income tax,வருமான வரி
"Property, Plant & equipment",சொத்து  தேய்மானம் மற்றும்  உபகரணங்கள்
Balance as at 01.01.2012.,2012.01.01 இன் மிகுதி
Additions,சேர்க்கை
Disposals,தள்ளுபடி
Balance as at 31.12.2012,2012.12.31  இன் மிகுதி
Land,காணி
Building,கட்டடம்
Furniture & Fittings,சொத்து  தேய்மானம் மற்றும்  உபகரணங்கள்
Plant & Equipment,தேய்மானம் மற்றும் உபகரணம்
Office Equipment,அலுவலக உபகரணம்
Electrical Equipment,இலத்திரனியல் உபகரணம்
Library Stocks,நூல்நிலைய நூல்கள்
Loose Tools & Accessories,தளர்வான கருவிகள் மற்றும் உபகரணங்கள்
Computer,கணணி
Accounting Software,கணக்காய்வு மென்பொருள்
Equipments for NTV,என்ரிவி அலைவரிசைக்காக பெறப்பட்ட உபகரணங்கள்
Motor Vehicle,மோட்டார் வாகனம்
Musical Instrument,இசை உபகரணம்
Caravan Equipment,கரவன் வாகனம்
Security Equipment,பாதுகாப்பு உபகரணம்
JICA Project,JICA திட்டத்தின் கீழான உபகரணம்
Total Value of Assets,மொத்த சொத்துக்களின் பெறுமதி
Balance as at 01.01.2012,2012.01.01 இன் படி மிகுதி
Additions,மேலதிகமாக
Disposals,அகற்றுதல்
Balance as at 31.12.2012,2012.12.31 இன் படி மிகுதி
Building,கட்டிடம்
Furniture & Fittings,தளபாடங்கள் மற்றும் பொருத்துதல்
Equipment for NTV,என்ரிவி அலைவரிசைக்கான உபகரணங்கள்
Electrical Equipment,இலத்திரனியல் உபகரணங்கள்
Library Stocks,நூலகப் புத்தகங்கள்
Loose Tools & Accessories,சிறிய ஆயுதங்களும் உபகரணங்களும்
Computer,கணணிகள்
Motor Vehicle,மோட்டார் வாகனங்கள்
Musical Instrument,இசைக்கருவிகள்
Security Equipment,பாதுகாப்பு உபகரணங்கள்
JICA Equipment received under the project,JICA திட்டத்தின் கீழான உபகரணம்
Total Depreciation,மொத்த சொத்துக்களின் தேய்மானம்
8. Net book value of assets,சொத்துக்களின் மொத்த பெறுமானம்
Balance as at 01. 01. 2012,2012.01.01 இன் படி மிகுதி
Balance as at 31. 12. 2012,2012.12.31  இன் படி மிகுதி
At Cost,செலவு
"Total Carrying amount of Property, Plant & Equipment","சொத்து, தேய்மானம் உபகரணங்களின் பெறுமதி"
Work- in progress,நடைபெறும் பணிகள்
Balance as at 01. 01. 2012,2012.01.01அன்று இருப்பு
Additions,மேலதிகமானது
Transfers,மாற்றப்பட்டது
Balance as at 31. 12. 2012,2012.12.31 அன்று இருப்பு
Balance as at 01.01.2012,2012.01.01 நிலுவை
Balance as at 31.12.2012,2012.12.31 நிலுவை
Work – in Progress,நடைபெறும் பணிகள்
Total,மொத்தத்தொகை
Notes to the financial statements,நிதி அறிக்கைக் குறிப்பு
9. Intangible assets,9.  தொட்டுணரத்தக்கதல்லாத உடமைகள்
Purchase of teledrama,தொலைக்காட்சி நாடகங்கள் கொள்வனவு
In-house production teledrama,வீட்டு உற்பத்தி தொலைக்காட்சி நாடகங்கள்
In-house production - others,வீட்டுத் தயாரிப்பு – மற்றவர்கள்
Programme material foreign,வெளிநாட்டு நிகழ்ச்சி பொருட்கள்
Local Programmes (Not telecast),உள்ளுர் நிகழ்ச்சிகள் (ஒளிபரப்பு செய்யப்படாதவை)
Local Programmes (Work-In Progress),உள்ளுர் நிகழ்ச்சிகள் ( பணிநிலை)
Intangible assets,தொட்டுணரத்தக்கதல்லாத உடமைகள்
10. Held to maturity financial assets,10. ஏனைய சொத்ததுக்களின் பெறுமதி
Fixed deposits (Bank Of Ceylon),நிரந்தர வைப்பீடு (இலங்கை வங்கி)
Fixed deposit (State Mortgage &  Investment Progress),நிரந்தர வைப்பீடு  (அரசஈட்டு மற்றும் முதலீட்டு வங்கி)
11. Stocks,11. இருப்பு
Printing & stationary,பதிப்பு மற்றும் காகிதாதிகள்
Spare parts – ENG 1,மேலதிக உதிரிப்பாகங்கள் - ENG 1
Spare parts – ENG 11,மேலதிக உதிரிப்பாகங்கள் - ENG 11
Graphics material,ஊடக உருவ பொருட்கள்
Make-up material,ஒப்பனைப் பொருட்கள்
Building material,கட்டிடப்பொருட்கள்
Motor vehicle material,மோட்டார் வாகனப் பொருட்கள்
Diesel stocks,டீசல் தொகை
Office requisites,அலுவகத்திற்குத் தேவையான பொருட்கள்
(Exuding printing & stationary),(முத்திரைளும் காகிதாதிகளும் தவிர்ந்த ஏனையவை)
Miscellaneous items,ஏனைய பொருட்கள்
Cassettes & tapes (bank) in main stores,பிரதான களஞ்சியத்திலுள்ள இறுவெட்டுக்களும் டேப்புகளும்
Electrical consumables,இலத்திரனியல் மற்றும் பாவனைப்பொருட்கள்
Cassettes & tapes in the Library,நூலகத்திலுள்ள இறுவெட்டுக்களும் டேப்புக்களும்
Recorded cassettes,ஒளிப்பதிவு செய்யப்பட்ட கெசட்
Loose tools,தளர்வான கருவிகள்
Printer,அச்சுப்பொறி
Stocks,இருப்பு
12. Trade receivables,12. வர்த்தக வரவுகள்
Client debtors,கடன்பட்டோர் - சேவை வழங்குநர்
13. Loans & other receivables,13. கடன் மற்றும் வேறு நிலுவைகள்
13.1 Treasury bills,13.1  திறைசேரி உண்டியல்
Treasury bills,திறைசேரி உண்டியல்
13.2 Debtors - Employee,13.2 கடன்பட்டோர் - பணியாளர்
TV loan - others,தொலைக்காட்சி கடன் – வேறு கடன்
Festival advance,வைபவ முற்பணம்
Special loan,விசேடக்கடன்
Textile loan,புடவைக் கடன்
Other loan,வேறு கடன்
Housing loan,வீட்டுக்கடன்
Housing loan prepayments,வீட்டுக்கடன் முற்பணம்
Debtors - Employee,கடன்பட்டோர் - பணியாளர்
Loan & other receivable,கடன் மற்றும் இதர வரவுகள்
14. Other receivables,14.  இதர வரவுகள்
14.1 Advance & deposits,14.1 முற்பணம் மற்றும் வைப்பீடு
State Mortgage & Investment Bank (Housing loan fund),அரச ஈட்டு மற்றும் முதலீட்டுவங்கி (வீட்டுக்கடன்    நிதியம்)
Goods in transit,புகையிரத சரக்குகள்
Advance to suppliers – local purchase (Institute),விநியோகஸ்தவர்களுக்கான முற்பணம்- விலைக்கொள்வனவு (உள்ளுர் நிறுவனம்)
Advance to suppliers – For programme production,விநியோகஸ்தவர்களுக்கான முற்பணம் - நிகழ்ச்சித் தயாரிப்பு
Advance to employees – Miscellaneous,ஊழியர்களுக்கான முற்பணம் - பல்வேறு
Advance to employees - Programme,ஊழியர்களுக்கான முற்பணம் - நிகழ்ச்சிகள்
Advance to Artistes,கலைஞர்களுக்கான முற்பணம்
Deposits for services - Refundable,சேவைகளுக்கான வைப்பீடு – மீளச் செலுத்தல்
Travelling advance - Local,போக்குவரத்துச் செலவு முற்பணம் - உள்ளுர்
Advance for room charges,அறை வாடகைக்கான முற்பணம்
Advance on foreign purchase – spares parts,வெளிநாட்டுக் கொள்வனவு முற்பணம்-   உதிரிப்பாகங்கள்
Advance to contractors,ஒப்பந்தக்காரர்களுக்கு வழங்கப்பட்ட முற்பணம்
Advance to employees - Purchase,ஊழியர்களுக்கு வழங்கப்பட்ட முற்பணம் - கொள்வனவு
Travelling advance - Foreign,போக்குவரத்துச் செலவு முற்பணம் - வெளிநாடு
Advance – Social welfare fund,முற்பணம் - சமூக சேமநல நிதியம்
Stamp IMP – Administration Division,சிறு தொகை - நிர்வாகப் பிரிவு
Withholding tax (WHT) deducted at source,நிறுத்தி வைக்கப்பட்ட வரி
Tax – Economic Service Charge (ESC),பொருளாதார சேவைக் கட்டணம்
Advance & deposits,முற்பணம் மற்றும் வைப்புகள்
14.2 Sundry debtors,14.2 கடன்பட்ட ஏனையோர்
Recoverable from retired /resigned employees,ஓய்வுபெற்ற/இராஜினாமாச்செய்தவர்களிடமிருந்து  கிடைக்க வேண்டியவை
Income receivables,கிடைக்க வேண்டிய வருமானம்
(From inland revenue & other),(உள்ளுர் வருமானம் மற்றும் ஏனையவை)
Staff debtors - Sundries,கிடைக்கவேண்டிய வருமானம் - முதலீட்டு வருமானம்
Insurance corporation medical scheme,கடன்பட்ட ஊழியர்கள் - பல்வேறு  காப்புறுதிக் கூட்டுத்தாபனம்- வைத்தியக் காப்புறுதி
Coin adjustment,நாணய சீரமைப்பு
Lease interest suspense A/C,குத்தகையடிப்படையில் பெற்ற தள்ளுபடிக் கணக்கு
Sundry debtors,கடன்பட்ட ஏனையோர்
Less: Impairment of sundry debtors,கடன்பட்ட ஏனையோர் - கடன் தள்ளுபடி
"15. Cash, bank balance & deposits as call","15.  பணம், வங்கி நிலுவை மற்றும் வைப்பு"
BOC saving A/C,இலங்கை வங்கி சேமிப்புக்கணக்கு
Cash in hand,கையிருப்பு
Bank balance BOC corporate Branch,இலங்கைவங்கி நிலுவை நிறுவனக் கிளை
Bank balance BOC Torrington Branch,இலங்கைவங்கி நிலுவை டொறிங்டன் கிளை
"Cash, bank balance & deposits as call","பணம், வங்கி நிலுவை மற்றும் வைப்பு"
16 Government grant for capital items,16.  முதலீட்டுக்கான அரசாங்கத்தின் பங்களிப்பு
Government grant for capital items,முதலீட்டுக்கான அரசாங்கத்தின் பங்களிப்பு
17 Retirement benefit obligation -,17.  ஓய்வு பெற்றோருக்கான கொடுப்பனவு
Retirement benefit obligation - Gratuity,ஓய்வு பெற்றோருக்கான கொடுப்பனவு
18 Trade payables,18.  வர்த்தக கொடுப்பனவுகள்
Creditors client,வாடிக்கையாளர்கள் கடன்
Agency commission payable,செலுத்தவேண்டிய நிறுவனத்தின் கமிஷன்
Client transfer / refunds,வாடிக்கையாளர் பரிமாற்றம் / மீளச்செலுத்தியது
Trade payables,வர்த்தக கொடுப்பனவுகள்
Accrued expenses,சேர்ந்த செலவுகள்
Unclaimed salaries & wages,கோரப்படாத சம்பளம் மற்றும் ஊதியம்
Retention - contract,தக்கவைப்பு - ஒப்பந்தம்
Security – contract & suppliers,பாதுகாப்பு - ஒப்பந்தம் மற்றும் வழங்குனர்
Creditors control,கட்டுப்படுத்தப்பட்ட கடன்பட்டோர்
Cancelled cheques - corporate,ரத்துச்செய்யப்பட்ட காசோலைகள் - நிறுவனம்
Artistes fee payable (cancelled cheques),கலைஞர்களுக்கான கட்டணம்-
Retention – Sri Lanka Rupavahini Corporation employees,ரத்துச்செய்யப்பட்ட காசோலைகள் தக்கவைப்பு - இலங்கை ரூபவாஹினிக் கூட்டுத்தாபனம் ஊழியர்கள்
Sri Lanka Rupavahini Corporation,இலங்கை ஒளிபரப்புக் கூட்டுத்தாபனம்
Prereciepts,முற்பண பற்றுச்சீட்டு
Tender deposits (refundable),கேள்விப்பத்திர வைப்புகள் (திரும்பப்பெறல்)
Salaries payable,சம்பள கொடுப்பனவுகள்
Fund for Rupavahini museum,ரூபவாஹினி அருங்காட்சியக நிதி
CIR stamp duty,CIR முத்திரை தீர்வை
Ministry of state,மாநில அமைச்சு
Provision for fine on gratuity,ஓய்வூதியக் சிறந்த விதிக் கொடுப்பனவு
Miscellaneous payable – Suwa sahana,இதர கொடுப்பனவுகள் - சுவ சாஹான
Provision for dividend (to the government),அரசாங்கத்தற்கு செலுத்த வேண்டியவை
20 Other payables,20.  ஏனைய கொடுப்பனவுகள்
Retention with holding tax,வருமானம் மீதான நிறுத்திவைக்கப்பட்ட வரி
Provision for income tax,வருமான வரி
VAT control A/C,VAT வரி கட்டுப்படுத்தப்பட்ட கணக்கு
Retention with holding turnover tax,நிறுத்தி வைத்த செலவு மீதான வரி
PATE tax,PATE வரி
21 Bank overdraft – BOC corporate branch,21.  வங்கி மேலதிகப்பற்று - இலங்கை வங்கி நிறுவனக்கிளை
Bank overdraft – BOC corporate branch,வங்கி மேலதிகப்பற்று - இலங்கை வங்கி நிறுவனக்கிளை
22 Finance leases,22.  நிதி குத்தகைகள்
22.1 Finance leases payable current portion,22.1 தற்போதைய காலப்பகுதிக்கு செலுத்தப்பட வேண்டிய நிதிக்குத்தகை
22.2 Finance leases payable non-current portion,22.2 தற்போதைய காலம் அல்லாத செலுத்தப்பட   வேண்டிய நிதிக் குத்தகை
Finance leases,நிதிக் குத்தகைகள்
February 2014,2013 ஒக்டோபர் 31
"The Chairman,","தலைவர்,"
Report of the Auditor General on the Financial Statements of the Sri Lanka Rupavahini Corporation for the year ended 31 December 2012 in terms of Section 14 (2) (c) of the Finance Act No. 38 of 1971,இலங்கை ரூபவாஹினிக் கூட்டுத்தாபனத்தின் 2012 டிசம்பர் 31 இல் முடிவடைந்த ஆண்டிற்கான நிதிக்கூற்றுக்கள் மீது 1971 இன் 38 ஆம் இலக்க நிதி அதிகாரச்சட்டத்தின் 14(2)(சீ) பிரிவின் பிரகாரம் கணக்காய்வாளர் தலைமை அதிபதியின் அறிக்கை
"The audit of financial statements of the Sri Lanka Rupavahini Corporation for the year ended 31 December 2012 comprising the statement of financial position as at 31 December 2012 and the comprehensive income statement, statement of changes in equity and cash flow statement for the year then ended and a summary of significant accounting policies and other explanatory information, was carried out under my direction in pursuance of provisions in Article 154 (1) of the Constitution of the Democratic Socialist Republic of Sri Lanka read in conjunction with Section 13(1) of the Finance Act, No. 38 of 1971 and Section 16(3) of the Sri Lanka Rupavahini Corporation Act, No. 6 of 1982.","இலங்கை ரூபவாஹினிக் கூட்டுத்தாபனத்தின் 2012 டிசம்பர் 31 இல் உள்ளவாறான ஐந்தொகை மற்றும் அத்திகதியில் முடிவடைந்த ஆண்டிற்கான வருமானமக் கூற்று, உரிமை மூலதனத்தில் மாற்றங்கள் கூற்று, காசோட்டக்கூற்று மற்றும் முக்கியமான கணக்கீட்டுக்கொள்கைகளின் பொழிப்புக்களையும் ஏனைய விளக்கத் தகவல்களையும் உள்ளடக்கிய 2012 டிசம்பர் 31 இல் முடிவடைந்த ஆண்டிற்கான நிதிக்கூற்றுக்களின் கணக்காய்வு 1971 இன் 38 ஆம் இலக்க நிதி அதிகாரச்சட்டத்தின் 13(1) ஆம் பிரிவு மற்றும் 1982 ஆம் ஆண்டின் 6 ஆம் இலக்க இலங்கை ரூபவாஹினிக் கூட்டுத்தாபன அதிகாரச் சட்டத்தின் 16(3) ஆம் பிரிவு என்பவற்றுடன் சேர்த்து வாசிக்கப்படும் இலங்கை சனநாயக சோசலிசக் குடியரசு அரசியலமைப்பின் 154(1) ஆம் உறுப்புரையிலுள்ள ஏற்பாடுகளுக்கு இணங்க எனது பணிப்பின் கீழ் மேற்கொள்ளப்பட்டது."
My comments and observations which I consider should be published with the annual report of the Corporation in terms of Section 14(2)(c) of the Finance Act appear in this report.,நிதி அதிகாரச்சட்டத்தின் 14(2)(சீ) பிரிவின் பிரகாரம் கூட்டுத்தாபனத்தின் வருடாந்த அறிக்கையுடன் சேர்த்துப் பிரசுரிக்கப்பட வேண்டுமென நான் கருதும் எனது கருத்துக்களும் அவதானிப்புக்களும் இந்த அறிக்கையில் காணப்படுகின்றன.
A detailed report in terms of Section 13(7)(a) of the Finance Act was issued to the Chairman of the Corporation on 15 August 2013.,"நிதி அதிகாரச்சட்டத்தின் 13(7)(ஏ) பிரிவின் பிரகாரம், ஒரு விபரமான அறிக்கை 2013 ஆகஸ்ட் 15 ஆந் திகதி கூட்டுத்தாபனத்தின் தலைவருக்கு வழங்கப்பட்டது."
1.2 Management’s Responsibility for the Financial Statements,1.2 நிதிக்கூற்றுக்களுக்கான முகாமைத்துவத்தின் பொறுப்பு
"Management is responsible for the preparation and fair presentation of these financial statements in accordance with Sri Lanka Accounting Standards and for such internal control as the management determines is necessary to enable the preparation of financial statements that are free from material misstatements, whether due to fraud or error.",இந் நிதிக்கூற்றுக்களை இலங்கை கணக்கீட்டு நியமங்களுக்கு இணங்க தயாரித்து நியாயமாகச் சமர்ப்பித்தல் மற்றும் மோசடி அல்லது தவறுகளின் காரணமாக ஏற்படக்கூடிய பொருண்மையான பிறழ் கூற்றுக்களிலிருந்து விடுபட்ட நிதிக்கூற்றுக்களைத் தயாரிப்பதற்கு அவசியமானதென முகாமைத்துவம் நிர்ணயிக்கின்ற அத்தகைய உள்ளகக் கட்டுப்பாடுகள் என்பனவற்றிற்கு முகாமைத்துவம் பொறுப்பாக உள்ளது.
1.3 Auditor’s Responsibility,1.3 கணக்காய்வாளரின் பொறுப்பு
My responsibility is to express an opinion on these financial statements based on my audit.,எனது கணக்காய்வின் அடிப்படையில் நிதிக்கூற்றுக்களின் மீது அபிப்பிராயம் தெரிவிப்பது எனது பொறுப்பாகும்.
I conducted my audit in accordance with Sri Lanka Auditing Standards.,இலங்கை கணக்காய்வு நியமங்களுக்கு இணங்க எனது கணக்காய்வினை நான் மேற்கொண்டேன்.
Those Standards require that I comply with ethical requirements and plan and perform the audit to obtain reasonable assurance about whether the financial statements are free from material misstatements. An audit involves performing procedures to obtain audit evidence about the amounts and disclosures in the financial statements.,ஒழுக்க நெறி வேண்டுதல்களுடன் நான் இணங்கி நடப்பதனையும் நிதிக்கூற்றுக்கள் பொருண்மையான பிறழ் கூற்றுக்கள் அற்றவையா என்பதற்கான நியாயமான உறுதிப்பாட்டைப் பெற்றுக்கொள்வதற்கு கணக்காய்வு திட்டமிட்டு மேற்கொள்ளப்படுவதனையும் இந்நியமங்கள் வேண்டுகின்றன.
"The procedures selected depend on the auditor’s judgment, including the assessment of the risks of material misstatement of the financial statements, whether due to fraud or error.",நிதிக்கூற்றுக்களிலுள்ள தொகைகளினையும் வெளிப்படுத்தல்களையும் பற்றிய கணக்காய்வுச் சான்றுகளைப் பெற்றுக்கொள்வதற்கான செயற்பாட்டு நடைமுறைகளினை கணக்காய்வு ஈடுபடுகின்றது.
"An audit also includes evaluating the appropriateness of accounting policies used and the reasonableness of accounting estimates made by management, as well as evaluating the overall presentation of the financial statements.",மோசடி அல்லது தவறுகளின் காரணமாக நிதிக்கூற்றுக்களின் பொருண்மையான பிறழ் கூற்று ஆபத்தின் மதிப்பீட்டினை உள்ளடக்கும் கணக்காய்வாளரின் தீர்மானம் மீது தெரிவு செய்யப்பட்ட நடைமுறைகள் தங்கியுள்ளது.
"Sub-sections (3) and (4) of the Section 13 of the Finance Act, No. 38 of 1971 give discretionary powers to the Auditor General to determine the scope and extent of the audit.",1971 இன் 38 ஆம் இலக்க நிதி அதிகாரச்சட்டத்தின் 13 ஆம் பிரிவின் (3) ஆம் மற்றும் (4) ஆம் உபபிரிவுகள் கணக்காய்வின் நோக்கெல்லையையும் பரப்பையும் நிர்ணயிப்பதற்கான தற்றுணிவு அதிகாரத்தினை கணக்காய்வாளர் தலைமை அதிபதிக்கு வழங்குகின்றன.
I believe that the audit evidence I have obtained is sufficient and appropriate to provide a basis for my qualified audit opinion.,எனது முனைப்பழியுள்ள கணக்காய்வு அபிப்பிராயத்திற்கான அடிப்படை ஒன்றினை வழங்குவதற்கு போதியளவும் பொருத்தமானதுமான கணக்காய்வுச் சான்றுகளை நான் பெற்றுக்கொண்டுள்ளேன் என நான் நம்புகிறேன்.
1.4 Basis for Qualified Audit Opinion. My opinion is qualified based on the matters described in paragraph 2.2 of this report.,1.4 முனைப்பழியுள்ள கணக்காய்வுஅபிப்பிராயத்திற்கான அடிப்படை இந்த அறிக்கையின் 2.2 ஆம் பந்தியில் விபரிக்கப்பட்ட விடயங்களின் அடிப்படையில் எனது அபிப்பிராயம் முனைப்பழியுள்ளதாக்கப்படுகின்றது.
2. Financial Statements,2. 	நிதிக் கூற்று
2.1 Qualified Opinion,2.1 முனைப்பழியுள்ள அபிப்பிராயம்
"In my opinion, except for the effects of the matters described in paragraph 2.2 of this report, the financial statements give a true and fair view of the financial position of the Sri Lanka Rupavahini Corporation as at 31 December 2012 and its financial performance and cash flows for the year then ended in accordance with Sri Lanka Accounting Standards.",இந்த அறிக்கையின் 2.2 ஆம் பந்தியில் விபரிக்கப்பட்ட விடயங்களின் தாக்கத்தினைத் தவிர்த்து இலங்கை ரூபவாஹினிக் கூட்டுத்தாபனத்தின் 2012 டிசம்பர் 31 இல் உள்ளவாறான நிதி நிலைமையினையும் அத்திகதியில் முடிவடைந்த ஆண்டிற்கான அதனது நிதிசார் செயலாற்றலினையும் காசுப்பாய்ச்சலினையும் இலங்கை கணக்கீட்டு நியமங்களுக்கு இணங்க நிதிக்கூற்றுக்கள் உண்மையாகவும் நியாயமாகவும் தருகின்றது என்பது எனது அபிப்பிராயமாகும்.
2.2 Comments on Financial Statements,2.2 நிதிக்கூற்றுக்கள் மீதான கருத்துரைகள்
2.2.1 Sri Lanka Accounting Standards,2.2.1 இலங்கை கணக்கீட்டு நியமம்
2.2.3 Accounts Receivables and Payables,2.2.3 பெறவேண்டிய மற்றும் கொடுப்பனவு செய்ய வேண்டிய கணக்குகள்
(a) Client Debtors,(அ) 	தொழில் வழங்கற் கடன்பட்டோர்
(ii) The client debtors are generated at the time of supplying the air time on credit basis by the Corporation.,"(ii) கூட்டுத்தாபனம் கடன் அடிப்படையில் ஒளிபரப்பிற்கான நேரத்தை வழங்கும் சந்தர்ப்பங்களில் தொழில் வழங்கற் கடன்பட்டோர் உருவாகின்றது. கடன் வழங்கற் கொள்கைகளுக்கமைய, கடனுக்கான கால எல்லை 1 மாதமாகும்."
(c) Grant and Settlement of Advances,(இ)	முற்பணம் வழங்குதலும் அதனைத் தீர்த்து வைத்தலும்
The following observations are made.,கீழே குறிப்பிடப்பட்ட அவதானிப்புக்கள் மேற்கொள்ளப்படுகின்றன.
2.2.4 Lack of Evidence for Audit,2.2.4 கணக்காய்விற்கான சான்றின்மை
(a) The evidence indicated against the following items appearing in the financial statements had not been furnished to audit.,(அ)	நிதிக்கூற்றுக்களில் கீழே குறிப்பிடப்பட்ட விடயங்களுக்கெதிரே சுட்டிக்காட்டப்பட்ட சான்றுகள் கணக்காய்விற்குச் சமர்ப்பிக்கப்படவில்லை.
Documentary Evidence not made available,சமர்ப்பிக்கப்பட்டாத ஆவணச்சான்று
(i) Debtors,(i) கடன்பட்டோர்
Classification Schedules in terms Of new Accounting Standards,புதிய கணக்கீட்டு நியமங்களுக்கமைய வகைப்படுத்தப்பட்ட பட்டோலை
(ii) Cash flows generated from Operating activities,(ii) செயற்பாட்டு   நடவடிக்கைகளால் உருவான  காசுப்பாய்ச்சல்
Details of Calculations,கணிப்பீட்டிற்குரிய தகவல்கள்
(iii) Impairment Gain,(iii) பாதகமான இலாபம்
Schedules/Details of Calculations,பட்டோலை/கணிப்பீட்டிற்குரிய தகவல்கள்
"(iv) Programs, Publicity and Purchase Expenses","(iv)  நிகழ்ச்சித்திட்டம் , பிரசாரம் மற்றும் கொள்வனவுச் செலவினம் 3"
Schedules/Details of Calculations,பட்டோலை/கணிப்பீட்டிற்குரிய  தகவல்கள்
(v) Investments – Lanka Puwath,(v)  முதலீடு – லங்காபுவத்
Ownership Certificates,உரித்துச் சான்றிதழ்
(vi) Work-in-progress,(vi) நடைபெறும் வேலை
Schedules,பட்டோலை
(vii) Information on Frauds,(vii) மோசடி தொடர்பான தகவல்கள்
Cannot be calculated,கணிப்பிட  முடியவில்லை
Information requested for audit,கணக்காய்வில் கோரப்பட்ட தகவல்கள்
(viii) Land of the Corporation and Lands of Transmitting Stations (Rates value),"(viii) கூட்டுத்தாபனங்கள் மற்றும் ஒளிபரப்புக் கூடம் அமைந்துள்ள  காணி  (தீர்வை, வரிப் பெறுமதி)"
"Legal Evidence (Title Deeds, Vesting Documents, Gazette Notifications)","சட்டரீதியான சான்று (உரித்துச்   சான்றுறுதி ஒப்படைக்கும் பத்திரம், வர்த்தமானி அறிவித்தல்)"
(b) The criteria adopted in deciding on the price per film purchased by the Corporation under the contra agreements had not been furnished to audit. As such those could not be satisfactorily vouched.,"(ஆ)	மீள் வர்த்தக உடன்படிக்கையின் கீழ் கூட்டுத்தாபனம் பெறும் திரைப்படங்களது பெறுமதியைத் தீர்மானிப்பதற்கு, நிகழ்ச்சிகளைக் கொள்வனவு செய்கையில் திரைப்படத்தின் விலையைத் தீர்மானிப்பதற்குப் பயன்படுத்தும் அளவுகோல் யாது எனும் தகவல் கணக்காய்விற்கு வழங்கப்படவில்லை.  அவற்றைத் திருப்திகரமாகச் சான்றுறுதிப்படுத்த முடியவில்லை."
"2.2.5 Non-compliance with Laws, Rules, Regulations and Management Decisions","2.2.5 சட்டங்கள், விதிகள், பிரமாணங்கள், முகாமைத்துவத் தீர்மானங்கள் என்பனவற்றுடன் இணங்காமை"
"Non-compliance with the following laws, rules, regulations and management decisions were observed.","கீழே குறிப்பிடப்பட்ட சட்டங்கள், விதிகள், பிரமாணங்கள் மற்றும் முகாமைத்துவத் தீர்மானங்களுடன் இணங்காமைகள் அவதானிக்கப்பட்டன."
"Reference to Laws, Rules, Regulations and Management Decisions","சட்டங்கள், விதிகள், பிரமாணங்கள் மற்றும் முகாமைத்துவத் தீர்மானங்களுடனான தொடர்பு"
(a) Financial Regulations of the Democratic Socialist Republic of Sri Lanka and Public Enterprises Circular PED/12 of 02 June 2003.,அ) இலங்கை சனநாயக சோசலிசக் குடியரசின் நிதிப்பிரமாணக் கோவை 2003 யூன் 02 ஆந் திகதியின் பீஈடீ/12 ஆம் இலக்க பொது நிதிச் சுற்றறிக்கை
(b) Letter No. M/TR/1/2005 of Secretary to the Ministry of Finance dated 28 March 2003,(ஆ) 2003 மார்ச் 28 ஆந் திகதியின்நிதி அமைச்சுச் செயலாளரின் எம்/டீஆர்/1/2005 ஆம் இலக்கக் கடிதம்
(c) Section 6.5.1 of Public Enterprises Circular No. PED/12 of 02 June 2003,(இ) 2003 ஜூன் 02 ஆந் திகதியின் பீஈடீ/12 ஆம் இலக்க பொது முயற்சிகள் சுற்றறிக்கை 6.5.1
(d) Public Enterprises Circular No. PED/50 of 28 July 2008 and Public Administration Circular No.22/99 of 08 October 1999,(ஈ) 2008 யூலை 28 ஆந் திகதியபீஈடீ/50 ஆம் இலக்க பொது முயற்சிகள் சுற்றறிக்கை மற்றும் 1999 ஒக்டோபர் 08 ஆந் திகதி  22/99 ஆம் இலக்கப் பொது நிர்வாகச் சுற்றறிக்கை
"Decrease of Channel Eye income during the year by more than 75 per cent or Rs.637,390,000 as compared with the preceding year had been the main reason for this decrease.","மீளாய்வாண்டின் போது “செனல் ஐ” அலைவரிசையின் வருமானம் முன்னைய ஆண்டைவிட 75 சதீவீதத்தால் அதாவது ரூபா 637,390,000 ஆல் குறைவடைந்தமையே இதற்குப் பிரதான காரணியாக அமைந்தது."
3.2 Analytical Financial Review,3.2 பகுப்பாய்வுடன் கூடிய மீளாய்வு
3.3  Legal Action instituted against / by the Institute,3.3 நிறுவனத்திற்கெதிராக அல்லது நிறுவனத்தால் ஆரம்பிக்கப்பட்டுள்ள சட்டரீதியான சம்பவங்கள்
Eleven cases had been filed against the Corporation by external parties and 05 cases had been filed by the employees of the Corporation as at 31 December 2012.,"2012 டிசம்பர் 31 இல் உள்ளவாறு கூட்டுத்தாபனத்திற்கு எதிராக 11 வெளி நபர்களால் வழக்குத் தொடரப்பட்டிருந்ததுடன், கூட்டுத்தாபனப் பதவியணியினராலும் 05 வழக்குகள் தொடரப்பட்டிருந்தன."
Two cases had been finalized during the year under review.,மீளாய்வாண்டின் போது 2 வழக்குகள் முடிவுக்கு வந்திருந்தன.
3.4 Unusual Increases in Expenses,3.4 அசாதாரண செலவின அதிகரிப்பு
(a) The following item of expenditure for the year under review as compared with the expenditure for the preceding year had increased unusually.,(அ) 	மீளாய்வாண்டின் கீழே குறிப்பிடப்பட்ட செலவின் விடயங்களை முன்னைய ஆண்டின் செலவினங்களுடன் ஒப்பிடுகையில் அசாதாரண அதிகரிப்பு காணப்பட்டது.
Expenditure Item Expenses,செலவின விடயம்
Increase over the previous year,முன்னைய ஆண்டிலும் கூடியது
Per centage of increase over the previous year,முன்னைய ஆண்டிலும்   கூடியது சதவீதமாக
Anniversary Celebration,வருடாந்த ஞாபகார்த்த விழா
Deyata Kirula,தேசத்திற்கு மகுடம்
Artiste’s Fees,கலைஞர்கள் செலவினம்
Loading Charges,ஏற்றி இறக்குவதற்கான கட்டணம்
Sundry Expenses,நானாவித செலவினம்
(b) The increase in the sundry expenses of the Ranavwiru Real Star program in the year 2012 as compared with year 2011 ranged between 58 per cent to 183 per cent.,(ஆ) 	2011 ஆம் ஆண்டுடன் ஒப்பிடுகையில் 2012 ஆண்டில் “ரணவிறு ரியல் ஸ்டார்” நிகழ்ச்சிக்கான பல்வேறு வகையான செலவினங்களின் அதிகரிப்பு 58 முதல் 83 சதவீதம் வரையான வீச்சில் அமைந்திருந்தது.
4. Operating Review,4. செயற்பாட்டு மீளாய்வு
4.1 Management Inefficiencies,4.1 முகாமைத்துவ வினைத்திறனின்மை
The following observations are made.,பின்வரும் அவதானிப்புக்கள் மேற்கொள்ளப்படுகின்றன
5. Accountability and Good Governance,5	கணக்களிப் பொறுப்பும் நல்லாளுகையும்
5.1 Preparation of Financial Statements,5.1 நிதிக் கூற்றுக்களைச் சமர்ப்பித்தல்
"Even though financial statements should be presented to the Audior General within 60 days after the close of the financial year in terms of the Public Enterprises Circular No. PED/12 of 02 June 2003, the financial statements for the year under review had been presented by the Corporation only on 15 May 2013, that is, after a delay of 76 days.","2003 ஜூன் 02 ஆந் திகதியின் பீஈடி/12 ஆம் இலக்க பொது முயற்சிகள் சுற்றறிக்கையின் பிரகாரம் நிதியாண்டு முடிவுற்று 60 நாட்களுக்குள் நிதிக்கூற்றுக்கள் தயாரிக்கப்பட்டு கணக்காய்வாளர் தலைமை அதிபதியிடம் சமர்ப்பிக்கப்பட வேண்டுமாயின், கூட்டுத்தாபனத்தால் மீளாய்வாண்டிற்கான நிதிக்கூற்றுக்களை 76 நாட்கள் தாமதித்து 2013 மே 15 அன்றே சமர்ப்பிக்கப்பட்டிருந்தது."
5.2 Action Plan,5.2 செயல் நடவடிக்கைத் திட்டம்
The following observations are made.,பின்வரும் அவதானிப்புகள் மேற்கொள்ளப்படுகின்றன
5.3 Internal Audit,5.3 உள்ளகக் கணக்காய்வு
The cadre of the Internal Audit Unit of the Corporation comprised a permanent Internal Auditor and 06 other staff.,கூட்டுத்தாபனத்தில் நிரந்தர உள்ளகக் கணக்காய்வாளர் ஒருவர் உள்ளார். உள்ளகக் கணக்காய்வுப் பிரிவில் கூறின் ஊழியர்களது எண்ணிக்கை 6 ஆகும்.
Twenty two internal audit queries in the first half of the year and 4 internal audit queries in the second half of the year had been issued.,முதல் அரையாண்டில் 22 கணக்காய்வு ஐய வினாக்களும் இரண்டாவது அரையாண்டில் 24 கணக்காய்வு ஐய வினாக்களும் அனுப்பப்பட்டிருந்தன.
5.4 Strategic Maketing Plan,5.4 உபாயத்துடன் கூடிய விற்பனைத் திட்டம்
"A Strategic Marketing Plan designed for marketing promotion profitable for the Corporation though the identification of its strengths, weaknesses, opportunities and threats had not been prepared for the year 2012.","கூட்டுத்தாபனத்தின் சக்தி, நலிவுகள், சந்தர்ப்பங்கள், சவால்கள் என்பனவற்றை இனங்கண்டு கொள்வதன் வாயிலாக கூட்டுத்தாபனத்திற்கு இலாபம் ஏற்படும் விதத்தில் விற்பனை மேம்பாட்டிற்கான உபாயத்துடன் கூடிய விற்பனைத் திட்டம் ஒன்று 2012 ஆம் ஆண்டின் பொருட்டுத் தயாரிக்கப்படவில்லை."
5.5 Audit Committee,5.5. கணக்காய்வுக் குழு
"Even though the Audit Committee should meet at least once in three months in terms of the public Enterprises Circular No. PED/31 of 01 July 2005, only two meetings had been held in the year 2012.","2005 ஜூலை 1 ஆந் திகதி பீஈடீ/31 ஆம் இலக்க பொது முயற்சிகள் சுற்றறிக்கையின் பிரகாரம் கணக்காய்வுக் குழு குறைந்தது மூன்று மாதத்திற்கு ஒரு தடவையேனும் கூட்டங்களை நடாத்த வேண்டுமாயின், 2012 ஆம் ஆண்டின் போது இரு கூட்டங்கள் மாத்திரமே நடாத்தப்பட்டிருந்தன."
5.6 Budgetary Control,5.6. பாதீட்டுக் கட்டுப்பாடு
Income had not been estimated properly and as such increase of income of certain items against the budget ranging from 25 per cent to 44 per cent as well as decrease in the income  ranging from 33 per cent to 1062 per cent were observed.,"குறித்த வருமானத்திற்கேற்ப மதிப்பீடு தயாரிக்கப்பட்டமையால் சில வருமான விடயங்களது பாதீட்டு இலக்கை விட 25 முதல் 44 சதவீத அளவிலான வருமான அதிகரிப்பு ஏற்பட்டிருந்ததுடன், 33 முதல் 1062 வரையான வருமானக் குறைவு ஏற்பட்டிருந்தமையும் அவதானிக்கப்பட்டன."
"Similarly, increase in expenditure by 117 per cent as well as decrease in expenditure ranging from 14 per cent to 65 per cent due to the failure to prepare expenditure estimates properly were observed.",அவ்வாறே செலவினம் சரிவர மதிப்பீடு செய்யப்படாமையால் 117 சதவீதத்தால் செலவு அதிகரித்திருந்ததுடன் 14 முதல் 65 சதவீதம் வரையிலான செலவினக் குறைவு அவதானிக்கப்பட்டன.
As such as the budget for the year 2012 had not been made use of as an effective instrument of management control.,"இதற்கமைய, 2012 ஆம் ஆண்டில் கூட்டுத்தாபனம் பாதீட்டை ஆக்கபூர்வமான நிர்வாகக் கட்டுப்பாட்டுச் சாதனமாகப் பயன்படுத்தியிருக்கவில்லை."
6.Systems and Controls,6. முறைமைகளும் கட்டுப்பாடுகளும்
Deficiencies in systems and controls observed during the course of audit were brought to the notice of the Chairman of the Corporation from time to time.,கணக்காய்வின் போது அவதானிக்கப்பட்ட முறைமைகள் மற்றும் கட்டுப்பாட்டுக் குறைபாடுகள் அவ்வப்போது கூட்டுத்தாபனத்தின் தலைவரது கவனத்திற்குக் கொண்டுவரப்பட்டன.
Special attention is needed in respect of the following areas of control.,பின்வரும் கட்டுப்பாட்டுத் துறைகளில் விசேட கவனம் தேவைப்படுகின்றது.
(a) Debtors / Creditors Control,(அ) 	கடன்பட்டோர் கடன்கொடுத்தோர் கட்டுப்பாடு
(b) Budgetary Control,(ஆ) 	பாதீட்டுக் கட்டுப்பாடு
(c) Staff Loans Control,(இ) 	ஊழியர் கடன் கட்டுப்பாடு
(d) Advances Settlement Control,(ஈ) 	முற்பணத்தை தீர்த்து வைத்தல்
(e) Contra Agreements,(உ) 	மீள் விற்பனை உடன்படிக்கைகள்
(f) Collection of Air Time Income,(ஊ) 	ஒளிபரப்பு நேர வருமானச் சேகரிப்பு
(g) Accounting,(எ) 	கணக்கீடு
Acting Auditor General,பதில் கணக்காய்வாளர் தலைமை அதிபதி
Home,முதற் பக்கம்
Projects,கருத்திட்டங்கள்
Completed projects,பூர்த்தி செய்த கருத்திட்டங்கள்
2010,2010
Completed job description,வேலைகள் நிறைவு செய்யப்பட்ட கருத்திட்டங்கள்
Job No,வேலை இலக்கம்
Job Description,வேலை விபரம்
Estimate cost,மதிப்பீடு
Rs: Mn,மில். ரூ.
Rehabilitation of Puluganawi Irrigation scheme,புளுகுணாவி நீர்ப்பாசன புனருத்தாரணக் கருத்திட்டம்
dismantled and installed the Gates at new position,சுளுசுக் கதவுகளைத் தற்போது பொருத்தப்பட்டுள்ள இடத்திலிருந்து கழற்றி புதிய இடத்தில் பொருத்துதல்
Fabrication Installation of 04 Nos Radial Gates to Kankaniyar Kulam for Peace Project.,வறிய மக்களின் வாழ்க்கைத் தரத்தை முன்னேற்றுவதற்காகவும் பலப்படுத்துவதற்குமான கருத்திட்டத்தின் கீழ் கங்காணியார் குளத்தில் 04ஆரை வடிவ சுளுசுக் கதவுகளைக் கட்டுமாணம் செய்து பொருத்துதல்
Downloads,பதிவிறக்கம்
Application Forms,விண்ணப்பப் படிவங்கள்
Application Form,விண்ணப்பப் படிவம்
Specimen Application Form for Unskilled Labourers,பயிற்சியற்ற ஊழியர்களுக்கான பதவி தொடர்பாக மாதிரி விண்ணப்பப் படிவம்
Procurement Examination of Bidding Document Quataion Form,ஏலவிலை ஆவண விலைமனுப் பத்திரத்தின் கொள்முதல்  பரிசீலனை
Procurement Examination of Bidding Document Shopping Document,கொள்வளவு ஆவணங்கள் மற்றும் விலைமனு ஆவணங்களின் கொள்முதல் பரிசீலனை
Pre Qualification Application For Accreditation of Supplies,பொருட்கள் மற்றும் சேவைகள் வழங்கல் உறுதியை பரீட்சிப்பதற்காக வழங்குனர்களை பதிவு செய்யும் படிவம்.
Contact Us,எம்முடன் தொடர்பு கொள்க
Department of Government Factory,அரசாங்க தொழிற்சாலைத் திணைக்களம்
Kolonnawa,கொலொன்னாவ
Sri Lanka,இலங்கை
E-mail,மின்னஞ்சல்
Web Url,இணையதள முகவரி
Subject,காரணம்
Inquiry,விசாரணை
Contact Name,தொடர்பு பெயர்
Enter security code in following text box,கீழே குறிப்பிடப்பட்டுள்ள பெட்டியினுள்' பாதுகாப்பு குறுயீடினை உள்ளிடவும்
Unit,பிரிவு
Telephone No,தொலைபேசி இலக்கம்
Ext No,நீடிப்பு இலக்கம்
Factory Engineer,தொழிற்சாலை பொறியியலாளர்
Deputy Factory Engineer,பிரதி தொழிற்சாலை பொறியியலாளர்
Acct,கணக்கு
Chief Accountant,முதன்மை கணக்காளர்
(payment),(செலுத்துதல்)
(stores),(களஞ்சிய அறை)
Admin,நிர்வாகம்
Deputy Manager,பிரதி முகாமையாளர்
(Admin),(நிர்வாகம்)
Works,வேலைகள்
Works Manager,வேலை முகாமையாளர்
Deputy Works Manager,உதவி வேலை முகாமையாளர்
Vacant,வெற்றிடம்
senior Mechanical Superiendent (Project),சிரேஷ்ட பொறிமுறை அத்தியட்சகர் (கருத்திட்டங்கள்)
Mechanical Superintendent,பொறிமுறை அத்தியட்சகர்
Logistic,விநியோகம்
Manager (Logistic),முகாமையாளர் (விநியோகம்)
Logistic/ Training ISO,விநியோகம்/பயிற்சி ISO
Deputy Manager(Training),பிரதி முகாமையாளர் (பயிற்சி)
Logistic/Supply,விநியோகம்/வழங்கல்
Supply Engineer,வழங்கும் பொறியியலாளர்
senior Mechanical Superiendent,சிரேஷ்ட பொறிமுறை அத்தியட்சகர்
(Quality),(தரம்)
(IT Secu.),(தகவல் தொழில்நுட்பம் மற்றும் பாதுகாப்பு)
Human Resource Assistant,மனிதவள முகாமைத்துவ உதவியாளர்
(Supply),(வழங்கல்)
Mechanical Superintendent -,பொறிமுறை அத்தியட்சகர்
supply,(வழங்கல்)
Supply,வழங்கல்
Logistic/Progress,விநியோகம்/வளர்ச்சி
Progress and Development Assistant,வளர்ச்சி மற்றும் அபிவிருத்தி உதவியாளர்
Logistictic,விநியோகம்
Legal Assistant,சட்ட உதவியாளர்
Marketing,விற்பனை
Manager(Marketing),முகாமையாளர் (விற்பனை)
(Marketing),(விற்பனை)
Marketing,(விற்பனை)
Deduru Oya,தெதுரு ஓயா
Fabrication and  Installation of 2 nos water management gates and 3 nos Radial Gates for Deduru Oya Project,தெதுரு ஓயாவுக்கான 02 நீர் முகாமைக் கதவுகளையும் 03 நிரந்தரச் சில்லுடைய நீர்க் கதவுகளையும் கட்டுமாணம் செய்து பொருத்துதல்.
FAQs,கேள்வி - பதில்
"How to get Work and Services, Products, Training, Procurement, Payments, and Expenditure of customer jobs related information?","வேலை, உற்பத்தி, சேவைகள், பயிற்சி, கொள்வனவுச் செயற்பாடுகள், கொடுப்பனவுகளைச் செய்தல், நிறைவுறாத சேவைகளுக்கான முறைப்பாடுகளை முன்வைத்தல் மற்றும் வாடிக்கையாளர்களுக்கான கிரயம் போன்ற தகவல்களைப் பெறுவதெப்படி?"
"Factory Engineer issue a circular to all government and semi government institutions, departments, Ministries etc stating what type of products, works and services that the government factory intents to  offer during the each year.","ஒவ்வோராண்டிலும் தொழிற்சாலை பொறியியலாளரால் அரசாங்கத் தொழிற்சாலை மூலமாக வழங்க எதிர்பார்க்கின்ற பொருட்கள், சேவைகள் மற்றும் வேலைகள் பற்றிய விபரங்கள் பற்றிச் சுற்றறிக்கை மூலமாக சகலவிதமான அரசாங்கத் திணைக்களங்கள், அமைச்சுக்கள், அரச ஆதிக்கமுடைய மற்றும் அரச நிறுவனங்களின் தலைவர்கள் விழிப்பூட்டப்படுகின்றனர்."
"This circular is available in the marketing branch and those who are interested may contact Marketing Manager or can be down loaded from the following URL, http://www.govtfactory.gov.lk .",இச்சுற்றறிக்கையையும் மேலதிக விபரங்களையும் சந்தைப்படுத்தல் முகாமையாளரிடமிருந்தோ http://www.govtfactory.gov.lk  எனும் இணையத் தளத்தில் இருந்தோ பெற்றுக்கொள்ளலாம்.
Further details and clarifications could be obtained either from Marketing Manager or Works Manager or from Assistant Works Managers.,"வேலைகள் மற்றும் சேவைகள் பற்றிய மேலதிக விபரங்களை சந்தைப்படுத்தல் முகாமையாளர், வேலை முகாமையாளர் அல்லது பிரிவுக்குப் பொறுப்பான உதவி வேலை முகாமையாளர்களிடமிருந்து பெற்றுக்கொள்ளலாம்."
"Written requests or inquiries are to be addressed to Factory Engineer either with specifications and drawings or specific user needs, requirements and finishes etc.",சகல விதமான கோரிக்கைகளையும் விசாரணைகளையும் ஏற்புடைய விபரக்கூற்றுத் திட்டங்கள் அல்லது அவசியப்பாடுகளைச் சுருக்கமாகக் குறிப்பிட்டு தொழிற்சாலைப் பொறியியலாளரை விளித்து எழுத்து மூலமாகச் சமர்ப்பித்தல் வேண்டும்.
"Once you forward your inquiry reply is given either telephone or on line or by post, whichever way you to convenience","விசாரணைகளுக்கான பதில்களை தொலைபேசி மூலமாக, தபால் மூலமாக அல்லது மின்னஞ்சல் மூலமாக  வாடிக்கையாளர்களுக்கு வசதியான எவ்விதத்திலும் பெற்றுக்கொள்ள முடியும்."
Prices for standard products can be obtained from Marketing Manager,தரப்படுத்தப்பட்ட உற்பத்திப் பொருட்களின் விலைகளை உள்ளிட்ட தகவல்களை சந்தைப்படுத்தல் முகாமையாளரிடமிருந்து  பெற்றுக்கொள்ளலாம்.
Works and Services related information can be obtained from Works Manager.,வேலைகள் மற்றும் சேவைகள் பற்றிய தகவல்களை வேலைகள் முகாமையாளரிடமிருந்து பெற்றுக்கொள்ளலாம்.
Design and  Fabrication related information can be obtained from Assistant Works Manager(DPB),திட்டங்களை உருவாக்கல் மற்றும் கட்டுமாணங்கள் போன்ற தகவல்களை உதவி வேலைகள் முகாமையாளரிடமிருந்து (டி. பீ. பி.) பெற்றுக்கொள்ளலாம்.
Training related information can be obtained from Training Engineer,பயிற்றுவித்தல் பற்றிய தகவல்களை பயிற்றுவித்தல் பொறியியலாளடமிருந்து பெற்றுக்கொள்ளலாம்.
Procurement Related information can be obtained either from Manager Organization or Supply Engineer.,கொள்வனவு தொடர்பான தகவல்களை முகாமையாளாரிடமிருந்தோ (தாபனம்) வழங்கல் பொறியியலாளரிடமிருந்தோ பெற்றுக்கொள்ளலாம்.
"Materials, Plant  Machinery, Equipments, Work and services required by Government Factory for provision of customer works, products and services are published annually under the registration of suppliers.","அரசாங்கத் தொழிற்சாலையின் வேலைத்தள நெறிப்படுத்தல் நடவடிக்கைகளுக்கு அவசியமான மூலப்பொருட்கள், உபகரணங்கள், கருவிகள், பொறிகள், வேலைகள் மற்றும் தேவைப்படுகின்ற பல்வேறு சேவைகள் ஆண்டுதோறும் வழங்கலாளர்களை பதிவுசெய்யும் வேளையில் அரசாங்கத் தொழிற்சாலையின் வலைத் தளத்தில் பகிரங்கப்படுத்தப்படும்."
Chief Accountant or Accountant Payment can be contacted in relation to payments and expenditure of the customer jobs.,வழங்கலாளர்களுக்கான கொடுப்பனவுகள் மற்றும் வாடிக்கையாளர்களின் அனுப்பாணைகளின் கிரயங்கள் சம்பந்தமான தகவல்களை பிரதம கணக்காளரிடமிருந்தோ  கணக்காளரிடமிருந்தோ பெற்றுக்கொள்ளலாம்.
Informationa regarding the new recruites can be obtained from the information management officer.,புதிய ஆட்சேர்ப்பு தொடர்பான தகவல்களை நிர்வாக உத்தியோகத்தரிடமிருந்து பெற்றுக்கொள்ளலாம்.
"The vision of the Government Factory is to Develop the customer services, both internal and external, to the highest quality in keeping with Global Trends.",வெளிவாரி மற்றும் உள்ளக நுகர்வுச் சேவைகளை உலகளாவிய போக்குகளுக்கு ஒத்துவரக்கூடியதாக தர ரீதியில் உயந்த நிலைக்கு விருத்தி செய்வதே அரசாங்கத் தொழிற்சாலையின் நோக்கு ஆகும்.
Mission,பணி
"Provision of Mechanical Engineering products, Works, services, solutions and Workshop Training in Mechanical Engineering for Tradesmen, Technicians, Undergraduates, Craft Apprentices and Mechanical Engineers","பொறிமுறை எந்திரவியல் துறையின் வேலைகள், உற்பத்தி, மதியுரைச் சேவைகள் மற்றும் பயிலுனர்கள், தொழில்நுணுக்கக் கலைஞர்கள், தொழில்நுட்பக் கலைஞர்கள், பட்டப்படிப்பு பயிலுனர்கள் அத்துடன் பொறிமுறை எந்திரவியலாளர்களுக்கான தொழிற்சாலை, வேலைத்தள உற்பத்திகளையும் வேலைகள் சம்பந்தப்பட்ட செய்முறைப் பயிற்சியை அளித்தல் போன்ற வேலைகளையும் சேவைகளையும் வழங்குதல்."
Products,உற்பத்திகள்
Hospital Furniture,வைத்தியசாலை உபகரணங்கள்
Health sector has been our major customer more than four decades and originally provided mostly steel furniture with painted finish for most of the hospitals.,அரசாங்க வைத்தியசாலைகளுக்கு அவசியமான உருக்கு உபகரணங்கள் நான்கு தசாப்தங்களுக்கு மேலாக தொடர்ச்சியாக வழங்கப்பட்டுள்ளன.
"There are about 30 odd steel items in the standard product list, Variety of Beds, trolleys, cupboards, wheel chairs, Baby cots, and various types of Stands etc.","இத்தகைய 30 வகையான உபகரணங்கள் அதாவது கட்டில்கள், ட்ரொலி வகைகள், சக்கர நாற்காலிகள் மற்றும் பல்வேறு நிலைகள் வர்ணப் பூச்சு பூசப்பட்டு தயாரிக்கப்படுகின்றன."
Some products are made out of Stainless steel with better finish.,ஒரு சில பொருட்கள் துருப்படியாத உருக்கினால் ஆக்கப்பட்டுள்ளன.
Electroplating techniques has also been used for better finish of some products.,ஒரு சில பொருட்கள் இலத்திரனியல் முறையில் முலாம் பூசப்பட்டு மிகவுயர்ந்த முழுநிறைவுடன் வழங்கப்படுகின்றன.
Powder coating of hospital furniture has been introduced since last year for increasing demand for better surface finish and durability from health sector.,வாடிக்கையாளர்கள் எதிர்பார்க்கின்ற உயர்ந்த முழுநிறைவினைப் பெற்றுக்ககொடுப்பதற்காக 2009 ஆம் ஆண்டிலிருந்து பவுடர் முறை முலாம் பூசுதல் தொழில்நுட்பம் அறிமுகஞ் செய்யப்பட்டது.
Product development is always encouraged and our engineers are ready for meeting customer needs in the health Sector,"சுகாதாரத் துறைக்கு அவசியமான பொருட்களை முன்னேற்றகரமானதாக ஆக்கும் பொருட்டு எமது பொறியியலாளர்கள், பொறிமுறை அத்தியட்சகர்களை உள்ளிட்ட திறன்வாய்ந்த ஊழியர்கள் மிகுந்த அக்கறை காட்டுகின்றனர்."
giving consultancy services for preparation of specifications and product development to cater local needs and requirement of general public.,சுகாதாரத் துறைக்கு அவசியமான பொருட்களை முன்னேற்ற வேண்டியதன் அவசியப்பாட்டினை தாமதமின்றி இனங்காணும் பொருட்டு சுகாதார சேவை அதிகாரிகளுடனான தொடர்பாடல் செயற்பாட்டினை நிறைவு செய்வதற்காக நடவடிக்கைகள் மேற்கொள்ளப்பட்டு வருகின்றன.
Order Products,உற்பத்திகள்
Household Tools Furniture,வீட்டுச் சாதனங்களும் தளபாடங்களும்
Laboratory Furniture,விஞ்ஞான ஆய்வுகூடத் தளபாடங்களும் உபகரணங்கள்
We have more than thirty years experience in making and supplying laboratory furniture especially for universities.,முப்பது வருடங்களுக்கு மேலாக பல்கலைக்கழகங்களுக்கு மிகவும் அவசியமான விஞ்ஞான ஆய்வுகூடங்களை அமைத்துப் பொருத்திய அனுபவம் எமக்கு உண்டு.
"Tables, cupboards, stools and other timber furniture are produced on customer request.","வாடிக்கையாளர்களின் தேவைகளுடன் ஒத்துவரத்தக்க வகையில் மரத்திலான ஆய்வுகூட மேசைகள், அலுமாரிகள், தட்டுகள் மற்றும் கேத்திர கணித வரைதலுக்கான உபகரணங்கள் தயாரிக்கப்பட்டு வருகின்றன."
Prices of these items vary with the customers requirements and not included to standard product price list.,விலைமட்டங்கள் நியம உற்பத்தி விலைப்பட்டியலில் உள்ளடக்கப்படவில்லை.
Office Equipment,"அலுவலக உபகரணங்கள்,"
Furniture,தளபாடங்கள்
Products Classification,உற்பத்தி வகைப்படுத்தல்
Water Management Gates and Accessories,நீர் முகாமைத்துவக் கதவுகளும் துணைப்பொருட்களும்
Laboratory Furniture,விஞ்ஞான ஆய்வுகூடத் தளபாடங்களும்
Equipment,உபகரணங்கள்
Road Maintenance Equipment,வீதிப் பராமரிப்பு உபகரணங்கள்
Household Tools and Furniture,வீட்டுச் சாதனங்களும் தளபாடங்களும்
Signage,அடையாளப் பலகைகள்
Powder Coated Products,பவுடர் முறை முலாம் பூசப்பட்ட உற்பத்திகள்
Recruitment Scheme,ஆட்சேர்ப்புத் திட்டம்
Recruitment Scheme -,ஆட்சேர்ப்புத் திட்டம்
Page 2,பக்கம் 2
"Monday, 05 August 2013 09:38","2013 ஆகஸ்ட் 05, திங்கட்கிழமை 09:38"
All Pages,எல்லாப் பக்கங்கள்
"Powder coating  technology has been introduced from 2009 for Steel products, especially hospital furniture.",2009 ஆம் ஆண்டிலிருந்து வைத்தியசாலை உபகரணங்களின் முழுநிறைவினை தரம் மிக்கதாக பெற்றுக்கொள்வது அவசியமானதென்பதால் பவுடர் முறை முலாம் பூசுதல் தொழில்நுட்பம் அறிமுகஞ் செய்யப்பட்டது.
Powder coating gives the products high quality and durability than the color coating.,பவுடர் முறை முலாம் பூசுதலானது வர்ணப் பூச்சினைப் பார்க்கிலும் பொருட்களுக்கு உயர்ந்த தரத்தையும் நீடித்து நிலைக்கும் தன்மையையும் கவர்ச்சிகரமான முழுநிறைவையும் தருகின்றது.
presently the poder coating is done only for the steel products.,தற்போது பவுடர் முறை முலாம் பூசுதல் தொழில்நுட்பம் உருக்கு உற்பத்திப் பொருட்களுக்காக மாத்திரமே பயன்படுத்தப்படுகின்றது.
"Powder coating can be applied to aluminum, steel, cast iron and chrome-plated metals.","அலுமினியம், பித்தளை, துருப்பிடிக்காத உருக்கு மற்றும் பிற உலோக இனங்களுக்காகவும் பவுடர் முறை முலாம் பூசப்படமுடியும்."
Following products or parts of the products can also be powder coated.,கீழே குறிப்பிட்ட பொருட்களுக்கும் பவுடர் முறை முலாம் பூசப்படலாம்.
Home appliances,மனைசார் உபகரணங்களின் பாகங்கள்
Automobile and,மோட்டர் வாகனங்கள் மற்றும்
bicycle parts,துவிச்சக்கரவண்டி பாகங்கள்
"Powder coating use to the anti-corrosion protection for pipeline, valves fittings",குழாய் வழிகளும் அதனோடு தொடர்புடைய வால்வுகளும் பொருத்தப்பட்டுள்ள ஏனைய துணைப் பொருட்களும்.
reinforcing steel,முறுக்கிய உருக்குக் கம்பிகள்
Wires and wire products,கம்பி வலைகள் போன்ற பொருட்கள்
Fences and fencing parts,வேலிகளும் வேலிகளின் பாகங்களும்
Garden products and toold,வீட்டுத்தோட்ட உபகரணங்களும் கருவிகளும்
Price List Of Products,தயாரிப்புகளின் விலைபட்டியல்
Price List,விலைபட்டியல்
PRICE LIST OF STANDARD PRODUCTION ITEMS,சாதாரண உற்பத்திப் பொருட்களின் விலைபட்டியல்
PRICE LIST OF WATER MANAGEMENT EQUIPMENT,நீர்முகாமைத்துவக் கதவுகளினதும் துணைப் பொருட்களினதும் விலைபட்டியல்
"Products, tools and equipments for roads maintenance are manufactured on customer request.","வாடிக்கையாளர்களின் வேண்டுகோளின் பிரகாரம் வீதித்திருத்த வேலைகளுக்கும் பராமரிப்புக்கும் அவசியமான கருவிகள், உபகரணங்கள் மற்றும் பொருட்கள் தயாரிக்கப்பட்டு வருகின்றன."
"Tar Boiler of 60 and 120 Gallon,","60 மற்றும் 120 கலன் கொள்ளளவினையுடைய தார் கொதிகலம்,"
"Tar Patching sets,","தார் போடப்படுகின்ற பெச்சிங் உபகரணங்கள்,"
"Wheel Barrows,","வீல் பரோ,"
Gulley Grating Frame,"கலிகவரும் சட்டகங்களும்,"
"Cover of standard sizes,","சீனச்சட்டி அமுக்கிகள்,"
Manhole Frame Covers rectangular and circular standard sizes,மான்ஹோல் மூடிகளும் சட்டகங்கள் போன்றவை தரப்படுத்தப்பட்ட உற்பத்திப் பொருட்களாகும்.
"these are made out of mild steel sheets, rods, angles, Galvanized Iron pipe, and cast iron using casting, welding, and metal fabrication processes.","இப்பொருட்களைத் தயாரிப்பதற்காக மிருதுவான உருக்குத் தகடுகள், கம்பி, கோணங்கள், கல்வனைஸ் குழாய்கள், சீனச்சட்டி போன்ற மூலப் பொருட்கள் பயன்படுத்தப்படுவதோடு. உலோகக் கட்டுமாணங்களும் காய்ச்சி இணைத்தல் மற்றும் அச்சுவார்ப்பு போன்ற உற்பத்திச் செயற்பாடுகளும் பயன்படுத்தப்படுகின்றன."
"Engraving,","அனைத்து விதமான எழுத்துக்களையும் வெட்டுதல்,"
"Embossing,","பொறித்தல்,"
"drawing,","வரைதல்,"
embossing,"செதுக்குதல்,"
stamping,அச்சுப்பதித்தல்
are used to make the signage,மூலமாக பெயர்ப் பலகைகள் தயாரிக்கப்படுகின்றன.
the Name Boards which were manufactured by us is listed below,எம்மால் தயாரிக்கப்படுகின்ற பெயர்ப் பலகைகள் கீழே குறிப்பிட்டவாறு அமையும்.
digital Name Boards,டிஜிற்றல் பெயர்ப் பலகைகள்
screen print name boards,ஸ்கிறீன் பிறின்ற் பெயர்ப் பலகைகள்
"Brass,","பித்தளை,"
Aluminum or,அலுமினியம் அல்லது
"Stainless Steel,",வெள்ளை இரும்பினாலான
Name Boards made by using the letters,எழுத்துக்களைப் பாவித்து தயாரிக்கப்படுகின்ற பெயர்ப் பலகைகள்
plastic Name boards,பிளாஸ்ரிக் பெயர்ப் பலகைகள்
reflecting roadside signage,உறிஞ்சியொளிரும் வீதியோரப் பெயர்ப் பலகைகள்
"more than that Manufacturing of official signs, remembaral name boards and official signs are manufactured","இதற்கு மேலதிகமாக உத்தியோகபூர்வ சின்னங்கள், ஞாபகார்த்தப் பெயர்ப் பலகைகள் மற்றும் உத்தியோகபூர்வ இலச்சினைகளும் உற்பத்தி செய்யப்படுகின்றன."
Sitemap,தளவரைப்படம்
About Us,எம்மைப் பற்றி
Overview,பிரதான கருமங்கள்
Our Team,எமது அணி
Organization Structure,நிர்வாக அமைப்பு
Key Divisions and Locations,பிரதான பிரிவுகளும் இடங்களும்
Human Resources Strength,மனிதவளத் தரவுகள்
Citizan Charter,பிரசைகள் சாசனம்
Works and Services,கைத்தொழில் மற்றும் சேவைகள்
Water Management Gates Repairs,நீர்முகாமைத்துவக் கதவுகளை திருத்தி அமைத்தல்
Repairs to steel and wooden Roofs,"மரத்தினாலான, உருக்கிலான கூரைகளை திருத்தி அமைத்தல்"
Installation Steel and cast Iron gates and Fencing,"பாதுகாப்பு, அலங்கார வேலிகள் மற்றும் வாயில்களைத் தயாரித்தள்"
Heavy and Light Fabrications,கனரக மற்றும் இலகு கட்டுமாணங்கள்
Ferrous Castings,அச்சுவார்ப்புத் தொழில்
creating office rooms using Aluminum and Wooden Partitioning,அலுமீனியம் மற்றும் வெட்டுமரங்களைப் பயன்படுத்தி அலுவலக அறைகளைத் திருத்துதல்
Light Engineering,இலகு பொறியியல் வேலைகள்
Procurement,கொள்வனவுச் செயற்பாடுகள்
Advanced Procurement Notices,கொள்வனவுக்கு முந்திய அறிவித்தல்
General Procurement Notices,பொது கொள்வனவு அறிவித்தல்கள்
Procurement Awards,அளிக்கப்பட்ட ரென்டர்கள்
Procurement of Goods and Services,பண்டங்களினதும் சேவைகளினதும் கொள்வனவு
Training,பயிற்றுவித்தல்
Ongoing Projects,நடைபெற்றுக்கொண்டிருக்கும் கருத்திட்டங்கள்
Completed Projects,பூர்த்தி செய்த கருத்திட்டங்கள்
FAQs,கேள்வி பதில்
Statistics,புள்ளி விபரங்கள்
Action Plan of Current Projects,நடப்புக் கருத்திட்டங்களின் செயற்பாட்டுத் திட்டங்கள்
Progress Review of Current Projects,நடப்புக் கருத்திட்டங்களின் முன்னேற்ற மீளாய்வு
Progress Reports,நிர்வாக தரவுகள்
Circulars,சுற்றறிக்கைகள்
Price List Of Products,விலைபட்டியல்
Water management gates are used for irrigation system,நீர் முகாமைத்துவக் கதவுகள் பிரதானமாக நீர்ப்பாசன வேலைகளுக்காக பயன்படுத்தப்படுகின்றன.
"Materials used for manufacturing these gates are of Cast Iron, Mild Steel, Structural Steel, Stainless Steel, and Timber depending on the customer needs.","நுகர்வோரின் தேவைகள் மற்றும் சுற்றாடல் நிலைமைகளைக் கவனத்திற் கொண்டு இந்த கதவுகளை உற்பத்தி செய்ய சீனச்சட்டி, மிருதுவான உருக்கு, அமைப்புருக்கு. துருப்பிடிக்காத உருக்கு மற்றும் வெட்டுமரங்கள் பயன்படுத்தப்படுகின்றன."
The types of Gates,வாயில் (கேற்) வகைகள்
"Cast iron sluice gates are of circular opening ranging from 6 inches  to 30 inches, in three inches intervals and used to regulate water levels in cannels.",சீனச்சட்டி நீர் வாயில்கள் 06' முதல் 30' வரையான விட்டமுடைய வட்டமான திறப்பினைக் கொண்ட இக்கதவுகள் பிரதானமாக நீர் விநியோகிக்கப்படுகின்ற சம்பந்தப்பட்ட வழிகளில் பொருத்தப்படுகின்றன.
"These gates consists of various parts such as, housing, seat, slide, base plate, wedge block, brass or gun metal nut, operating handle or wheel, threaded spindle, extension bars, anchor bolts and nuts etc. Cast iron sluice gates are one of our Standard Products.","இந்த நீர் வாயில்களுக்காக பல துணைப் பொருட்கள் உள்ளன இக்கதவுகளைப் பொருத்தி நீரைக் கட்டுப்படுத்தி இயக்குவுதற்காக வட்டமான ஒரு சில்லினைக் கொண்ட கைப்பிடி, பித்தளை அல்லது கன் மெற்றல் பாவித்து வார்ப்பு மூலமாகப் பெறப்பட்ட அச்சாணி மற்றும் இயக்கத் தேவையான பகுதிகளின் தாங்கிகள், பேஸ் தகடுகள், துண்டு வெட்டப்பட்ட இரும்பு ஸ்பின்டலை உள்ளடக்கிய பல துணைப்பொருட்களை ஒன்று சேர்த்து கொங்கிறீற் போட்டு சம்பந்தப்பட்ட வழியில் பொருத்தி வட்ட வடிவமான திறப்பினை திறப்பதன் மூலமும் மூடுவதன் மூலமும் நீர் பாய்ந்தோடுவது கட்டுப்படுத்தப்படுகின்றது."
Radial gates are made out of using Structural Steel and Stainless Steels 316 L grade,ஆரை வடிவ சுளுசுக் கதவுகள் இந்த ஆரை வடிவக் சுளுசுக் கதவுகள் அமைப்புருக்கு மற்றும் துருப்பிடியாத உருக்கினால் உற்பத்தி செய்யப்படுகின்றது.
These Radial gates are used for the following reasons,ஆரை வடிவக் கதவுகள் கீழே குறிப்பிடப்பட்ட கருமங்களுக்காகப் பாவிக்கப்படுகின்றது.
Maintenance of water elevations in canals and spillways,நீர்த் தேக்கங்களிலும் கால்வாய்களிலும் நீர் மட்டத்தை பேணி வருவதற்காக நீர் வழிந்தோடக்கூடிய வகையில் தேக்கி வைக்க இந்த வாயில்கள் பாவிக்கப்படுகின்றன.
Increased storage capacity for reservoirs,நீர்த் தேக்கங்களில் நீரைக் களஞ்சியப்படுத்தும் கொள்ளவினை அதிகரிக்கும் பொருட்டு.
Diversion of water for irrigation,நீர்த்தேக்கத்திலிருந்து நீர்ப்பாசனக் கால்வாய்களுக்கு நீர் பாய்ந்தோடுவதை திருப்புவதற்காகப் பாவிக்கப்படுகின்றன.
Flow control preserving wide clear waterways,மிகவும் அகலமான நீர் வழிகளில் நீர் பாய்ந்து செல்வதைக் கட்டுப்படுத்தவதற்காகப் பாவிக்கப்படுகின்றன.
Other areas requiring economical water control,பொருளாதார ரீதியில் பயனுறுதிமிக்க வகையில் நீரை வேறு பிரதேசங்களுக்கு பகிர்ந்தளிப்பதைக் கட்டுப்படுத்துவதற்காக.
Stop logs are used for level control in open channels,திறந்த நிலையிலுள்ள கால்வாய்களில் நீர் மட்டத்தைக் கட்டுப்படுத்துவதற்காக 'ஸ்ரொப் லொக்' எனப்படுகின்ற வகையைச் சேர்ந்த வாயில்கள் பாவிக்கப்படுகின்றன.
Flap Gates use for Barrages,நன்னீரையும் உவர் நீரையும் பிரிப்பதற்காக 'பிலெப்' வாயில்கள் தடுப்பணைகளில் பாவிக்கப்படுகின்றன.
Emergency gates are used in reservoirs,நீர்த் தேக்கங்களிலிருந்து நீரை வெளியேற்றுவதற்காக அவசர காலக் கதவுகள் பாவிக்கப்படுகின்றன.
"Timber gates are made out of  Kubuk wood,",மரத்தினாலான நீர்க் கதவுகளை அமைப்பதற்காக மருத மரக் குற்றிகள் பரவலாகப் பாவிக்கப்படுகின்றன.
sizes are ranging from 2’x 2’ to up ward,மரத்திலான இக்கதவுகள் 2 x 2 அடிகள் அளவினை உடையதாக தயாரிக்கப்படுகின்றன.
Accessories of Gates,வாயில் துணைப் பொருட்கள்
Accessories of cast iron gates are available for sale.,பயன்பாட்டின் போது தேய்ந்து போகின்ற நீர்க் கதவுகளின் (சீனச்சட்டி) பாகங்களுக்குப் பதிலாக பாவிக்கக்கூடிய நீர்க் கதவுப் பாகங்களையும் துணைப் பொருட்களையும் விலைக்கு வாங்கலாம்
Pedestals and operating mechanisms required for variety of load conditions of gates are also provided.,நீர் முகாமைத்துவ வாயில் நிலைகளையும் உயர்த்துகின்ற பொறிமுறைப் பாகங்களையும் பலவிதமான விசை மிதிப்படிகளின் கீழ்  இயக்க உகந்த வகையில் வழங்கப்படும்.
Finishing of Gates,வாயில்களை முழுநிறைவு செய்தல்
Painting is the main finishing method for all types of gates; depending on the salinity of water the different painting techniques are used.,சகலவிதமான வகைகளைச் சேர்ந்த வாயில்களுக்கும் வர்ணம் பூசுவதன் மூலமாக முழுநிறைவு செய்தாலும் அந்த வாயில்களில் படுகின்ற நீரின் தரத்தைக் கருத்திற் கொண்டு அத்தகைய வாயில்களின் முழுநிறைவு தீர்மானிக்கப்படும்.
For corrosion prevention marine paints are used.,துருப்பிடித்தலை தடுப்பதற்காக மராயின் வர்ணப் பூச்சு பூசப்படுகின்றது.
Galvanizing also is used instead of painting on the request of customers.,ஒரு சில சந்தர்ப்பங்களில் வர்ணப்  பூச்சுக்குப் பதிலாக  கல்வனைஸ் பூசப்படுகின்றது.
"MINISTRY OF HEALTH, NUTRITION AND INDIGENOUS MEDICINE","சுகாதார, போஷணை மற்றும் சுதேச  வைத்திய  அமைச்சு"
Sri Lanka,ஶ்ரீ லங்கா
MINISTRY OF HEALTH,சுகாதார அமைச்சு
Staff Access,ஊழியர் நுழைவு
Government Hospitals,அரச வைத்தியசாலைகள்
Private Hospitals,தனியார் வைத்தியசாலைகள்
Summary,சுருக்கம்
Clinics,மருந்தகங்கள்
Gallery,கலைக் கூடம்
Health Bulletin,சுகாதார வெளியீடு
Telephone Directory,தொ​லைபேசி விபரங்கள்
Contact,தொடர்புகளுக்கு
About Us,எங்களை பற்றி
Our Vision,எமது நோக்கு
Hon. Minister,கெளரவ அமைச்சர்
Hon. Deputy Minister,கெளரவ பிரதி அமைச்சர்
Top Officials,உயர்மட்ட அதிகாரிகள்
Gov. Health Institutions,அரச சுகாதார நிறுவனங்கள்
Hospitals,வைத்தியசாலை
Clinics,சிகிச்சை நிலையம்
PDHS,மா.சு.ப.அ
RDHS,பி.சு.ப.அ
Govermant Health Manpower,அரச சுகாதார மனிதவளம்
GIS Maps,ஜீ.ஐ.எஸ் வரைபடம்
Your Wellbeing,உங்கள் நலன்
Healthy Lifestyle,ஆரோக்கிய வாழ்க்கை முறை
Maternal and Child Health,தாய் சேய் சுகாதாரம்
Immunisation,தடுப்பு மருந்தேற்றல்
Oral Health,வாய் சுகாதாரம்
Our Services,எமது  சேவைகள்
Hospital Based Care,மருத்துவமனை அடிப்படையிலான பாதுகாப்பு
Public Health Services,பொது சுகாதார சேவைகள்
Projects,திட்டங்கள்
Project Progress,திட்ட முன்னேற்றம்
Clinic Survey,மருந்தக மதிப்பீடு
Evaluation - Provincial Ministry,கண்காணிப்பு மற்றும் மதிப்பீடு  - மாகாண அமைச்சு
Evaluation - Line Ministry,கண்காணிப்பு மற்றும் மதிப்பீடு  - மத்திய அமைச்சு
SHSDP Website,எஸ் எச் டீ பீ வலைத்தளம்
Innovation research Projects,கண்டுபிடிப்பு மற்றும் ஆராய்ச்சி திட்டங்கள்
Fellowships,ஆதரவூதியத்திட்டம்
Travel Grants,பயண மானியத்தொகை
Tracking and evaluation,கண்காணிப்பு மற்றும் மதிப்பீடு
Procurement,கொள்முதல்
Vacancy,வெற்றிடம்
Projects in the Pipeline,எதிர்கால  திட்டங்கள்
Public Notices,மக்களுக்கான அறிவித்தல்கள்
Health Alerts,சுகாதார எச்சரிக்கை
Employment Opportunities,வேலை வாய்ப்புகள்
Tenders and Procurement,கேள்விப்பத்திரங்கள் மற்றும் கொள்முதல்
General Notices,பகிரங்க அறிவிப்புகள்
Gazette Notifications,வர்த்தமானி அறிவித்தல்கள்
Research Opportunities,ஆராய்ச்சி வாய்ப்புக்கள்
Online Applications,இணைய மூல  விண்ணப்பங்கள்
Donations Counter,நன்கொடை கருமபீடம்
Travelers Guide,பயணிகள் வழிகாட்டி
Health Services at Ports,துறைமுகத்தில் சுகாதார சேவைகள்
Quarantine Information,தொற்றுத்தடைகாப்புத் தகவல்
Immunization,தடுப்பு மருந்தேற்றல்
Publications,வெளியீடுகள்
Accident,விபத்து
Emergency Care Manual Guidelines,அவசரப் பராமரிப்பு வழிகாட்டுதல்க் கையேடுகள்
List of Publications,வெளியீடுகளின் பட்டியல்
Human Resource Profile,மனித வள விபரம்
"Policies, Strategies and Plans","கொள்கைகள், உத்திகள் மற்றும்  திட்டமிடல்"
Health Master Plan,சுகாதார சிறப்புத் திட்டம்
Published Policies,பிரசுரிக்கப்பட்ட கொள்கைகள்
Policies for Public Opinion,பொது கருத்துக்கான கொள்கைகள்
Annual Health Bulletin,வருடாந்த சுகாதார அறிக்கை
Sri Lanka National Health Accounts 2013,இலங்கை தேசிய சுகாதார கணக்குகள் 2013
Health Statistics,சுகாதார புள்ளிவிபரம்
Health Performance Monitoring Indicators,சுகாதார செயல்திறன் கண்காணிப்பு குறிகாட்டிகள்
Health posters,சுகாதார சுவரொட்டிகள்
"MINISTRY OF HEALTH, NUTRITION AND INDIGENOUS MEDICINE","சுகாதார, போஷணை மற்றும் சுதேச வைத்திய அமைச்சு"
"SUWASIRIPAYA, No 38,","சுவசிரிபாய, இல 38,"
"Rev.Baddegama Wimalawansa Thero Mawatha,","வண.பத்தேகமவிமலவன்ச தேரோ மாவத்தை,"
"Colombo 10,","கொழும்பு 10,"
Sri Lanka.,இலங்கை.
Telephone(General):,தொலைபேசி (பொது):
ABOUT US,எம்மை பற்றி
Our Vision,தூரநோக்கு
Hon Minister,கௌரவ அமைச்சர்
Hon. Deputy Minister,கௌரவ பிரதி அமைச்சர்
Top Officials,உயர் அதிகாரிகள்
GIS Maps,ஜீ ஐ எஸ் வரைபடம்
WEB SYSTEMS,வலை அமைப்பு
HRM System,மனிதவள முகாமைத்துவ அமைப்பு
Web Mail,இணைய அஞ்சல்
Specialist Transfers,விசேட வைத்தியர்களின் இடமாற்றங்கள்
PUBLIC NOTICES,மக்களுக்கான அறிவிப்புக்கள்
General Notices,பொது அறிவிப்புக்கள்
Tenders and Procurement,கேள்விப்பத்திரம் மற்றும் கொள்முதல்
Employment opportunities,வேலை வாய்ப்பு
Gazette Notice,வர்த்தமானி அறிவித்தல்
Online applications,ஆன்லைன் விண்ணப்பங்கள்
Donations Counter,நன்கொடை கருமபீடம்
HOSPITALS,வைத்தியசாலை
Govermant Hospitals,அரச வைத்தியசாலை
Private Hospitals,தனியார் வைத்தியசாலை
STAFF ACCESS,ஊழியர் உள்நுழைவு
Administration,நிர்வாகம்
Training,பயிற்சி
Circulars,சுற்றறிக்கை
Schedule Calendar,நேர அட்டவணை
Research,ஆராய்ச்சி
Staff Notices,ஊழியர் அறிவிப்புக்கள்
Phone Directory,தொலைபேசி விபரக்கொத்து
Download,தரவிறக்கம்
Projects,திட்டம்
VISIT PREVIOUS WEBSITE,பழைய இணையத்தை பார்வையிட
Previous Website,பழைய இணையதளம்
Copy Right @,பதிப்புரிமை பாதுகாக்கப்பட்டது.
Last Update,இறுதியாக இற்றைப்படுத்தப்பட்டது
"MINISTRY OF HEALTH, NUTRITION AND INDIGENOUS MEDICINE","சுகாதார, போஷணை மற்றும் சுதேஷ  வைத்திய  அமைச்சு"
Health Bulletin,அ.கே.கே.
Telephone Directory,தொ.விபரங்கள்
Govt. Health Manpower,அரச சுகாதார மனிதவளம்
GIS Maps,ஜீ ஐ எஸ். வரைபடம்
Hospital Based Care,மருத்துவமனை அடிப்படையிலான பராமரிப்பு
Clinic Survey,மருந்தக ஆய்வு
SHSDP Website,எஸ் எச் எஸ் டீ பீ வலைத்தளம்
Projects in the Future,எதிர்கால  திட்டங்கள்
Annual Health Bulletin,வருடாந்த சுகாதார  அறிக்கை தாள்
"SUWASIRIPAYA, No 38, Rev.","சுவசிரிபாய, இல 38,"
"Baddegama Wimalawansa Thero Mawatha,","வண. பத்தேகமவிமலவன்ச தேரோ மாவத்தை,"
Telephone(General):,தொலைபேசி(பொது):
HRM System,மனிதவள முகாமைத்துவ  அமைப்பு
Specialist Transfers,விசேட இடமாற்றங்கள்
PUBLIC NOTICES,பொதுமக்கள் அறிவிப்புக்கள்
STAFF ACCESS,ஊழியர் அணுகல்
Public Notices,பகிரங்க அறிவிப்புகள்
Employment	Opportunities,வேலை வாய்ப்புகள்
General Notices,பொது அறிவிப்புகள்
Research Opportunities,ஆராய்ச்சி வாய்ப்புகள்
Health Services at Ports,துறை முகத்தில் சுகாதார சேவைகள்
Policies for Public Opinion,கொள்கை _பொதுமக்கள் கருத்து
Annual Health Bulletin,வருடாந்த சுகாதார  அறிக்கை
"Sorry, this page is under construction.",மன்னிக்கவும் இந்த பக்கம் நடைமுறைப்படுத்தப்பட்டுகொண்டிருக்கின்றது
Copy Right @,பதிப்புரிமை @
ANNUAL HEALTH BULLETIN,வருடாந்த சுகாதார  அறிக்கை
Select,தெரிவுசெய்க
All island,இலங்கை முழுவதும்
Anuradapura,அநுராதபுரம்
Gampaha,கம்பகா
Hambanthota,அம்பாந்தோட்டை
Kurunegala,குருநாகலை
Mullaithivu,முல்லைத்தீவு
Nuwara-eliya,நுவரேலியா
Please Select,தயவு செய்து தெரிவுசெய்க
Child clinic,குழந்தைகள் மருந்தகம்
Mediacla clinic,மருத்துவ மருந்தகம்
Other clinic,ஏனைய மருந்தகம்
Sri lankan government hospitals,இலங்கையில் உள்ள அரச மருத்துவமனைகள்
OUR VISSION,எங்கள் தூரநோக்கு
"A healthier nation that contributes to its economic, social, mental and spiritual development.","ஒரு தேசத்தின் பொருளாதாரம், சமூகம், மனஞ்சார்ந்த மற்றும் ஆன்மீக அபிவிருத்திக்கும் தேசத்தின் சுகாதாரம் பாரிய பங்களிப்பை வழங்குதல்."
OUR MISSION,குறிக்கோள்
"To contribute to social and economic development of Sri Lanka by achieving the highest attainable health status through promotive, preventive, curative and rehabilitative services of high quality made available and accessible to people of Sri Lanka.","இலங்கையின் சமூக பொருளாதார, அபிவிருத்திக்கு பங்களிப்பை வழங்குவதற்கு, நோய்த்தடுப்பு, நோய் நீங்கும், மற்றும் உயர்தர சேவைகளை இலங்கை மக்கள் அணுகுவதன் மூலம் உயர்தர அளவிலான சுகாதார நிலையை அடைதல்."
